2026-09-22 07:06:24 Starting Lynis 3.1.6 with PID 8307, build date 2025-10-22
2026-09-22 07:06:24 ====
2026-09-22 07:06:24 ### 2007-2025, CISOfy - https://cisofy.com/lynis/ ###
2026-09-22 07:06:24 Checking permissions of /usr/share/lynis/include/profiles
2026-09-22 07:06:24 File permissions are OK
2026-09-22 07:06:24 Reading profile/configuration /etc/lynis/default.prf
2026-09-22 07:06:24 Action: created temporary file /tmp/lynis.qVKbcVPREm
2026-09-22 07:06:24 Language set via profile to ''
2026-09-22 07:06:24 Plugin 'authentication' enabled according profile (/etc/lynis/default.prf)
2026-09-22 07:06:24 Plugin 'compliance' enabled according profile (/etc/lynis/default.prf)
2026-09-22 07:06:24 Plugin 'configuration' enabled according profile (/etc/lynis/default.prf)
2026-09-22 07:06:24 Plugin 'control-panels' enabled according profile (/etc/lynis/default.prf)
2026-09-22 07:06:24 Plugin 'crypto' enabled according profile (/etc/lynis/default.prf)
2026-09-22 07:06:24 Plugin 'dns' enabled according profile (/etc/lynis/default.prf)
2026-09-22 07:06:24 Plugin 'docker' enabled according profile (/etc/lynis/default.prf)
2026-09-22 07:06:24 Plugin 'file-integrity' enabled according profile (/etc/lynis/default.prf)
2026-09-22 07:06:24 Plugin 'file-systems' enabled according profile (/etc/lynis/default.prf)
2026-09-22 07:06:24 Plugin 'firewalls' enabled according profile (/etc/lynis/default.prf)
2026-09-22 07:06:24 Plugin 'forensics' enabled according profile (/etc/lynis/default.prf)
2026-09-22 07:06:24 Plugin 'hardware' enabled according profile (/etc/lynis/default.prf)
2026-09-22 07:06:24 Plugin 'intrusion-detection' enabled according profile (/etc/lynis/default.prf)
2026-09-22 07:06:24 Plugin 'intrusion-prevention' enabled according profile (/etc/lynis/default.prf)
2026-09-22 07:06:24 Plugin 'kernel' enabled according profile (/etc/lynis/default.prf)
2026-09-22 07:06:24 Plugin 'malware' enabled according profile (/etc/lynis/default.prf)
2026-09-22 07:06:24 Plugin 'memory' enabled according profile (/etc/lynis/default.prf)
2026-09-22 07:06:24 Plugin 'nginx' enabled according profile (/etc/lynis/default.prf)
2026-09-22 07:06:24 Plugin 'pam' enabled according profile (/etc/lynis/default.prf)
2026-09-22 07:06:24 Plugin 'processes' enabled according profile (/etc/lynis/default.prf)
2026-09-22 07:06:24 Plugin 'security-modules' enabled according profile (/etc/lynis/default.prf)
2026-09-22 07:06:24 Plugin 'software' enabled according profile (/etc/lynis/default.prf)
2026-09-22 07:06:24 Plugin 'system-integrity' enabled according profile (/etc/lynis/default.prf)
2026-09-22 07:06:24 Plugin 'systemd' enabled according profile (/etc/lynis/default.prf)
2026-09-22 07:06:24 Plugin 'users' enabled according profile (/etc/lynis/default.prf)
2026-09-22 07:06:24 Plugin 'krb5' enabled according profile (/etc/lynis/default.prf)
2026-09-22 07:06:25 Plugin 'debian' enabled according profile (/etc/lynis/default.prf)
2026-09-22 07:06:26 Set option to default value: NTPD_ROLE --> client
2026-09-22 07:06:26 ====
2026-09-22 07:06:26 EOL check: 255
2026-09-22 07:06:26 Note: the end-of-life of 'Ubuntu 26.04 LTS' could not be checked. Entry is missing in db/software-eol.db?
2026-09-22 07:06:26 Program version:           3.1.6
2026-09-22 07:06:26 Operating system:          Linux
2026-09-22 07:06:26 Operating system name:     Ubuntu
2026-09-22 07:06:26 Operating system version:  26.04
2026-09-22 07:06:26 Kernel version:            7.0.0
2026-09-22 07:06:26 Kernel version (full):     7.0.0-31-generic
2026-09-22 07:06:26 Hardware platform:         x86_64
2026-09-22 07:06:26 -----------------------------------------------------
2026-09-22 07:06:26 Hostname:                  thasina
2026-09-22 07:06:26 Auditor:                   [Not Specified]
2026-09-22 07:06:26 Profiles:                  /etc/lynis/default.prf
2026-09-22 07:06:26 Work directory:            /home/thasina
2026-09-22 07:06:26 Include directory:         /usr/share/lynis/include
2026-09-22 07:06:26 Plugin directory:          /etc/lynis/plugins
2026-09-22 07:06:26 -----------------------------------------------------
2026-09-22 07:06:26 Log file:                  /var/log/lynis.log
2026-09-22 07:06:26 Report file:               /var/log/lynis-report.dat
2026-09-22 07:06:26 Report version:            1.0
2026-09-22 07:06:26 -----------------------------------------------------
2026-09-22 07:06:26 Test category:             all
2026-09-22 07:06:26 Test group:                all
2026-09-22 07:06:26 BusyBox used:              0
2026-09-22 07:06:26 ====
2026-09-22 07:06:26 Test: Checking for program update...
2026-09-22 07:06:26 Upgrade test skipped due profile option set (skip_upgrade_test)
2026-09-22 07:06:26 Current installed version  : 316
2026-09-22 07:06:26 Latest stable version      : 316
2026-09-22 07:06:26 No Lynis update available.
2026-09-22 07:06:32 ====
2026-09-22 07:06:32 Checking permissions of /usr/share/lynis/include/binaries
2026-09-22 07:06:32 File permissions are OK
2026-09-22 07:06:32 ====
2026-09-22 07:06:32 Action: Performing tests from category: System tools
2026-09-22 07:06:32 Start scanning for available audit binaries and tools...
2026-09-22 07:06:32 ====
2026-09-22 07:06:32 Performing test ID CORE-1000 (Check all system binaries)
2026-09-22 07:06:32 Status: Starting binary scan...
2026-09-22 07:06:32 Test: Checking binaries in directory /snap/bin
2026-09-22 07:06:32 Result: Directory /snap/bin does NOT exist
2026-09-22 07:06:32 Test: Checking binaries in directory /bin
2026-09-22 07:06:32 Result: directory exists, but is actually a symlink
2026-09-22 07:06:32 Action: checking symlink for file /bin
2026-09-22 07:06:32 Setting temporary readlinkbinary variable
2026-09-22 07:06:32 Note: Using real readlink binary to determine symlink on /bin
2026-09-22 07:06:32 Result: readlink shows /usr/bin as output
2026-09-22 07:06:32 Result: symlink found, pointing to directory /usr/bin
2026-09-22 07:06:32 Result: found the path behind this symlink (/bin --> /usr/bin)
2026-09-22 07:06:32 Directory /usr/bin exists. Starting directory scanning...
2026-09-22 07:06:32   Found known binary: apt (package manager) - /usr/bin/apt
2026-09-22 07:06:32   Found known binary: as (compiler) - /usr/bin/as
2026-09-22 07:06:32   Found known binary: awk (string tool) - /usr/bin/awk
2026-09-22 07:06:32   Found known binary: base64 (encoding tool) - /usr/bin/base64
2026-09-22 07:06:32   Found known binary: cat (generic file handling) - /usr/bin/cat
2026-09-22 07:06:32   Found known binary: comm (file compare) - /usr/bin/comm
2026-09-22 07:06:32   Found known binary: curl (browser, download utility) - /usr/bin/curl
2026-09-22 07:06:32   Found known binary: cut (text stream editor) - /usr/bin/cut
2026-09-22 07:06:32   Found known binary: dig (network/dns tool) - /usr/bin/dig
2026-09-22 07:06:32   Found known binary: dnsdomainname (DNS domain) - /usr/bin/dnsdomainname
2026-09-22 07:06:32   Found known binary: domainname (NIS domain) - /usr/bin/domainname
2026-09-22 07:06:32   Found known binary: dpkg (package management) - /usr/bin/dpkg
2026-09-22 07:06:32   Found known binary: fail2ban (IPS tool) - /usr/bin/fail2ban-server
2026-09-22 07:06:32   Found known binary: file (file type detection) - /usr/bin/file
2026-09-22 07:06:32   Found known binary: find (search tool) - /usr/bin/find
2026-09-22 07:06:32   Found known binary: getent (query tool for name service switch libraries) - /usr/bin/getent
2026-09-22 07:06:32   Found known binary: grep (text search) - /usr/bin/grep
2026-09-22 07:06:32   Found known binary: gzip (compressing utility) - /usr/bin/gzip
2026-09-22 07:06:32   Found known binary: head (text filter) - /usr/bin/head
2026-09-22 07:06:32   Found known binary: ip (IP configuration) - /usr/bin/ip
2026-09-22 07:06:32   Found known binary: journalctl (systemd journal) - /usr/bin/journalctl
2026-09-22 07:06:32   Found known binary: ls (file listing) - /usr/bin/ls
2026-09-22 07:06:32   Found known binary: lsattr (file attributes) - /usr/bin/lsattr
2026-09-22 07:06:32   Found known binary: lsblk (block devices) - /usr/bin/lsblk
2026-09-22 07:06:32   Found known binary: lsmod (kernel modules) - /usr/bin/lsmod
2026-09-22 07:06:32   Found known binary: lsof (open files) - /usr/bin/lsof
2026-09-22 07:06:32 Note: added -K i to ignore tasks on Linux
2026-09-22 07:06:32   Found known binary: md5sum (hash tool) - /usr/bin/md5sum
2026-09-22 07:06:32   Found known binary: mount (disk utility) - /usr/bin/mount
2026-09-22 07:06:32 Found /usr/bin/openssl (version 3.5.5)
2026-09-22 07:06:32 Found /usr/bin/perl (version 5.40.1)
2026-09-22 07:06:32   Found known binary: pgrep (search in process list) - /usr/bin/pgrep
2026-09-22 07:06:32   Found known binary: ps (process listing) - /usr/bin/ps
2026-09-22 07:06:32 Found known binary: python3 (programming language interpreter) - /usr/bin/python3 (version 3.14.4)
2026-09-22 07:06:32   Found known binary: readlink (follows symlinks) - /usr/bin/readlink
2026-09-22 07:06:32   Found known binary: resolvectl (systemd-resolved DNS resolver manager) - /usr/bin/resolvectl
2026-09-22 07:06:32   Found known binary: sed (text stream editor) - /usr/bin/sed
2026-09-22 07:06:32   Found known binary: sha1/sha1sum/shasum (crypto hashing) - /usr/bin/sha1sum
2026-09-22 07:06:32   Found known binary: sha256/sha256sum (crypto hashing) - /usr/bin/sha256sum
2026-09-22 07:06:32   Found known binary: sha1/sha1sum/shasum (crypto hashing) - /usr/bin/shasum
2026-09-22 07:06:32   Found known binary: sort (sort data streams) - /usr/bin/sort
2026-09-22 07:06:32   Found known binary: ss (show sockets) - /usr/bin/ss
2026-09-22 07:06:32   Found known binary: ssh-keyscan (scanner for SSH keys) - /usr/bin/ssh-keyscan
2026-09-22 07:06:32   Found known binary: stat (file information) - /usr/bin/stat
2026-09-22 07:06:32   Found known binary: strings (text strings search) - /usr/bin/strings
2026-09-22 07:06:32   Found known binary: systemctl (client to systemd) - /usr/bin/systemctl
2026-09-22 07:06:32   Found known binary: systemd-analyze (systemd service analysis tool) - /usr/bin/systemd-analyze
2026-09-22 07:06:32   Found known binary: tail (text filter) - /usr/bin/tail
2026-09-22 07:06:32   Found known binary: timedatectl (timedate client) - /usr/bin/timedatectl
2026-09-22 07:06:32   Found known binary: tr (text transformation) - /usr/bin/tr
2026-09-22 07:06:32   Found known binary: uname (operating system details) - /usr/bin/uname
2026-09-22 07:06:32   Found known binary: uniq (text manipulation utility) - /usr/bin/uniq
2026-09-22 07:06:32   Found known binary: vmtoolsd (VMWare tools) - /usr/bin/vmtoolsd
2026-09-22 07:06:32   Found known binary: wc (word count) - /usr/bin/wc
2026-09-22 07:06:32 Found /usr/bin/wget (version 1.25.0)
2026-09-22 07:06:32   Found known binary: xargs (command output redirection) - /usr/bin/xargs
2026-09-22 07:06:32   Found known binary: zgrep (text search for compressed files) - /usr/bin/zgrep
2026-09-22 07:06:32 Test: Checking binaries in directory /sbin
2026-09-22 07:06:32 Result: directory exists, but is actually a symlink
2026-09-22 07:06:32 Action: checking symlink for file /sbin
2026-09-22 07:06:32 Note: Using real readlink binary to determine symlink on /sbin
2026-09-22 07:06:32 Result: readlink shows /usr/sbin as output
2026-09-22 07:06:32 Result: symlink found, pointing to directory /usr/sbin
2026-09-22 07:06:32 Result: found the path behind this symlink (/sbin --> /usr/sbin)
2026-09-22 07:06:32 Directory /usr/sbin exists. Starting directory scanning...
2026-09-22 07:06:32   Found known binary: aa-status (apparmor component) - /usr/sbin/aa-status
2026-09-22 07:06:32   Found known binary: auditctl (control utility for audit daemon) - /usr/sbin/auditctl
2026-09-22 07:06:32   Found known binary: auditd (audit framework) - /usr/sbin/auditd
2026-09-22 07:06:32   Found known binary: blkid (information about block devices) - /usr/sbin/blkid
2026-09-22 07:06:32   Found known binary: cryptsetup (block device encryption) - /usr/sbin/cryptsetup
2026-09-22 07:06:32   Found known binary: dmidecode (hardware collector tool) - /usr/sbin/dmidecode
2026-09-22 07:06:32   Found known binary: getcap (kernel capabilities) - /usr/sbin/getcap
2026-09-22 07:06:32   Found known binary: grpck (consistency checker) - /usr/sbin/grpck
2026-09-22 07:06:32   Found known binary: integritysetup (dm-integrity setup tool) - /usr/sbin/integritysetup
2026-09-22 07:06:32   Found known binary: ip (IP configuration) - /usr/sbin/ip
2026-09-22 07:06:32   Found known binary: iptables (firewall) - /usr/sbin/iptables
2026-09-22 07:06:32   Found known binary: iptables-save (firewall) - /usr/sbin/iptables-save
2026-09-22 07:06:32   Found known binary: logrotate (log rotation tool) - /usr/sbin/logrotate
2026-09-22 07:06:32   Found known binary: lsmod (kernel modules) - /usr/sbin/lsmod
2026-09-22 07:06:32   Found known binary: lvdisplay (LVM tool) - /usr/sbin/lvdisplay
2026-09-22 07:06:32   Found known binary: modprobe (kernel modules) - /usr/sbin/modprobe
2026-09-22 07:06:32   Found known binary: nft (nftables client) - /usr/sbin/nft
2026-09-22 07:06:32   Found known binary: service (system services) - /usr/sbin/service
2026-09-22 07:06:32 Found /usr/sbin/sshd (version 10.2)
2026-09-22 07:06:32   Found known binary: swapon (swap device tool) - /usr/sbin/swapon
2026-09-22 07:06:32   Found known binary: sysctl (kernel parameters) - /usr/sbin/sysctl
2026-09-22 07:06:32   Found known binary: tune2fs (file system tool) - /usr/sbin/tune2fs
2026-09-22 07:06:32   Found known binary: veritysetup (dm-verity setup tool) - /usr/sbin/veritysetup
2026-09-22 07:06:32   Found known binary: vgdisplay (LVM tool) - /usr/sbin/vgdisplay
2026-09-22 07:06:32 Test: Checking binaries in directory /usr/bin
2026-09-22 07:06:32 Result: Skipping this directory as it was already scanned
2026-09-22 07:06:33 Result: Directory /usr/bin skipped
2026-09-22 07:06:33 Test: Checking binaries in directory /usr/sbin
2026-09-22 07:06:33 Result: Skipping this directory as it was already scanned
2026-09-22 07:06:33 Result: Directory /usr/sbin skipped
2026-09-22 07:06:33 Test: Checking binaries in directory /usr/local/bin
2026-09-22 07:06:33 Directory /usr/local/bin exists. Starting directory scanning...
2026-09-22 07:06:33 Test: Checking binaries in directory /usr/local/sbin
2026-09-22 07:06:33 Directory /usr/local/sbin exists. Starting directory scanning...
2026-09-22 07:06:33 Discovered directories: /usr/bin,/usr/sbin,/usr/local/bin,/usr/local/sbin
2026-09-22 07:06:33 Result: found 1739 binaries including 20 set-uid and 6 set-gid
2026-09-22 07:06:33 Result: set-uid binaries: /usr/bin/chfn /usr/bin/chsh /usr/bin/fusermount /usr/bin/fusermount3 /usr/bin/gpasswd /usr/bin/mount /usr/bin/newgrp /usr/bin/ntfs-3g /usr/bin/passwd /usr/bin/sg /usr/bin/su /usr/bin/su-rs /usr/bin/sudo /usr/bin/sudo-rs /usr/bin/sudo.ws /usr/bin/sudoedit /usr/bin/sudoedit-rs /usr/bin/umount /usr/sbin/mount.ntfs /usr/sbin/mount.ntfs-3g 
2026-09-22 07:06:33 Result: set-gid binaries: /usr/bin/chage /usr/bin/crontab /usr/bin/expiry /usr/bin/ssh-agent /usr/sbin/pam_extrausers_chkpwd /usr/sbin/unix_chkpwd 
2026-09-22 07:06:33 ====
2026-09-22 07:06:33 Informational: package manager is used
2026-09-22 07:06:33 Test: Determine if this system is a virtual machine
2026-09-22 07:06:33 Result: facter utility not found
2026-09-22 07:06:33 Test: trying to guess virtualization technology with systemd-detect-virt
2026-09-22 07:06:33 Result: found oracle
2026-09-22 07:06:33 Result: skipped lscpu test, as we already found machine type
2026-09-22 07:06:33 Result: skipped dmidecode test, as we already found machine type
2026-09-22 07:06:33 Result: skipped processes test, as we already found platform
2026-09-22 07:06:33 Result: skipped Amazon EC2 test, as we already found platform
2026-09-22 07:06:33 Result: skipped sysctl test, as we already found platform
2026-09-22 07:06:33 Result: skipped lshw test, as we already found machine type
2026-09-22 07:06:33 Result: found virtual machine (type: virtualbox, Oracle VM VirtualBox)
2026-09-22 07:06:33 Result: Lynis is not running in container
2026-09-22 07:06:33 Result: system is using systemd
2026-09-22 07:06:33 ====
2026-09-22 07:06:33 Action: Performing plugin tests
2026-09-22 07:06:33 Searching plugins...
2026-09-22 07:06:33 Found plugin file: /etc/lynis/plugins/plugin_debian_phase1
2026-09-22 07:06:33 Action: checking plugin status in profile: /etc/lynis/default.prf
2026-09-22 07:06:33 Result: plugin enabled in profile (/etc/lynis/default.prf)
2026-09-22 07:06:33 Result: plugin debian is enabled
2026-09-22 07:06:33 Checking permissions of /etc/lynis/plugins/plugin_debian_phase1
2026-09-22 07:06:33 File permissions are OK
2026-09-22 07:06:33 Including plugin file: /etc/lynis/plugins/plugin_debian_phase1 (version: 1.0.1)
2026-09-22 07:06:33 ====
2026-09-22 07:06:33 Action: Performing tests from category: Debian Tests
2026-09-22 07:06:33 ====
2026-09-22 07:06:33 Performing test ID DEB-0001 (Check for system binaries required by Debian Tests)
2026-09-22 07:06:33 Status: Starting binary scan...
2026-09-22 07:06:33 Test: Checking binaries in directory /bin
2026-09-22 07:06:33 Directory /bin exists. Starting directory scanning...
2026-09-22 07:06:33 Binary: /bin/3cpio
2026-09-22 07:06:33 Binary: /bin/VGAuthService
2026-09-22 07:06:33 Binary: /bin/[
2026-09-22 07:06:33 Binary: /bin/aa-enabled
2026-09-22 07:06:33 Binary: /bin/aa-exec
2026-09-22 07:06:33 Binary: /bin/aa-features-abi
2026-09-22 07:06:33 Binary: /bin/acpidbg
2026-09-22 07:06:33 Binary: /bin/activate-global-python-argcomplete
2026-09-22 07:06:33 Binary: /bin/add-apt-repository
2026-09-22 07:06:33 Binary: /bin/addpart
2026-09-22 07:06:33 Binary: /bin/addr2line
2026-09-22 07:06:33 Binary: /bin/ansible
2026-09-22 07:06:33 Binary: /bin/ansible-community
2026-09-22 07:06:33 Binary: /bin/ansible-config
2026-09-22 07:06:33 Binary: /bin/ansible-console
2026-09-22 07:06:33 Binary: /bin/ansible-doc
2026-09-22 07:06:33 Binary: /bin/ansible-galaxy
2026-09-22 07:06:33 Binary: /bin/ansible-inventory
2026-09-22 07:06:33 Binary: /bin/ansible-playbook
2026-09-22 07:06:33 Binary: /bin/ansible-pull
2026-09-22 07:06:33 Binary: /bin/ansible-test
2026-09-22 07:06:33 Binary: /bin/ansible-vault
2026-09-22 07:06:33 Binary: /bin/apport-bug
2026-09-22 07:06:33 Binary: /bin/apport-cli
2026-09-22 07:06:33 Binary: /bin/apport-collect
2026-09-22 07:06:33 Binary: /bin/apport-unpack
2026-09-22 07:06:33 Binary: /bin/appstreamcli
2026-09-22 07:06:33 Binary: /bin/apropos
2026-09-22 07:06:33 Binary: /bin/apt
2026-09-22 07:06:33 Binary: /bin/apt-add-repository
2026-09-22 07:06:33 Binary: /bin/apt-cache
2026-09-22 07:06:33 Binary: /bin/apt-cdrom
2026-09-22 07:06:33 Binary: /bin/apt-config
2026-09-22 07:06:33 Binary: /bin/apt-get
2026-09-22 07:06:33 Binary: /bin/apt-mark
2026-09-22 07:06:33 Binary: /bin/ar
2026-09-22 07:06:33 Binary: /bin/arch
2026-09-22 07:06:33 Binary: /bin/as
2026-09-22 07:06:33 Binary: /bin/aulast
2026-09-22 07:06:33 Binary: /bin/aulastlog
2026-09-22 07:06:33 Binary: /bin/ausyscall
2026-09-22 07:06:34 Binary: /bin/automat-visualize3
2026-09-22 07:06:34 Binary: /bin/awk
2026-09-22 07:06:34 Binary: /bin/b2sum
2026-09-22 07:06:34 Binary: /bin/base32
2026-09-22 07:06:34 Binary: /bin/base64
2026-09-22 07:06:34 Binary: /bin/basename
2026-09-22 07:06:34 Binary: /bin/basenc
2026-09-22 07:06:34 Binary: /bin/bash
2026-09-22 07:06:34 Binary: /bin/bashbug
2026-09-22 07:06:34 Binary: /bin/bc
2026-09-22 07:06:34 Binary: /bin/bits
2026-09-22 07:06:34 Binary: /bin/blkzone
2026-09-22 07:06:34 Binary: /bin/boltctl
2026-09-22 07:06:34 Binary: /bin/bpftrace
2026-09-22 07:06:34 Binary: /bin/bpftrace-aotrt
2026-09-22 07:06:34 Binary: /bin/btrfs
2026-09-22 07:06:34 Binary: /bin/btrfs-convert
2026-09-22 07:06:34 Binary: /bin/btrfs-find-root
2026-09-22 07:06:34 Binary: /bin/btrfs-image
2026-09-22 07:06:34 Binary: /bin/btrfs-map-logical
2026-09-22 07:06:34 Binary: /bin/btrfs-select-super
2026-09-22 07:06:34 Binary: /bin/btrfsck
2026-09-22 07:06:34 Binary: /bin/btrfstune
2026-09-22 07:06:34 Binary: /bin/busctl
2026-09-22 07:06:34 Binary: /bin/busybox
2026-09-22 07:06:34 Binary: /bin/c++filt
2026-09-22 07:06:34 Binary: /bin/c_rehash
2026-09-22 07:06:34 Binary: /bin/captoinfo
2026-09-22 07:06:34 Binary: /bin/cat
2026-09-22 07:06:34 Binary: /bin/catman
2026-09-22 07:06:34 Binary: /bin/cftp3
2026-09-22 07:06:34 Binary: /bin/chage
2026-09-22 07:06:34 Binary: /bin/chardet
2026-09-22 07:06:34 Binary: /bin/chardetect
2026-09-22 07:06:34 Binary: /bin/chattr
2026-09-22 07:06:34 Binary: /bin/chcon
2026-09-22 07:06:34 Binary: /bin/chcpu
2026-09-22 07:06:34 Binary: /bin/chfn
2026-09-22 07:06:34 Binary: /bin/chgrp
2026-09-22 07:06:34 Binary: /bin/chmem
2026-09-22 07:06:34 Binary: /bin/chmod
2026-09-22 07:06:34 Binary: /bin/choom
2026-09-22 07:06:34 Binary: /bin/chown
2026-09-22 07:06:34 Binary: /bin/chronyc
2026-09-22 07:06:34 Binary: /bin/chroot
2026-09-22 07:06:34 Binary: /bin/chrt
2026-09-22 07:06:34 Binary: /bin/chsh
2026-09-22 07:06:34 Binary: /bin/chvt
2026-09-22 07:06:34 Binary: /bin/cifsiostat
2026-09-22 07:06:34 Binary: /bin/ckbcomp
2026-09-22 07:06:34 Binary: /bin/ckeygen3
2026-09-22 07:06:34 Binary: /bin/cksum
2026-09-22 07:06:34 Binary: /bin/clear
2026-09-22 07:06:34 Binary: /bin/clear_console
2026-09-22 07:06:34 Binary: /bin/cloud-id
2026-09-22 07:06:34 Binary: /bin/cloud-init
2026-09-22 07:06:34 Binary: /bin/cloud-init-per
2026-09-22 07:06:34 Binary: /bin/cmp
2026-09-22 07:06:34 Binary: /bin/codepage
2026-09-22 07:06:34 Binary: /bin/col
2026-09-22 07:06:34 Binary: /bin/colcrt
2026-09-22 07:06:34 Binary: /bin/colrm
2026-09-22 07:06:34 Binary: /bin/column
2026-09-22 07:06:34 Binary: /bin/comm
2026-09-22 07:06:34 Binary: /bin/conch3
2026-09-22 07:06:34 Binary: /bin/corelist
2026-09-22 07:06:34 Binary: /bin/coresched
2026-09-22 07:06:34 Binary: /bin/coreutils
2026-09-22 07:06:34 Binary: /bin/cp
2026-09-22 07:06:34 Binary: /bin/cpan
2026-09-22 07:06:34 Binary: /bin/cpan5.40-x86_64-linux-gnu
2026-09-22 07:06:34 Binary: /bin/cpio
2026-09-22 07:06:34 Binary: /bin/cpupower
2026-09-22 07:06:34 Binary: /bin/crash
2026-09-22 07:06:34 Binary: /bin/crontab
2026-09-22 07:06:34 Binary: /bin/csplit
2026-09-22 07:06:34 Binary: /bin/ctstat
2026-09-22 07:06:34 Binary: /bin/curl
2026-09-22 07:06:34 Binary: /bin/cut
2026-09-22 07:06:34 Binary: /bin/cvtsudoers.ws
2026-09-22 07:06:34 Binary: /bin/dash
2026-09-22 07:06:34 Binary: /bin/date
2026-09-22 07:06:34 Binary: /bin/dbus-cleanup-sockets
2026-09-22 07:06:34 Binary: /bin/dbus-daemon
2026-09-22 07:06:34 Binary: /bin/dbus-monitor
2026-09-22 07:06:34 Binary: /bin/dbus-run-session
2026-09-22 07:06:34 Binary: /bin/dbus-send
2026-09-22 07:06:34 Binary: /bin/dbus-update-activation-environment
2026-09-22 07:06:34 Binary: /bin/dbus-uuidgen
2026-09-22 07:06:34 Binary: /bin/dbxtool
2026-09-22 07:06:34 Binary: /bin/dd
2026-09-22 07:06:34 Binary: /bin/deallocvt
2026-09-22 07:06:34 Binary: /bin/deb-systemd-helper
2026-09-22 07:06:34 Binary: /bin/deb-systemd-invoke
2026-09-22 07:06:34 Binary: /bin/debconf
2026-09-22 07:06:34 Binary: /bin/debconf-apt-progress
2026-09-22 07:06:34 Binary: /bin/debconf-communicate
2026-09-22 07:06:34 Binary: /bin/debconf-copydb
2026-09-22 07:06:34 Binary: /bin/debconf-escape
2026-09-22 07:06:35 Binary: /bin/debconf-set-selections
2026-09-22 07:06:35 Binary: /bin/debconf-show
2026-09-22 07:06:35 Binary: /bin/debian-distro-info
2026-09-22 07:06:35 Binary: /bin/delpart
2026-09-22 07:06:35 Binary: /bin/delv
2026-09-22 07:06:35 Binary: /bin/df
2026-09-22 07:06:35 Binary: /bin/dh_bash-completion
2026-09-22 07:06:35 Binary: /bin/dh_installxmlcatalogs
2026-09-22 07:06:35 Binary: /bin/diff
2026-09-22 07:06:35 Binary: /bin/diff3
2026-09-22 07:06:35 Binary: /bin/dig
2026-09-22 07:06:35 Binary: /bin/dir
2026-09-22 07:06:35 Binary: /bin/dircolors
2026-09-22 07:06:35 Binary: /bin/dirmngr
2026-09-22 07:06:35 Binary: /bin/dirmngr-client
2026-09-22 07:06:35 Binary: /bin/dirname
2026-09-22 07:06:35 Binary: /bin/distro-info
2026-09-22 07:06:35 Binary: /bin/dmesg
2026-09-22 07:06:35 Binary: /bin/dnsdomainname
2026-09-22 07:06:35 Binary: /bin/do-release-upgrade
2026-09-22 07:06:35 Binary: /bin/domainname
2026-09-22 07:06:35 Binary: /bin/dpkg
2026-09-22 07:06:35 Binary: /bin/dpkg-deb
2026-09-22 07:06:35 Binary: /bin/dpkg-divert
2026-09-22 07:06:35 Binary: /bin/dpkg-maintscript-helper
2026-09-22 07:06:35 Binary: /bin/dpkg-query
2026-09-22 07:06:35 Binary: /bin/dpkg-realpath
2026-09-22 07:06:35 Binary: /bin/dpkg-split
2026-09-22 07:06:35 Binary: /bin/dpkg-statoverride
2026-09-22 07:06:35 Binary: /bin/dpkg-trigger
2026-09-22 07:06:35 Binary: /bin/dracut
2026-09-22 07:06:35 Binary: /bin/dracut-catimages
2026-09-22 07:06:35 Binary: /bin/du
2026-09-22 07:06:35 Binary: /bin/dumpkeys
2026-09-22 07:06:35 Binary: /bin/eatmydata
2026-09-22 07:06:35 Binary: /bin/ec2metadata
2026-09-22 07:06:35 Binary: /bin/echo
2026-09-22 07:06:35 Binary: /bin/ed
2026-09-22 07:06:35 Binary: /bin/editor
2026-09-22 07:06:35 Binary: /bin/egrep
2026-09-22 07:06:35 Binary: /bin/eject
2026-09-22 07:06:35 Binary: /bin/elfedit
2026-09-22 07:06:35 Binary: /bin/enc2xs
2026-09-22 07:06:35 Binary: /bin/encguess
2026-09-22 07:06:35 Binary: /bin/enosys
2026-09-22 07:06:35 Binary: /bin/env
2026-09-22 07:06:35 Binary: /bin/envsubst
2026-09-22 07:06:35 Binary: /bin/eqn
2026-09-22 07:06:35 Binary: /bin/ex
2026-09-22 07:06:35 Binary: /bin/exch
2026-09-22 07:06:35 Binary: /bin/expand
2026-09-22 07:06:35 Binary: /bin/expiry
2026-09-22 07:06:35 Binary: /bin/expr
2026-09-22 07:06:35 Binary: /bin/factor
2026-09-22 07:06:35 Binary: /bin/fadvise
2026-09-22 07:06:35 Binary: /bin/fail2ban-client
2026-09-22 07:06:35 Binary: /bin/fail2ban-python
2026-09-22 07:06:35 Binary: /bin/fail2ban-regex
2026-09-22 07:06:35 Binary: /bin/fail2ban-server
2026-09-22 07:06:35   Found known binary: fail2ban-server (Security tool) - /bin/fail2ban-server
2026-09-22 07:06:35 Binary: /bin/fail2ban-testcases
2026-09-22 07:06:35 Binary: /bin/fallocate
2026-09-22 07:06:35 Binary: /bin/false
2026-09-22 07:06:35 Binary: /bin/fgconsole
2026-09-22 07:06:35 Binary: /bin/fgrep
2026-09-22 07:06:35 Binary: /bin/file
2026-09-22 07:06:35 Binary: /bin/finalrd
2026-09-22 07:06:35 Binary: /bin/fincore
2026-09-22 07:06:35 Binary: /bin/find
2026-09-22 07:06:35 Binary: /bin/findmnt
2026-09-22 07:06:35 Binary: /bin/flock
2026-09-22 07:06:35 Binary: /bin/fmt
2026-09-22 07:06:35 Binary: /bin/fold
2026-09-22 07:06:35 Binary: /bin/free
2026-09-22 07:06:35 Binary: /bin/ftp
2026-09-22 07:06:35 Binary: /bin/fuser
2026-09-22 07:06:35 Binary: /bin/fusermount
2026-09-22 07:06:35 Binary: /bin/fusermount3
2026-09-22 07:06:35 Binary: /bin/fwupdmgr
2026-09-22 07:06:35 Binary: /bin/fwupdtool
2026-09-22 07:06:35 Binary: /bin/gapplication
2026-09-22 07:06:35 Binary: /bin/gawk
2026-09-22 07:06:35 Binary: /bin/gawkbug
2026-09-22 07:06:35 Binary: /bin/gdbus
2026-09-22 07:06:35 Binary: /bin/gencat
2026-09-22 07:06:35 Binary: /bin/geqn
2026-09-22 07:06:35 Binary: /bin/getconf
2026-09-22 07:06:35 Binary: /bin/getent
2026-09-22 07:06:35 Binary: /bin/getkeycodes
2026-09-22 07:06:35 Binary: /bin/getopt
2026-09-22 07:06:35 Binary: /bin/gettext
2026-09-22 07:06:35 Binary: /bin/gettext.sh
2026-09-22 07:06:35 Binary: /bin/ginstall-info
2026-09-22 07:06:35 Binary: /bin/gio
2026-09-22 07:06:35 Binary: /bin/gio-querymodules
2026-09-22 07:06:35 Binary: /bin/git
2026-09-22 07:06:35 Binary: /bin/git-receive-pack
2026-09-22 07:06:35 Binary: /bin/git-shell
2026-09-22 07:06:35 Binary: /bin/git-upload-archive
2026-09-22 07:06:35 Binary: /bin/git-upload-pack
2026-09-22 07:06:35 Binary: /bin/glib-compile-schemas
2026-09-22 07:06:35 Binary: /bin/gnu[
2026-09-22 07:06:35 Binary: /bin/gnuarch
2026-09-22 07:06:36 Binary: /bin/gnub2sum
2026-09-22 07:06:36 Binary: /bin/gnubase32
2026-09-22 07:06:36 Binary: /bin/gnubase64
2026-09-22 07:06:36 Binary: /bin/gnubasename
2026-09-22 07:06:36 Binary: /bin/gnubasenc
2026-09-22 07:06:36 Binary: /bin/gnucat
2026-09-22 07:06:36 Binary: /bin/gnuchcon
2026-09-22 07:06:36 Binary: /bin/gnuchgrp
2026-09-22 07:06:36 Binary: /bin/gnuchmod
2026-09-22 07:06:36 Binary: /bin/gnuchown
2026-09-22 07:06:36 Binary: /bin/gnucksum
2026-09-22 07:06:36 Binary: /bin/gnucomm
2026-09-22 07:06:36 Binary: /bin/gnucp
2026-09-22 07:06:36 Binary: /bin/gnucsplit
2026-09-22 07:06:36 Binary: /bin/gnucut
2026-09-22 07:06:36 Binary: /bin/gnudate
2026-09-22 07:06:36 Binary: /bin/gnudd
2026-09-22 07:06:36 Binary: /bin/gnudf
2026-09-22 07:06:36 Binary: /bin/gnudir
2026-09-22 07:06:36 Binary: /bin/gnudircolors
2026-09-22 07:06:36 Binary: /bin/gnudirname
2026-09-22 07:06:36 Binary: /bin/gnudu
2026-09-22 07:06:36 Binary: /bin/gnuecho
2026-09-22 07:06:36 Binary: /bin/gnuenv
2026-09-22 07:06:36 Binary: /bin/gnuexpand
2026-09-22 07:06:36 Binary: /bin/gnuexpr
2026-09-22 07:06:36 Binary: /bin/gnufactor
2026-09-22 07:06:36 Binary: /bin/gnufalse
2026-09-22 07:06:36 Binary: /bin/gnufmt
2026-09-22 07:06:36 Binary: /bin/gnufold
2026-09-22 07:06:36 Binary: /bin/gnugroups
2026-09-22 07:06:36 Binary: /bin/gnuhead
2026-09-22 07:06:36 Binary: /bin/gnuhostid
2026-09-22 07:06:36 Binary: /bin/gnuid
2026-09-22 07:06:36 Binary: /bin/gnuinstall
2026-09-22 07:06:36 Binary: /bin/gnujoin
2026-09-22 07:06:36 Binary: /bin/gnulink
2026-09-22 07:06:36 Binary: /bin/gnuln
2026-09-22 07:06:36 Binary: /bin/gnulogname
2026-09-22 07:06:36 Binary: /bin/gnuls
2026-09-22 07:06:36 Binary: /bin/gnumd5sum
2026-09-22 07:06:36 Binary: /bin/gnumkdir
2026-09-22 07:06:36 Binary: /bin/gnumkfifo
2026-09-22 07:06:36 Binary: /bin/gnumknod
2026-09-22 07:06:36 Binary: /bin/gnumktemp
2026-09-22 07:06:36 Binary: /bin/gnumv
2026-09-22 07:06:36 Binary: /bin/gnunice
2026-09-22 07:06:36 Binary: /bin/gnunl
2026-09-22 07:06:36 Binary: /bin/gnunohup
2026-09-22 07:06:36 Binary: /bin/gnunproc
2026-09-22 07:06:36 Binary: /bin/gnunumfmt
2026-09-22 07:06:36 Binary: /bin/gnuod
2026-09-22 07:06:36 Binary: /bin/gnupaste
2026-09-22 07:06:36 Binary: /bin/gnupathchk
2026-09-22 07:06:36 Binary: /bin/gnupinky
2026-09-22 07:06:36 Binary: /bin/gnupr
2026-09-22 07:06:36 Binary: /bin/gnuprintenv
2026-09-22 07:06:37 Binary: /bin/gnuprintf
2026-09-22 07:06:37 Binary: /bin/gnuptx
2026-09-22 07:06:37 Binary: /bin/gnupwd
2026-09-22 07:06:37 Binary: /bin/gnureadlink
2026-09-22 07:06:37 Binary: /bin/gnurealpath
2026-09-22 07:06:37 Binary: /bin/gnurm
2026-09-22 07:06:37 Binary: /bin/gnurmdir
2026-09-22 07:06:37 Binary: /bin/gnuruncon
2026-09-22 07:06:37 Binary: /bin/gnuseq
2026-09-22 07:06:37 Binary: /bin/gnusha1sum
2026-09-22 07:06:37 Binary: /bin/gnusha224sum
2026-09-22 07:06:37 Binary: /bin/gnusha256sum
2026-09-22 07:06:37 Binary: /bin/gnusha384sum
2026-09-22 07:06:37 Binary: /bin/gnusha512sum
2026-09-22 07:06:37 Binary: /bin/gnushred
2026-09-22 07:06:37 Binary: /bin/gnushuf
2026-09-22 07:06:37 Binary: /bin/gnusleep
2026-09-22 07:06:37 Binary: /bin/gnusort
2026-09-22 07:06:37 Binary: /bin/gnusplit
2026-09-22 07:06:37 Binary: /bin/gnustat
2026-09-22 07:06:37 Binary: /bin/gnustdbuf
2026-09-22 07:06:37 Binary: /bin/gnustty
2026-09-22 07:06:37 Binary: /bin/gnusum
2026-09-22 07:06:37 Binary: /bin/gnusync
2026-09-22 07:06:37 Binary: /bin/gnutac
2026-09-22 07:06:37 Binary: /bin/gnutail
2026-09-22 07:06:37 Binary: /bin/gnutee
2026-09-22 07:06:37 Binary: /bin/gnutest
2026-09-22 07:06:37 Binary: /bin/gnutimeout
2026-09-22 07:06:37 Binary: /bin/gnutouch
2026-09-22 07:06:37 Binary: /bin/gnutr
2026-09-22 07:06:37 Binary: /bin/gnutrue
2026-09-22 07:06:37 Binary: /bin/gnutruncate
2026-09-22 07:06:37 Binary: /bin/gnutsort
2026-09-22 07:06:37 Binary: /bin/gnutty
2026-09-22 07:06:37 Binary: /bin/gnuuname
2026-09-22 07:06:37 Binary: /bin/gnuunexpand
2026-09-22 07:06:37 Binary: /bin/gnuuniq
2026-09-22 07:06:37 Binary: /bin/gnuunlink
2026-09-22 07:06:37 Binary: /bin/gnuusers
2026-09-22 07:06:37 Binary: /bin/gnuvdir
2026-09-22 07:06:37 Binary: /bin/gnuwc
2026-09-22 07:06:37 Binary: /bin/gnuwho
2026-09-22 07:06:37 Binary: /bin/gnuwhoami
2026-09-22 07:06:37 Binary: /bin/gnuyes
2026-09-22 07:06:37 Binary: /bin/gp-archive
2026-09-22 07:06:37 Binary: /bin/gp-collect-app
2026-09-22 07:06:37 Binary: /bin/gp-display-html
2026-09-22 07:06:37 Binary: /bin/gp-display-src
2026-09-22 07:06:37 Binary: /bin/gp-display-text
2026-09-22 07:06:37 Binary: /bin/gpasswd
2026-09-22 07:06:37 Binary: /bin/gpg
2026-09-22 07:06:37 Binary: /bin/gpg-agent
2026-09-22 07:06:37 Binary: /bin/gpg-connect-agent
2026-09-22 07:06:37 Binary: /bin/gpg-mail-tube
2026-09-22 07:06:37 Binary: /bin/gpg-wks-client
2026-09-22 07:06:37 Binary: /bin/gpgconf
2026-09-22 07:06:37 Binary: /bin/gpgparsemail
2026-09-22 07:06:37 Binary: /bin/gpgsm
2026-09-22 07:06:37 Binary: /bin/gpgsplit
2026-09-22 07:06:37 Binary: /bin/gpgtar
2026-09-22 07:06:37 Binary: /bin/gpgv
2026-09-22 07:06:37 Binary: /bin/gpic
2026-09-22 07:06:37 Binary: /bin/gprof
2026-09-22 07:06:38 Binary: /bin/gprofng
2026-09-22 07:06:38 Binary: /bin/gprofng-archive
2026-09-22 07:06:38 Binary: /bin/gprofng-collect-app
2026-09-22 07:06:38 Binary: /bin/gprofng-display-html
2026-09-22 07:06:38 Binary: /bin/gprofng-display-src
2026-09-22 07:06:38 Binary: /bin/gprofng-display-text
2026-09-22 07:06:38 Binary: /bin/gprofng-gmon
2026-09-22 07:06:38 Binary: /bin/gpu-manager
2026-09-22 07:06:38 Binary: /bin/grep
2026-09-22 07:06:38 Binary: /bin/gresource
2026-09-22 07:06:38 Binary: /bin/groff
2026-09-22 07:06:38 Binary: /bin/grog
2026-09-22 07:06:38 Binary: /bin/grops
2026-09-22 07:06:38 Binary: /bin/grotty
2026-09-22 07:06:38 Binary: /bin/groups
2026-09-22 07:06:38 Binary: /bin/growpart
2026-09-22 07:06:38 Binary: /bin/grub-editenv
2026-09-22 07:06:38 Binary: /bin/grub-file
2026-09-22 07:06:38 Binary: /bin/grub-fstest
2026-09-22 07:06:38 Binary: /bin/grub-glue-efi
2026-09-22 07:06:38 Binary: /bin/grub-kbdcomp
2026-09-22 07:06:38 Binary: /bin/grub-menulst2cfg
2026-09-22 07:06:38 Binary: /bin/grub-mkfont
2026-09-22 07:06:38 Binary: /bin/grub-mkimage
2026-09-22 07:06:38 Binary: /bin/grub-mklayout
2026-09-22 07:06:38 Binary: /bin/grub-mknetdir
2026-09-22 07:06:38 Binary: /bin/grub-mkpasswd-pbkdf2
2026-09-22 07:06:38 Binary: /bin/grub-mkrelpath
2026-09-22 07:06:38 Binary: /bin/grub-mkrescue
2026-09-22 07:06:38 Binary: /bin/grub-mkstandalone
2026-09-22 07:06:38 Binary: /bin/grub-mount
2026-09-22 07:06:38 Binary: /bin/grub-ntldr-img
2026-09-22 07:06:38 Binary: /bin/grub-render-label
2026-09-22 07:06:38 Binary: /bin/grub-script-check
2026-09-22 07:06:38 Binary: /bin/grub-syslinux2cfg
2026-09-22 07:06:38 Binary: /bin/gsettings
2026-09-22 07:06:38 Binary: /bin/gtbl
2026-09-22 07:06:38 Binary: /bin/gunzip
2026-09-22 07:06:38 Binary: /bin/gzexe
2026-09-22 07:06:38 Binary: /bin/gzip
2026-09-22 07:06:38 Binary: /bin/h2ph
2026-09-22 07:06:38 Binary: /bin/h2xs
2026-09-22 07:06:38 Binary: /bin/hardlink
2026-09-22 07:06:38 Binary: /bin/hashsum
2026-09-22 07:06:38 Binary: /bin/hd
2026-09-22 07:06:38 Binary: /bin/head
2026-09-22 07:06:38 Binary: /bin/helpztags
2026-09-22 07:06:38 Binary: /bin/hexdump
2026-09-22 07:06:38 Binary: /bin/host
2026-09-22 07:06:38 Binary: /bin/hostid
2026-09-22 07:06:38 Binary: /bin/hostname
2026-09-22 07:06:38 Binary: /bin/hostnamectl
2026-09-22 07:06:38 Binary: /bin/htop
2026-09-22 07:06:38 Binary: /bin/hwctl
2026-09-22 07:06:38 Binary: /bin/hwe-support-status
2026-09-22 07:06:38 Binary: /bin/i386
2026-09-22 07:06:38 Binary: /bin/iconv
2026-09-22 07:06:38 Binary: /bin/id
2026-09-22 07:06:38 Binary: /bin/inetutils-telnet
2026-09-22 07:06:38 Binary: /bin/info
2026-09-22 07:06:38 Binary: /bin/infobrowser
2026-09-22 07:06:38 Binary: /bin/infocmp
2026-09-22 07:06:39 Binary: /bin/infotocap
2026-09-22 07:06:39 Binary: /bin/install
2026-09-22 07:06:39 Binary: /bin/install-info
2026-09-22 07:06:39 Binary: /bin/install-menu
2026-09-22 07:06:39 Binary: /bin/instmodsh
2026-09-22 07:06:39 Binary: /bin/ionice
2026-09-22 07:06:39 Binary: /bin/iostat
2026-09-22 07:06:39 Binary: /bin/ip
2026-09-22 07:06:39 Binary: /bin/ipcmk
2026-09-22 07:06:39 Binary: /bin/ipcrm
2026-09-22 07:06:39 Binary: /bin/ipcs
2026-09-22 07:06:39 Binary: /bin/iptables-xml
2026-09-22 07:06:39 Binary: /bin/ischroot
2026-09-22 07:06:39 Binary: /bin/iscsiadm
2026-09-22 07:06:39 Binary: /bin/isosize
2026-09-22 07:06:39 Binary: /bin/join
2026-09-22 07:06:39 Binary: /bin/journalctl
2026-09-22 07:06:39 Binary: /bin/jq
2026-09-22 07:06:39 Binary: /bin/json-patch-jsondiff
2026-09-22 07:06:39 Binary: /bin/json_pp
2026-09-22 07:06:39 Binary: /bin/jsondiff
2026-09-22 07:06:39 Binary: /bin/jsonpatch
2026-09-22 07:06:39 Binary: /bin/jsonpointer
2026-09-22 07:06:39 Binary: /bin/jsonschema
2026-09-22 07:06:39 Binary: /bin/kbd_mode
2026-09-22 07:06:39 Binary: /bin/kbdinfo
2026-09-22 07:06:39 Binary: /bin/kbxutil
2026-09-22 07:06:39 Binary: /bin/kernel-install
2026-09-22 07:06:39 Binary: /bin/kill
2026-09-22 07:06:39 Binary: /bin/killall
2026-09-22 07:06:39 Binary: /bin/kmod
2026-09-22 07:06:39 Binary: /bin/kmodsign
2026-09-22 07:06:39 Binary: /bin/landscape-sysinfo
2026-09-22 07:06:39 Binary: /bin/ld
2026-09-22 07:06:39 Binary: /bin/ld.bfd
2026-09-22 07:06:39 Binary: /bin/ld.so
2026-09-22 07:06:39 Binary: /bin/ldattach
2026-09-22 07:06:39 Binary: /bin/ldd
2026-09-22 07:06:39 Binary: /bin/less
2026-09-22 07:06:39 Binary: /bin/lessecho
2026-09-22 07:06:39 Binary: /bin/lessfile
2026-09-22 07:06:39 Binary: /bin/lesskey
2026-09-22 07:06:39 Binary: /bin/lesspipe
2026-09-22 07:06:39 Binary: /bin/lexgrog
2026-09-22 07:06:39 Binary: /bin/libnetcfg
2026-09-22 07:06:39 Binary: /bin/link
2026-09-22 07:06:39 Binary: /bin/linux-boot-prober
2026-09-22 07:06:39 Binary: /bin/linux-check-removal
2026-09-22 07:06:39 Binary: /bin/linux-run-hooks
2026-09-22 07:06:39 Binary: /bin/linux-update-symlinks
2026-09-22 07:06:39 Binary: /bin/linux-version
2026-09-22 07:06:39 Binary: /bin/linux32
2026-09-22 07:06:39 Binary: /bin/linux64
2026-09-22 07:06:39 Binary: /bin/ln
2026-09-22 07:06:39 Binary: /bin/lnstat
2026-09-22 07:06:39 Binary: /bin/loadkeys
2026-09-22 07:06:39 Binary: /bin/loadunimap
2026-09-22 07:06:39 Binary: /bin/locale
2026-09-22 07:06:39 Binary: /bin/locale-check
2026-09-22 07:06:39 Binary: /bin/localectl
2026-09-22 07:06:39 Binary: /bin/localedef
2026-09-22 07:06:39 Binary: /bin/logger
2026-09-22 07:06:39 Binary: /bin/login
2026-09-22 07:06:39 Binary: /bin/loginctl
2026-09-22 07:06:40 Binary: /bin/logname
2026-09-22 07:06:40 Binary: /bin/look
2026-09-22 07:06:40 Binary: /bin/lowntfs-3g
2026-09-22 07:06:40 Binary: /bin/ls
2026-09-22 07:06:40 Binary: /bin/lsattr
2026-09-22 07:06:40 Binary: /bin/lsb_release
2026-09-22 07:06:40 Binary: /bin/lsblk
2026-09-22 07:06:40 Binary: /bin/lsclocks
2026-09-22 07:06:40 Binary: /bin/lscpu
2026-09-22 07:06:40 Binary: /bin/lsfd
2026-09-22 07:06:40 Binary: /bin/lshw
2026-09-22 07:06:40 Binary: /bin/lsinitramfs
2026-09-22 07:06:40 Binary: /bin/lsinitrd
2026-09-22 07:06:40 Binary: /bin/lsipc
2026-09-22 07:06:40 Binary: /bin/lsirq
2026-09-22 07:06:40 Binary: /bin/lslocks
2026-09-22 07:06:40 Binary: /bin/lslogins
2026-09-22 07:06:40 Binary: /bin/lsmem
2026-09-22 07:06:40 Binary: /bin/lsmod
2026-09-22 07:06:40 Binary: /bin/lsns
2026-09-22 07:06:40 Binary: /bin/lsof
2026-09-22 07:06:40 Binary: /bin/lspci
2026-09-22 07:06:40 Binary: /bin/lspgpot
2026-09-22 07:06:40 Binary: /bin/lspower
2026-09-22 07:06:40 Binary: /bin/lsusb
2026-09-22 07:06:40 Binary: /bin/lzcat
2026-09-22 07:06:40 Binary: /bin/lzcmp
2026-09-22 07:06:40 Binary: /bin/lzdiff
2026-09-22 07:06:40 Binary: /bin/lzegrep
2026-09-22 07:06:40 Binary: /bin/lzfgrep
2026-09-22 07:06:40 Binary: /bin/lzgrep
2026-09-22 07:06:40 Binary: /bin/lzless
2026-09-22 07:06:40 Binary: /bin/lzma
2026-09-22 07:06:40 Binary: /bin/lzmainfo
2026-09-22 07:06:40 Binary: /bin/lzmore
2026-09-22 07:06:40 Binary: /bin/mailmail3
2026-09-22 07:06:40 Binary: /bin/makedumpfile
2026-09-22 07:06:40 Binary: /bin/makedumpfile-R.pl
2026-09-22 07:06:40 Binary: /bin/man
2026-09-22 07:06:40 Binary: /bin/man-recode
2026-09-22 07:06:40 Binary: /bin/mandb
2026-09-22 07:06:40 Binary: /bin/manpath
2026-09-22 07:06:40 Binary: /bin/mapscrn
2026-09-22 07:06:40 Binary: /bin/markdown-it
2026-09-22 07:06:40 Binary: /bin/mawk
2026-09-22 07:06:40 Binary: /bin/mbim-network
2026-09-22 07:06:40 Binary: /bin/mbimcli
2026-09-22 07:06:40 Binary: /bin/mcookie
2026-09-22 07:06:40 Binary: /bin/md5sum
2026-09-22 07:06:40 Binary: /bin/mdig
2026-09-22 07:06:40 Binary: /bin/memhog
2026-09-22 07:06:40 Binary: /bin/migrate-pubring-from-classic-gpg
2026-09-22 07:06:40 Binary: /bin/migratepages
2026-09-22 07:06:40 Binary: /bin/migspeed
2026-09-22 07:06:40 Binary: /bin/mk_modmap
2026-09-22 07:06:40 Binary: /bin/mkdir
2026-09-22 07:06:40 Binary: /bin/mkfifo
2026-09-22 07:06:40 Binary: /bin/mknod
2026-09-22 07:06:40 Binary: /bin/mkpasswd
2026-09-22 07:06:40 Binary: /bin/mksquashfs
2026-09-22 07:06:40 Binary: /bin/mktemp
2026-09-22 07:06:40 Binary: /bin/mmcli
2026-09-22 07:06:41 Binary: /bin/mokutil
2026-09-22 07:06:41 Binary: /bin/more
2026-09-22 07:06:41 Binary: /bin/mount
2026-09-22 07:06:41   Fount known binary: mount (File system tool) - /bin/mount
2026-09-22 07:06:41 Binary: /bin/mountpoint
2026-09-22 07:06:41 Binary: /bin/mpstat
2026-09-22 07:06:41 Binary: /bin/mt
2026-09-22 07:06:41 Binary: /bin/mt-gnu
2026-09-22 07:06:41 Binary: /bin/mtr
2026-09-22 07:06:41 Binary: /bin/mtr-packet
2026-09-22 07:06:41 Binary: /bin/mv
2026-09-22 07:06:41 Binary: /bin/namei
2026-09-22 07:06:41 Binary: /bin/nano
2026-09-22 07:06:41 Binary: /bin/nawk
2026-09-22 07:06:41 Binary: /bin/nc
2026-09-22 07:06:41 Binary: /bin/nc.openbsd
2026-09-22 07:06:41 Binary: /bin/neqn
2026-09-22 07:06:41 Binary: /bin/netaddr
2026-09-22 07:06:41 Binary: /bin/netcat
2026-09-22 07:06:41 Binary: /bin/netshaper
2026-09-22 07:06:41 Binary: /bin/networkctl
2026-09-22 07:06:41 Binary: /bin/networkd-dispatcher
2026-09-22 07:06:41 Binary: /bin/newgrp
2026-09-22 07:06:41 Binary: /bin/ngettext
2026-09-22 07:06:41 Binary: /bin/nice
2026-09-22 07:06:41 Binary: /bin/nisdomainname
2026-09-22 07:06:41 Binary: /bin/nl
2026-09-22 07:06:41 Binary: /bin/nm
2026-09-22 07:06:41 Binary: /bin/nohup
2026-09-22 07:06:41 Binary: /bin/nproc
2026-09-22 07:06:41 Binary: /bin/nroff
2026-09-22 07:06:41 Binary: /bin/nsenter
2026-09-22 07:06:41 Binary: /bin/nslookup
2026-09-22 07:06:41 Binary: /bin/nstat
2026-09-22 07:06:41 Binary: /bin/nsupdate
2026-09-22 07:06:41 Binary: /bin/ntfs-3g
2026-09-22 07:06:41 Binary: /bin/ntfs-3g.probe
2026-09-22 07:06:41 Binary: /bin/ntfscat
2026-09-22 07:06:41 Binary: /bin/ntfscluster
2026-09-22 07:06:41 Binary: /bin/ntfscmp
2026-09-22 07:06:41 Binary: /bin/ntfsdecrypt
2026-09-22 07:06:41 Binary: /bin/ntfsfallocate
2026-09-22 07:06:41 Binary: /bin/ntfsfix
2026-09-22 07:06:41 Binary: /bin/ntfsinfo
2026-09-22 07:06:41 Binary: /bin/ntfsls
2026-09-22 07:06:41 Binary: /bin/ntfsmove
2026-09-22 07:06:41 Binary: /bin/ntfsrecover
2026-09-22 07:06:41 Binary: /bin/ntfssecaudit
2026-09-22 07:06:41 Binary: /bin/ntfstruncate
2026-09-22 07:06:41 Binary: /bin/ntfsusermap
2026-09-22 07:06:41 Binary: /bin/ntfswipe
2026-09-22 07:06:41 Binary: /bin/numactl
2026-09-22 07:06:41 Binary: /bin/numastat
2026-09-22 07:06:41 Binary: /bin/numfmt
2026-09-22 07:06:41 Binary: /bin/objcopy
2026-09-22 07:06:41 Binary: /bin/objdump
2026-09-22 07:06:41 Binary: /bin/od
2026-09-22 07:06:41 Binary: /bin/oem-getlogs
2026-09-22 07:06:41 Binary: /bin/on_ac_power
2026-09-22 07:06:41 Binary: /bin/openssl
2026-09-22 07:06:41 Binary: /bin/openvt
2026-09-22 07:06:41 Binary: /bin/os-prober
2026-09-22 07:06:41 Binary: /bin/pager
2026-09-22 07:06:41 Binary: /bin/partx
2026-09-22 07:06:42 Binary: /bin/passwd
2026-09-22 07:06:42 Binary: /bin/paste
2026-09-22 07:06:42 Binary: /bin/patch
2026-09-22 07:06:42 Binary: /bin/pathchk
2026-09-22 07:06:42 Binary: /bin/pcilmr
2026-09-22 07:06:42 Binary: /bin/pdb3
2026-09-22 07:06:42 Binary: /bin/pdb3.14
2026-09-22 07:06:42 Binary: /bin/peekfd
2026-09-22 07:06:42 Binary: /bin/perf
2026-09-22 07:06:42 Binary: /bin/perl
2026-09-22 07:06:42 Binary: /bin/perl5.40-x86_64-linux-gnu
2026-09-22 07:06:42 Binary: /bin/perl5.40.1
2026-09-22 07:06:42 Binary: /bin/perlbug
2026-09-22 07:06:42 Binary: /bin/perldoc
2026-09-22 07:06:42 Binary: /bin/perlivp
2026-09-22 07:06:42 Binary: /bin/perlthanks
2026-09-22 07:06:42 Binary: /bin/pgrep
2026-09-22 07:06:42 Binary: /bin/pic
2026-09-22 07:06:42 Binary: /bin/pico
2026-09-22 07:06:42 Binary: /bin/piconv
2026-09-22 07:06:42 Binary: /bin/pidof
2026-09-22 07:06:42 Binary: /bin/pidstat
2026-09-22 07:06:42 Binary: /bin/pidwait
2026-09-22 07:06:42 Binary: /bin/pinentry
2026-09-22 07:06:42 Binary: /bin/pinentry-curses
2026-09-22 07:06:42 Binary: /bin/ping
2026-09-22 07:06:42 Binary: /bin/ping4
2026-09-22 07:06:42 Binary: /bin/ping6
2026-09-22 07:06:42 Binary: /bin/pinky
2026-09-22 07:06:42 Binary: /bin/pipesz
2026-09-22 07:06:42 Binary: /bin/pivot_root
2026-09-22 07:06:42 Binary: /bin/pkaction
2026-09-22 07:06:42 Binary: /bin/pkcheck
2026-09-22 07:06:42 Binary: /bin/pkgcli
2026-09-22 07:06:42 Binary: /bin/pkill
2026-09-22 07:06:42 Binary: /bin/pkttyagent
2026-09-22 07:06:42 Binary: /bin/pl2pm
2026-09-22 07:06:42 Binary: /bin/pldd
2026-09-22 07:06:42 Binary: /bin/plymouth
2026-09-22 07:06:42 Binary: /bin/pmap
2026-09-22 07:06:42 Binary: /bin/pod2html
2026-09-22 07:06:42 Binary: /bin/pod2man
2026-09-22 07:06:42 Binary: /bin/pod2text
2026-09-22 07:06:42 Binary: /bin/pod2usage
2026-09-22 07:06:42 Binary: /bin/podchecker
2026-09-22 07:06:42 Binary: /bin/pollinate
2026-09-22 07:06:42 Binary: /bin/pr
2026-09-22 07:06:42 Binary: /bin/preconv
2026-09-22 07:06:42 Binary: /bin/printenv
2026-09-22 07:06:42 Binary: /bin/printf
2026-09-22 07:06:42 Binary: /bin/prlimit
2026-09-22 07:06:42 Binary: /bin/pro
2026-09-22 07:06:42 Binary: /bin/prove
2026-09-22 07:06:42 Binary: /bin/prtstat
2026-09-22 07:06:42 Binary: /bin/ps
2026-09-22 07:06:42 Binary: /bin/psfaddtable
2026-09-22 07:06:42 Binary: /bin/psfgettable
2026-09-22 07:06:42 Binary: /bin/psfstriptable
2026-09-22 07:06:42 Binary: /bin/psfxtable
2026-09-22 07:06:42 Binary: /bin/pslog
2026-09-22 07:06:42 Binary: /bin/pstree
2026-09-22 07:06:42 Binary: /bin/pstree.x11
2026-09-22 07:06:43 Binary: /bin/ptar
2026-09-22 07:06:43 Binary: /bin/ptardiff
2026-09-22 07:06:43 Binary: /bin/ptargrep
2026-09-22 07:06:43 Binary: /bin/ptx
2026-09-22 07:06:43 Binary: /bin/pwd
2026-09-22 07:06:43 Binary: /bin/pwdx
2026-09-22 07:06:43 Binary: /bin/py3clean
2026-09-22 07:06:43 Binary: /bin/py3compile
2026-09-22 07:06:43 Binary: /bin/py3versions
2026-09-22 07:06:43 Binary: /bin/pybabel
2026-09-22 07:06:43 Binary: /bin/pybabel-python3
2026-09-22 07:06:43 Binary: /bin/pydoc3
2026-09-22 07:06:43 Binary: /bin/pydoc3.14
2026-09-22 07:06:43 Binary: /bin/pygettext3
2026-09-22 07:06:43 Binary: /bin/pygettext3.14
2026-09-22 07:06:43 Binary: /bin/pygmentize
2026-09-22 07:06:43 Binary: /bin/pyhtmlizer3
2026-09-22 07:06:43 Binary: /bin/pyserial-miniterm
2026-09-22 07:06:43 Binary: /bin/pyserial-ports
2026-09-22 07:06:43 Binary: /bin/pyspnego-parse
2026-09-22 07:06:43 Binary: /bin/python-argcomplete-check-easy-install-script
2026-09-22 07:06:43 Binary: /bin/python3
2026-09-22 07:06:43 Binary: /bin/python3.14
2026-09-22 07:06:43 Binary: /bin/pzstd
2026-09-22 07:06:43 Binary: /bin/qmi-firmware-update
2026-09-22 07:06:43 Binary: /bin/qmi-network
2026-09-22 07:06:43 Binary: /bin/qmicli
2026-09-22 07:06:43 Binary: /bin/quirks-handler
2026-09-22 07:06:43 Binary: /bin/ranlib
2026-09-22 07:06:43 Binary: /bin/rbash
2026-09-22 07:06:43 Binary: /bin/rdma
2026-09-22 07:06:43 Binary: /bin/readelf
2026-09-22 07:06:43 Binary: /bin/readlink
2026-09-22 07:06:43 Binary: /bin/realpath
2026-09-22 07:06:43 Binary: /bin/red
2026-09-22 07:06:43 Binary: /bin/register-python-argcomplete
2026-09-22 07:06:43 Binary: /bin/rename.ul
2026-09-22 07:06:43 Binary: /bin/renice
2026-09-22 07:06:43 Binary: /bin/rescan-scsi-bus.sh
2026-09-22 07:06:43 Binary: /bin/reset
2026-09-22 07:06:43 Binary: /bin/resizecons
2026-09-22 07:06:43 Binary: /bin/resizepart
2026-09-22 07:06:43 Binary: /bin/resolvectl
2026-09-22 07:06:43 Binary: /bin/rev
2026-09-22 07:06:43 Binary: /bin/rgrep
2026-09-22 07:06:43 Binary: /bin/rm
2026-09-22 07:06:43 Binary: /bin/rmdir
2026-09-22 07:06:43 Binary: /bin/rnano
2026-09-22 07:06:43 Binary: /bin/routel
2026-09-22 07:06:43 Binary: /bin/rpcgen
2026-09-22 07:06:43 Binary: /bin/rrsync
2026-09-22 07:06:43 Binary: /bin/rsync
2026-09-22 07:06:43 Binary: /bin/rsync-ssl
2026-09-22 07:06:43 Binary: /bin/rtla
2026-09-22 07:06:43 Binary: /bin/rtstat
2026-09-22 07:06:43 Binary: /bin/run-parts
2026-09-22 07:06:43 Binary: /bin/run0
2026-09-22 07:06:43 Binary: /bin/runcon
2026-09-22 07:06:43 Binary: /bin/rview
2026-09-22 07:06:43 Binary: /bin/rvim
2026-09-22 07:06:43 Binary: /bin/sadf
2026-09-22 07:06:43 Binary: /bin/sar
2026-09-22 07:06:43 Binary: /bin/sar.sysstat
2026-09-22 07:06:43 Binary: /bin/savelog
2026-09-22 07:06:44 Binary: /bin/sbattach
2026-09-22 07:06:44 Binary: /bin/sbkeysync
2026-09-22 07:06:44 Binary: /bin/sbsiglist
2026-09-22 07:06:44 Binary: /bin/sbsign
2026-09-22 07:06:44 Binary: /bin/sbvarsign
2026-09-22 07:06:44 Binary: /bin/sbverify
2026-09-22 07:06:44 Binary: /bin/scalar
2026-09-22 07:06:44 Binary: /bin/scp
2026-09-22 07:06:44 Binary: /bin/screen
2026-09-22 07:06:44 Binary: /bin/screendump
2026-09-22 07:06:44 Binary: /bin/script
2026-09-22 07:06:44 Binary: /bin/scriptlive
2026-09-22 07:06:44 Binary: /bin/scriptreplay
2026-09-22 07:06:44 Binary: /bin/scsi_logging_level
2026-09-22 07:06:44 Binary: /bin/scsi_mandat
2026-09-22 07:06:44 Binary: /bin/scsi_readcap
2026-09-22 07:06:44 Binary: /bin/scsi_ready
2026-09-22 07:06:44 Binary: /bin/scsi_satl
2026-09-22 07:06:44 Binary: /bin/scsi_start
2026-09-22 07:06:44 Binary: /bin/scsi_stop
2026-09-22 07:06:44 Binary: /bin/scsi_temperature
2026-09-22 07:06:44 Binary: /bin/sdiff
2026-09-22 07:06:44 Binary: /bin/sed
2026-09-22 07:06:44 Binary: /bin/select-editor
2026-09-22 07:06:44 Binary: /bin/sensible-browser
2026-09-22 07:06:44 Binary: /bin/sensible-editor
2026-09-22 07:06:44 Binary: /bin/sensible-pager
2026-09-22 07:06:44 Binary: /bin/sensible-terminal
2026-09-22 07:06:44 Binary: /bin/seq
2026-09-22 07:06:44 Binary: /bin/setarch
2026-09-22 07:06:44 Binary: /bin/setfont
2026-09-22 07:06:44 Binary: /bin/setkeycodes
2026-09-22 07:06:44 Binary: /bin/setleds
2026-09-22 07:06:44 Binary: /bin/setlogcons
2026-09-22 07:06:44 Binary: /bin/setmetamode
2026-09-22 07:06:44 Binary: /bin/setpci
2026-09-22 07:06:44 Binary: /bin/setpriv
2026-09-22 07:06:44 Binary: /bin/setsid
2026-09-22 07:06:44 Binary: /bin/setterm
2026-09-22 07:06:44 Binary: /bin/setupcon
2026-09-22 07:06:44 Binary: /bin/sftp
2026-09-22 07:06:44 Binary: /bin/sg
2026-09-22 07:06:44 Binary: /bin/sg_bg_ctl
2026-09-22 07:06:44 Binary: /bin/sg_compare_and_write
2026-09-22 07:06:44 Binary: /bin/sg_copy_results
2026-09-22 07:06:44 Binary: /bin/sg_dd
2026-09-22 07:06:44 Binary: /bin/sg_decode_sense
2026-09-22 07:06:44 Binary: /bin/sg_emc_trespass
2026-09-22 07:06:44 Binary: /bin/sg_format
2026-09-22 07:06:44 Binary: /bin/sg_get_config
2026-09-22 07:06:44 Binary: /bin/sg_get_elem_status
2026-09-22 07:06:44 Binary: /bin/sg_get_lba_status
2026-09-22 07:06:44 Binary: /bin/sg_ident
2026-09-22 07:06:44 Binary: /bin/sg_inq
2026-09-22 07:06:44 Binary: /bin/sg_logs
2026-09-22 07:06:44 Binary: /bin/sg_luns
2026-09-22 07:06:45 Binary: /bin/sg_map
2026-09-22 07:06:45 Binary: /bin/sg_map26
2026-09-22 07:06:45 Binary: /bin/sg_modes
2026-09-22 07:06:45 Binary: /bin/sg_opcodes
2026-09-22 07:06:45 Binary: /bin/sg_persist
2026-09-22 07:06:45 Binary: /bin/sg_prevent
2026-09-22 07:06:45 Binary: /bin/sg_raw
2026-09-22 07:06:45 Binary: /bin/sg_rbuf
2026-09-22 07:06:45 Binary: /bin/sg_rdac
2026-09-22 07:06:45 Binary: /bin/sg_read
2026-09-22 07:06:45 Binary: /bin/sg_read_attr
2026-09-22 07:06:45 Binary: /bin/sg_read_block_limits
2026-09-22 07:06:45 Binary: /bin/sg_read_buffer
2026-09-22 07:06:45 Binary: /bin/sg_read_long
2026-09-22 07:06:45 Binary: /bin/sg_readcap
2026-09-22 07:06:45 Binary: /bin/sg_reassign
2026-09-22 07:06:45 Binary: /bin/sg_referrals
2026-09-22 07:06:45 Binary: /bin/sg_rem_rest_elem
2026-09-22 07:06:45 Binary: /bin/sg_rep_density
2026-09-22 07:06:45 Binary: /bin/sg_rep_pip
2026-09-22 07:06:45 Binary: /bin/sg_rep_zones
2026-09-22 07:06:45 Binary: /bin/sg_requests
2026-09-22 07:06:45 Binary: /bin/sg_reset
2026-09-22 07:06:45 Binary: /bin/sg_reset_wp
2026-09-22 07:06:45 Binary: /bin/sg_rmsn
2026-09-22 07:06:45 Binary: /bin/sg_rtpg
2026-09-22 07:06:45 Binary: /bin/sg_safte
2026-09-22 07:06:45 Binary: /bin/sg_sanitize
2026-09-22 07:06:45 Binary: /bin/sg_sat_datetime
2026-09-22 07:06:45 Binary: /bin/sg_sat_identify
2026-09-22 07:06:45 Binary: /bin/sg_sat_phy_event
2026-09-22 07:06:45 Binary: /bin/sg_sat_read_gplog
2026-09-22 07:06:45 Binary: /bin/sg_sat_set_features
2026-09-22 07:06:45 Binary: /bin/sg_scan
2026-09-22 07:06:45 Binary: /bin/sg_seek
2026-09-22 07:06:45 Binary: /bin/sg_senddiag
2026-09-22 07:06:45 Binary: /bin/sg_ses
2026-09-22 07:06:45 Binary: /bin/sg_ses_microcode
2026-09-22 07:06:45 Binary: /bin/sg_start
2026-09-22 07:06:45 Binary: /bin/sg_stpg
2026-09-22 07:06:45 Binary: /bin/sg_stream_ctl
2026-09-22 07:06:45 Binary: /bin/sg_sync
2026-09-22 07:06:45 Binary: /bin/sg_test_rwbuf
2026-09-22 07:06:45 Binary: /bin/sg_timestamp
2026-09-22 07:06:45 Binary: /bin/sg_turs
2026-09-22 07:06:45 Binary: /bin/sg_unmap
2026-09-22 07:06:45 Binary: /bin/sg_verify
2026-09-22 07:06:45 Binary: /bin/sg_vpd
2026-09-22 07:06:45 Binary: /bin/sg_wr_mode
2026-09-22 07:06:45 Binary: /bin/sg_write_attr
2026-09-22 07:06:45 Binary: /bin/sg_write_buffer
2026-09-22 07:06:45 Binary: /bin/sg_write_long
2026-09-22 07:06:45 Binary: /bin/sg_write_same
2026-09-22 07:06:45 Binary: /bin/sg_write_verify
2026-09-22 07:06:46 Binary: /bin/sg_write_x
2026-09-22 07:06:46 Binary: /bin/sg_xcopy
2026-09-22 07:06:46 Binary: /bin/sg_z_act_query
2026-09-22 07:06:46 Binary: /bin/sg_zone
2026-09-22 07:06:46 Binary: /bin/sginfo
2026-09-22 07:06:46 Binary: /bin/sgm_dd
2026-09-22 07:06:46 Binary: /bin/sgp_dd
2026-09-22 07:06:46 Binary: /bin/sh
2026-09-22 07:06:46 Binary: /bin/sha1sum
2026-09-22 07:06:46 Binary: /bin/sha224sum
2026-09-22 07:06:46 Binary: /bin/sha256sum
2026-09-22 07:06:46 Binary: /bin/sha3-224sum
2026-09-22 07:06:46 Binary: /bin/sha3-256sum
2026-09-22 07:06:46 Binary: /bin/sha3-384sum
2026-09-22 07:06:46 Binary: /bin/sha3-512sum
2026-09-22 07:06:46 Binary: /bin/sha384sum
2026-09-22 07:06:46 Binary: /bin/sha3sum
2026-09-22 07:06:46 Binary: /bin/sha512sum
2026-09-22 07:06:46 Binary: /bin/shake128sum
2026-09-22 07:06:46 Binary: /bin/shake256sum
2026-09-22 07:06:46 Binary: /bin/shasum
2026-09-22 07:06:46 Binary: /bin/showconsolefont
2026-09-22 07:06:46 Binary: /bin/showkey
2026-09-22 07:06:46 Binary: /bin/shred
2026-09-22 07:06:46 Binary: /bin/shuf
2026-09-22 07:06:46 Binary: /bin/size
2026-09-22 07:06:46 Binary: /bin/skill
2026-09-22 07:06:46 Binary: /bin/slabtop
2026-09-22 07:06:46 Binary: /bin/sleep
2026-09-22 07:06:46 Binary: /bin/snap
2026-09-22 07:06:46 Binary: /bin/snapctl
2026-09-22 07:06:46 Binary: /bin/snapfuse
2026-09-22 07:06:46 Binary: /bin/snice
2026-09-22 07:06:46 Binary: /bin/soelim
2026-09-22 07:06:46 Binary: /bin/sort
2026-09-22 07:06:46 Binary: /bin/sos
2026-09-22 07:06:46 Binary: /bin/splain
2026-09-22 07:06:46 Binary: /bin/split
2026-09-22 07:06:46 Binary: /bin/splitfont
2026-09-22 07:06:46 Binary: /bin/sqfscat
2026-09-22 07:06:46 Binary: /bin/sqfstar
2026-09-22 07:06:46 Binary: /bin/ss
2026-09-22 07:06:46 Binary: /bin/ssh
2026-09-22 07:06:46 Binary: /bin/ssh-add
2026-09-22 07:06:46 Binary: /bin/ssh-agent
2026-09-22 07:06:46 Binary: /bin/ssh-argv0
2026-09-22 07:06:46 Binary: /bin/ssh-copy-id
2026-09-22 07:06:46 Binary: /bin/ssh-import-id
2026-09-22 07:06:46 Binary: /bin/ssh-import-id-gh
2026-09-22 07:06:46 Binary: /bin/ssh-import-id-lp
2026-09-22 07:06:46 Binary: /bin/ssh-keygen
2026-09-22 07:06:46 Binary: /bin/ssh-keyscan
2026-09-22 07:06:46 Binary: /bin/stat
2026-09-22 07:06:46 Binary: /bin/static-sh
2026-09-22 07:06:46 Binary: /bin/stdbuf
2026-09-22 07:06:46 Binary: /bin/strace
2026-09-22 07:06:46 Binary: /bin/strace-log-merge
2026-09-22 07:06:46 Binary: /bin/streamzip
2026-09-22 07:06:46 Binary: /bin/strings
2026-09-22 07:06:46 Binary: /bin/strip
2026-09-22 07:06:46 Binary: /bin/stty
2026-09-22 07:06:47 Binary: /bin/su
2026-09-22 07:06:47 Binary: /bin/su-rs
2026-09-22 07:06:47 Binary: /bin/su-to-root
2026-09-22 07:06:47 Binary: /bin/sudo
2026-09-22 07:06:47 Binary: /bin/sudo-rs
2026-09-22 07:06:47 Binary: /bin/sudo.ws
2026-09-22 07:06:47 Binary: /bin/sudoedit
2026-09-22 07:06:47 Binary: /bin/sudoedit-rs
2026-09-22 07:06:47 Binary: /bin/sudoreplay.ws
2026-09-22 07:06:47 Binary: /bin/sum
2026-09-22 07:06:47 Binary: /bin/switch_root
2026-09-22 07:06:47 Binary: /bin/sync
2026-09-22 07:06:47 Binary: /bin/systemctl
2026-09-22 07:06:47 Binary: /bin/systemd-ac-power
2026-09-22 07:06:47 Binary: /bin/systemd-analyze
2026-09-22 07:06:47 Binary: /bin/systemd-ask-password
2026-09-22 07:06:47 Binary: /bin/systemd-cat
2026-09-22 07:06:47 Binary: /bin/systemd-cgls
2026-09-22 07:06:47 Binary: /bin/systemd-cgtop
2026-09-22 07:06:47 Binary: /bin/systemd-confext
2026-09-22 07:06:47 Binary: /bin/systemd-creds
2026-09-22 07:06:47 Binary: /bin/systemd-cryptenroll
2026-09-22 07:06:47 Binary: /bin/systemd-cryptsetup
2026-09-22 07:06:47 Binary: /bin/systemd-delta
2026-09-22 07:06:47 Binary: /bin/systemd-detect-virt
2026-09-22 07:06:47 Binary: /bin/systemd-escape
2026-09-22 07:06:47 Binary: /bin/systemd-firstboot
2026-09-22 07:06:47 Binary: /bin/systemd-hwdb
2026-09-22 07:06:47 Binary: /bin/systemd-id128
2026-09-22 07:06:47 Binary: /bin/systemd-inhibit
2026-09-22 07:06:47 Binary: /bin/systemd-machine-id-setup
2026-09-22 07:06:47 Binary: /bin/systemd-mount
2026-09-22 07:06:47 Binary: /bin/systemd-mute-console
2026-09-22 07:06:47 Binary: /bin/systemd-notify
2026-09-22 07:06:47 Binary: /bin/systemd-path
2026-09-22 07:06:47 Binary: /bin/systemd-pty-forward
2026-09-22 07:06:47 Binary: /bin/systemd-run
2026-09-22 07:06:47 Binary: /bin/systemd-socket-activate
2026-09-22 07:06:47 Binary: /bin/systemd-stdio-bridge
2026-09-22 07:06:47 Binary: /bin/systemd-sysext
2026-09-22 07:06:47 Binary: /bin/systemd-sysusers
2026-09-22 07:06:47 Binary: /bin/systemd-tmpfiles
2026-09-22 07:06:47 Binary: /bin/systemd-tty-ask-password-agent
2026-09-22 07:06:47 Binary: /bin/systemd-umount
2026-09-22 07:06:47 Binary: /bin/systemd-vpick
2026-09-22 07:06:47 Binary: /bin/tabs
2026-09-22 07:06:47 Binary: /bin/tac
2026-09-22 07:06:47 Binary: /bin/tail
2026-09-22 07:06:47 Binary: /bin/tapestat
2026-09-22 07:06:47 Binary: /bin/tar
2026-09-22 07:06:47 Binary: /bin/taskset
2026-09-22 07:06:47 Binary: /bin/tbl
2026-09-22 07:06:47 Binary: /bin/tclsh
2026-09-22 07:06:47 Binary: /bin/tclsh8.6
2026-09-22 07:06:47 Binary: /bin/tcpdump
2026-09-22 07:06:47 Binary: /bin/tee
2026-09-22 07:06:47 Binary: /bin/telnet
2026-09-22 07:06:47 Binary: /bin/tempfile
2026-09-22 07:06:47 Binary: /bin/test
2026-09-22 07:06:47 Binary: /bin/tic
2026-09-22 07:06:47 Binary: /bin/time
2026-09-22 07:06:47 Binary: /bin/timedatectl
2026-09-22 07:06:47 Binary: /bin/timeout
2026-09-22 07:06:48 Binary: /bin/tkconch3
2026-09-22 07:06:48 Binary: /bin/tload
2026-09-22 07:06:48 Binary: /bin/tmux
2026-09-22 07:06:48 Binary: /bin/tnftp
2026-09-22 07:06:48 Binary: /bin/toe
2026-09-22 07:06:48 Binary: /bin/top
2026-09-22 07:06:48 Binary: /bin/touch
2026-09-22 07:06:48 Binary: /bin/tput
2026-09-22 07:06:48 Binary: /bin/tr
2026-09-22 07:06:48 Binary: /bin/trace-cmd
2026-09-22 07:06:48 Binary: /bin/tracepath
2026-09-22 07:06:48 Binary: /bin/trial3
2026-09-22 07:06:48 Binary: /bin/troff
2026-09-22 07:06:48 Binary: /bin/true
2026-09-22 07:06:48 Binary: /bin/truncate
2026-09-22 07:06:48 Binary: /bin/tset
2026-09-22 07:06:48 Binary: /bin/tsort
2026-09-22 07:06:48 Binary: /bin/tty
2026-09-22 07:06:48 Binary: /bin/turbostat
2026-09-22 07:06:48 Binary: /bin/twist3
2026-09-22 07:06:48 Binary: /bin/twistd3
2026-09-22 07:06:48 Binary: /bin/tzselect
2026-09-22 07:06:48 Binary: /bin/ua
2026-09-22 07:06:48 Binary: /bin/ubuntu-advantage
2026-09-22 07:06:48 Binary: /bin/ubuntu-bug
2026-09-22 07:06:48 Binary: /bin/ubuntu-distro-info
2026-09-22 07:06:48 Binary: /bin/ubuntu-drivers
2026-09-22 07:06:48 Binary: /bin/ubuntu-security-status
2026-09-22 07:06:48 Binary: /bin/ucf
2026-09-22 07:06:48 Binary: /bin/ucfq
2026-09-22 07:06:48 Binary: /bin/ucfr
2026-09-22 07:06:48 Binary: /bin/uclampset
2026-09-22 07:06:48 Binary: /bin/udevadm
2026-09-22 07:06:48 Binary: /bin/udisksctl
2026-09-22 07:06:48 Binary: /bin/ul
2026-09-22 07:06:48 Binary: /bin/umount
2026-09-22 07:06:48 Binary: /bin/uname
2026-09-22 07:06:48 Binary: /bin/unattended-upgrade
2026-09-22 07:06:48 Binary: /bin/unattended-upgrades
2026-09-22 07:06:48 Binary: /bin/uncompress
2026-09-22 07:06:48 Binary: /bin/unexpand
2026-09-22 07:06:48 Binary: /bin/unicode_start
2026-09-22 07:06:48 Binary: /bin/unicode_stop
2026-09-22 07:06:48 Binary: /bin/uniq
2026-09-22 07:06:48 Binary: /bin/unlink
2026-09-22 07:06:48 Binary: /bin/unlzma
2026-09-22 07:06:48 Binary: /bin/unminimize
2026-09-22 07:06:48 Binary: /bin/unmkinitramfs
2026-09-22 07:06:48 Binary: /bin/unshare
2026-09-22 07:06:48 Binary: /bin/unsquashfs
2026-09-22 07:06:48 Binary: /bin/unxz
2026-09-22 07:06:48 Binary: /bin/unzstd
2026-09-22 07:06:48 Binary: /bin/update-alternatives
2026-09-22 07:06:48 Binary: /bin/update-menus
2026-09-22 07:06:48 Binary: /bin/update-mime-database
2026-09-22 07:06:48 Binary: /bin/upower
2026-09-22 07:06:48 Binary: /bin/uptime
2026-09-22 07:06:48 Binary: /bin/usb-devices
2026-09-22 07:06:48 Binary: /bin/usbhid-dump
2026-09-22 07:06:48 Binary: /bin/usbip
2026-09-22 07:06:48 Binary: /bin/usbipd
2026-09-22 07:06:48 Binary: /bin/usbreset
2026-09-22 07:06:48 Binary: /bin/users
2026-09-22 07:06:48 Binary: /bin/uuidgen
2026-09-22 07:06:48 Binary: /bin/uuidparse
2026-09-22 07:06:48 Binary: /bin/varlinkctl
2026-09-22 07:06:48 Binary: /bin/vcs-run
2026-09-22 07:06:48 Binary: /bin/vdir
2026-09-22 07:06:48 Binary: /bin/vi
2026-09-22 07:06:48 Binary: /bin/view
2026-09-22 07:06:48 Binary: /bin/vim
2026-09-22 07:06:48 Binary: /bin/vim.basic
2026-09-22 07:06:48 Binary: /bin/vim.tiny
2026-09-22 07:06:48 Binary: /bin/vimdiff
2026-09-22 07:06:48 Binary: /bin/vimtutor
2026-09-22 07:06:48 Binary: /bin/visudo-rs
2026-09-22 07:06:48 Binary: /bin/vm-support
2026-09-22 07:06:48 Binary: /bin/vmhgfs-fuse
2026-09-22 07:06:49 Binary: /bin/vmstat
2026-09-22 07:06:49 Binary: /bin/vmtoolsd
2026-09-22 07:06:49 Binary: /bin/vmware-alias-import
2026-09-22 07:06:49 Binary: /bin/vmware-checkvm
2026-09-22 07:06:49 Binary: /bin/vmware-hgfsclient
2026-09-22 07:06:49 Binary: /bin/vmware-namespace-cmd
2026-09-22 07:06:49 Binary: /bin/vmware-rpctool
2026-09-22 07:06:49 Binary: /bin/vmware-toolbox-cmd
2026-09-22 07:06:49 Binary: /bin/vmware-vgauth-cmd
2026-09-22 07:06:49 Binary: /bin/vmware-vmblock-fuse
2026-09-22 07:06:49 Binary: /bin/vmware-xferlogs
2026-09-22 07:06:49 Binary: /bin/w
2026-09-22 07:06:49 Binary: /bin/waitpid
2026-09-22 07:06:49 Binary: /bin/wall
2026-09-22 07:06:49 Binary: /bin/watch
2026-09-22 07:06:49 Binary: /bin/watchgnupg
2026-09-22 07:06:49 Binary: /bin/wc
2026-09-22 07:06:49 Binary: /bin/wcurl
2026-09-22 07:06:49 Binary: /bin/wdctl
2026-09-22 07:06:49 Binary: /bin/wget
2026-09-22 07:06:49 Binary: /bin/whatis
2026-09-22 07:06:49 Binary: /bin/whereis
2026-09-22 07:06:49 Binary: /bin/which
2026-09-22 07:06:49 Binary: /bin/which.debianutils
2026-09-22 07:06:49 Binary: /bin/whiptail
2026-09-22 07:06:49 Binary: /bin/who
2026-09-22 07:06:49 Binary: /bin/whoami
2026-09-22 07:06:49 Binary: /bin/whois
2026-09-22 07:06:49 Binary: /bin/x86_64
2026-09-22 07:06:49 Binary: /bin/x86_64-linux-gnu-addr2line
2026-09-22 07:06:49 Binary: /bin/x86_64-linux-gnu-ar
2026-09-22 07:06:49 Binary: /bin/x86_64-linux-gnu-as
2026-09-22 07:06:49 Binary: /bin/x86_64-linux-gnu-c++filt
2026-09-22 07:06:49 Binary: /bin/x86_64-linux-gnu-elfedit
2026-09-22 07:06:49 Binary: /bin/x86_64-linux-gnu-gprof
2026-09-22 07:06:49 Binary: /bin/x86_64-linux-gnu-ld
2026-09-22 07:06:49 Binary: /bin/x86_64-linux-gnu-ld.bfd
2026-09-22 07:06:49 Binary: /bin/x86_64-linux-gnu-nm
2026-09-22 07:06:49 Binary: /bin/x86_64-linux-gnu-objcopy
2026-09-22 07:06:49 Binary: /bin/x86_64-linux-gnu-objdump
2026-09-22 07:06:49 Binary: /bin/x86_64-linux-gnu-ranlib
2026-09-22 07:06:49 Binary: /bin/x86_64-linux-gnu-readelf
2026-09-22 07:06:49 Binary: /bin/x86_64-linux-gnu-size
2026-09-22 07:06:49 Binary: /bin/x86_64-linux-gnu-strings
2026-09-22 07:06:49 Binary: /bin/x86_64-linux-gnu-strip
2026-09-22 07:06:49 Binary: /bin/x86_energy_perf_policy
2026-09-22 07:06:49 Binary: /bin/xargs
2026-09-22 07:06:49 Binary: /bin/xauth
2026-09-22 07:06:49 Binary: /bin/xdg-user-dir
2026-09-22 07:06:49 Binary: /bin/xdg-user-dirs-update
2026-09-22 07:06:49 Binary: /bin/xsubpp
2026-09-22 07:06:49 Binary: /bin/xxd
2026-09-22 07:06:49 Binary: /bin/xz
2026-09-22 07:06:49 Binary: /bin/xzcat
2026-09-22 07:06:49 Binary: /bin/xzcmp
2026-09-22 07:06:49 Binary: /bin/xzdiff
2026-09-22 07:06:49 Binary: /bin/xzegrep
2026-09-22 07:06:49 Binary: /bin/xzfgrep
2026-09-22 07:06:49 Binary: /bin/xzgrep
2026-09-22 07:06:49 Binary: /bin/xzless
2026-09-22 07:06:49 Binary: /bin/xzmore
2026-09-22 07:06:49 Binary: /bin/yes
2026-09-22 07:06:49 Binary: /bin/ypdomainname
2026-09-22 07:06:49 Binary: /bin/zcat
2026-09-22 07:06:49 Binary: /bin/zcmp
2026-09-22 07:06:49 Binary: /bin/zdiff
2026-09-22 07:06:49 Binary: /bin/zdump
2026-09-22 07:06:49 Binary: /bin/zegrep
2026-09-22 07:06:49 Binary: /bin/zfgrep
2026-09-22 07:06:49 Binary: /bin/zforce
2026-09-22 07:06:49 Binary: /bin/zgrep
2026-09-22 07:06:49 Binary: /bin/zipdetails
2026-09-22 07:06:49 Binary: /bin/zless
2026-09-22 07:06:49 Binary: /bin/zmore
2026-09-22 07:06:49 Binary: /bin/znew
2026-09-22 07:06:49 Binary: /bin/zstd
2026-09-22 07:06:49 Binary: /bin/zstdcat
2026-09-22 07:06:49 Binary: /bin/zstdgrep
2026-09-22 07:06:49 Binary: /bin/zstdless
2026-09-22 07:06:49 Binary: /bin/zstdmt
2026-09-22 07:06:49 ====
2026-09-22 07:06:49 Test: Checking binaries in directory /sbin
2026-09-22 07:06:49 Directory /sbin exists. Starting directory scanning...
2026-09-22 07:06:49 Binary: /sbin/ModemManager
2026-09-22 07:06:49 Binary: /sbin/aa-load
2026-09-22 07:06:49 Binary: /sbin/aa-remove-unknown
2026-09-22 07:06:49 Binary: /sbin/aa-status
2026-09-22 07:06:49 Binary: /sbin/aa-teardown
2026-09-22 07:06:49 Binary: /sbin/accessdb
2026-09-22 07:06:49 Binary: /sbin/add-shell
2026-09-22 07:06:49 Binary: /sbin/addgnupghome
2026-09-22 07:06:49 Binary: /sbin/addgroup
2026-09-22 07:06:49 Binary: /sbin/adduser
2026-09-22 07:06:49 Binary: /sbin/agetty
2026-09-22 07:06:49 Binary: /sbin/apparmor_parser
2026-09-22 07:06:49 Binary: /sbin/apparmor_status
2026-09-22 07:06:49 Binary: /sbin/applygnupgdefaults
2026-09-22 07:06:49 Binary: /sbin/argdist-bpfcc
2026-09-22 07:06:49 Binary: /sbin/arpd
2026-09-22 07:06:49 Binary: /sbin/arptables
2026-09-22 07:06:50 Binary: /sbin/arptables-nft
2026-09-22 07:06:50 Binary: /sbin/arptables-nft-restore
2026-09-22 07:06:50 Binary: /sbin/arptables-nft-save
2026-09-22 07:06:50 Binary: /sbin/arptables-restore
2026-09-22 07:06:50 Binary: /sbin/arptables-save
2026-09-22 07:06:50 Binary: /sbin/arptables-translate
2026-09-22 07:06:50 Binary: /sbin/audisp-af_unix
2026-09-22 07:06:50 Binary: /sbin/audisp-filter
2026-09-22 07:06:50 Binary: /sbin/audisp-syslog
2026-09-22 07:06:50 Binary: /sbin/auditctl
2026-09-22 07:06:50 Binary: /sbin/auditd
2026-09-22 07:06:50 Binary: /sbin/augenrules
2026-09-22 07:06:50 Binary: /sbin/aureport
2026-09-22 07:06:50 Binary: /sbin/ausearch
2026-09-22 07:06:50 Binary: /sbin/badblocks
2026-09-22 07:06:50 Binary: /sbin/bashreadline-bpfcc
2026-09-22 07:06:50 Binary: /sbin/bashreadline.bt
2026-09-22 07:06:50 Binary: /sbin/bcache-super-show
2026-09-22 07:06:50 Binary: /sbin/bindsnoop-bpfcc
2026-09-22 07:06:50 Binary: /sbin/biolatency-bpfcc
2026-09-22 07:06:50 Binary: /sbin/biolatency-kp.bt
2026-09-22 07:06:50 Binary: /sbin/biolatency.bt
2026-09-22 07:06:50 Binary: /sbin/biolatpcts-bpfcc
2026-09-22 07:06:50 Binary: /sbin/biopattern-bpfcc
2026-09-22 07:06:50 Binary: /sbin/biosdecode
2026-09-22 07:06:50 Binary: /sbin/biosnoop-bpfcc
2026-09-22 07:06:50 Binary: /sbin/biosnoop.bt
2026-09-22 07:06:50 Binary: /sbin/biostacks.bt
2026-09-22 07:06:50 Binary: /sbin/biotop-bpfcc
2026-09-22 07:06:50 Binary: /sbin/bitesize-bpfcc
2026-09-22 07:06:50 Binary: /sbin/bitesize.bt
2026-09-22 07:06:50 Binary: /sbin/blkdeactivate
2026-09-22 07:06:50 Binary: /sbin/blkdiscard
2026-09-22 07:06:50 Binary: /sbin/blkid
2026-09-22 07:06:50 Binary: /sbin/blkpr
2026-09-22 07:06:50 Binary: /sbin/blockdev
2026-09-22 07:06:50 Binary: /sbin/bpflist-bpfcc
2026-09-22 07:06:50 Binary: /sbin/bpftool
2026-09-22 07:06:50 Binary: /sbin/bridge
2026-09-22 07:06:50 Binary: /sbin/btrfsdist-bpfcc
2026-09-22 07:06:50 Binary: /sbin/btrfsslower-bpfcc
2026-09-22 07:06:50 Binary: /sbin/cache_check
2026-09-22 07:06:50 Binary: /sbin/cache_dump
2026-09-22 07:06:50 Binary: /sbin/cache_metadata_size
2026-09-22 07:06:50 Binary: /sbin/cache_repair
2026-09-22 07:06:50 Binary: /sbin/cache_restore
2026-09-22 07:06:50 Binary: /sbin/cache_writeback
2026-09-22 07:06:50 Binary: /sbin/cachestat-bpfcc
2026-09-22 07:06:50 Binary: /sbin/cachetop-bpfcc
2026-09-22 07:06:50 Binary: /sbin/capable-bpfcc
2026-09-22 07:06:50 Binary: /sbin/capable.bt
2026-09-22 07:06:50 Binary: /sbin/capsh
2026-09-22 07:06:50 Binary: /sbin/cfdisk
2026-09-22 07:06:50 Binary: /sbin/cgdisk
2026-09-22 07:06:50 Binary: /sbin/chgpasswd
2026-09-22 07:06:50 Binary: /sbin/chpasswd
2026-09-22 07:06:50 Binary: /sbin/chronyd
2026-09-22 07:06:50 Binary: /sbin/cobjnew-bpfcc
2026-09-22 07:06:50 Binary: /sbin/coldreboot
2026-09-22 07:06:50 Binary: /sbin/compactsnoop-bpfcc
2026-09-22 07:06:50 Binary: /sbin/cpudist-bpfcc
2026-09-22 07:06:50 Binary: /sbin/cpuunclaimed-bpfcc
2026-09-22 07:06:50 Binary: /sbin/cpuwalk.bt
2026-09-22 07:06:50 Binary: /sbin/cracklib-check
2026-09-22 07:06:50 Binary: /sbin/cracklib-format
2026-09-22 07:06:50 Binary: /sbin/cracklib-packer
2026-09-22 07:06:50 Binary: /sbin/cracklib-unpacker
2026-09-22 07:06:50 Binary: /sbin/create-cracklib-dict
2026-09-22 07:06:50 Binary: /sbin/criticalstat-bpfcc
2026-09-22 07:06:50 Binary: /sbin/cron
2026-09-22 07:06:50 Binary: /sbin/cryptdisks_start
2026-09-22 07:06:50 Binary: /sbin/cryptdisks_stop
2026-09-22 07:06:50 Binary: /sbin/cryptsetup
2026-09-22 07:06:50   Found known binary: cryptsetup (Encryption tool) - /sbin/cryptsetup
2026-09-22 07:06:50 Binary: /sbin/ctrlaltdel
2026-09-22 07:06:50 Binary: /sbin/dbslower-bpfcc
2026-09-22 07:06:50 Binary: /sbin/dbstat-bpfcc
2026-09-22 07:06:50 Binary: /sbin/dcb
2026-09-22 07:06:50 Binary: /sbin/dcsnoop-bpfcc
2026-09-22 07:06:50 Binary: /sbin/dcsnoop.bt
2026-09-22 07:06:50 Binary: /sbin/dcstat-bpfcc
2026-09-22 07:06:50 Binary: /sbin/deadlock-bpfcc
2026-09-22 07:06:50 Binary: /sbin/debugfs
2026-09-22 07:06:50 Binary: /sbin/delgroup
2026-09-22 07:06:50 Binary: /sbin/deluser
2026-09-22 07:06:50 Binary: /sbin/depmod
2026-09-22 07:06:50 Binary: /sbin/devlink
2026-09-22 07:06:50 Binary: /sbin/dhcpcd
2026-09-22 07:06:50 Binary: /sbin/dirtop-bpfcc
2026-09-22 07:06:50 Binary: /sbin/dmeventd
2026-09-22 07:06:50 Binary: /sbin/dmidecode
2026-09-22 07:06:50 Binary: /sbin/dmsetup
2026-09-22 07:06:50 Binary: /sbin/dmstats
2026-09-22 07:06:50 Binary: /sbin/dosfsck
2026-09-22 07:06:50 Binary: /sbin/dosfslabel
2026-09-22 07:06:50 Binary: /sbin/dpkg-preconfigure
2026-09-22 07:06:50 Binary: /sbin/dpkg-reconfigure
2026-09-22 07:06:50 Binary: /sbin/dpll
2026-09-22 07:06:50 Binary: /sbin/drsnoop-bpfcc
2026-09-22 07:06:51 Binary: /sbin/dump.exfat
2026-09-22 07:06:51 Binary: /sbin/dumpe2fs
2026-09-22 07:06:51 Binary: /sbin/e2freefrag
2026-09-22 07:06:51 Binary: /sbin/e2fsck
2026-09-22 07:06:51 Binary: /sbin/e2image
2026-09-22 07:06:51 Binary: /sbin/e2label
2026-09-22 07:06:51 Binary: /sbin/e2mmpstatus
2026-09-22 07:06:51 Binary: /sbin/e2scrub
2026-09-22 07:06:51 Binary: /sbin/e2scrub_all
2026-09-22 07:06:51 Binary: /sbin/e2undo
2026-09-22 07:06:51 Binary: /sbin/e4crypt
2026-09-22 07:06:51 Binary: /sbin/e4defrag
2026-09-22 07:06:51 Binary: /sbin/ebtables
2026-09-22 07:06:51 Binary: /sbin/ebtables-nft
2026-09-22 07:06:51 Binary: /sbin/ebtables-nft-restore
2026-09-22 07:06:51 Binary: /sbin/ebtables-nft-save
2026-09-22 07:06:51 Binary: /sbin/ebtables-restore
2026-09-22 07:06:51 Binary: /sbin/ebtables-save
2026-09-22 07:06:51 Binary: /sbin/ebtables-translate
2026-09-22 07:06:51 Binary: /sbin/era_check
2026-09-22 07:06:51 Binary: /sbin/era_dump
2026-09-22 07:06:51 Binary: /sbin/era_invalidate
2026-09-22 07:06:51 Binary: /sbin/era_restore
2026-09-22 07:06:51 Binary: /sbin/ethtool
2026-09-22 07:06:51 Binary: /sbin/execsnoop-bpfcc
2026-09-22 07:06:51 Binary: /sbin/execsnoop.bt
2026-09-22 07:06:51 Binary: /sbin/exfat2img
2026-09-22 07:06:51 Binary: /sbin/exfatlabel
2026-09-22 07:06:51 Binary: /sbin/exitsnoop-bpfcc
2026-09-22 07:06:51 Binary: /sbin/ext4dist-bpfcc
2026-09-22 07:06:51 Binary: /sbin/ext4slower-bpfcc
2026-09-22 07:06:51 Binary: /sbin/f2fsslower-bpfcc
2026-09-22 07:06:51 Binary: /sbin/faillock
2026-09-22 07:06:51 Binary: /sbin/fatlabel
2026-09-22 07:06:51 Binary: /sbin/fdisk
2026-09-22 07:06:51 Binary: /sbin/filefrag
2026-09-22 07:06:51 Binary: /sbin/filegone-bpfcc
2026-09-22 07:06:51 Binary: /sbin/filelife-bpfcc
2026-09-22 07:06:51 Binary: /sbin/fileslower-bpfcc
2026-09-22 07:06:51 Binary: /sbin/filetop-bpfcc
2026-09-22 07:06:51 Binary: /sbin/findfs
2026-09-22 07:06:51 Binary: /sbin/fixparts
2026-09-22 07:06:51 Binary: /sbin/fsadm
2026-09-22 07:06:51 Binary: /sbin/fsck
2026-09-22 07:06:51 Binary: /sbin/fsck.btrfs
2026-09-22 07:06:51 Binary: /sbin/fsck.cramfs
2026-09-22 07:06:51 Binary: /sbin/fsck.exfat
2026-09-22 07:06:51 Binary: /sbin/fsck.ext2
2026-09-22 07:06:51 Binary: /sbin/fsck.ext3
2026-09-22 07:06:51 Binary: /sbin/fsck.ext4
2026-09-22 07:06:51 Binary: /sbin/fsck.fat
2026-09-22 07:06:51 Binary: /sbin/fsck.minix
2026-09-22 07:06:51 Binary: /sbin/fsck.msdos
2026-09-22 07:06:51 Binary: /sbin/fsck.vfat
2026-09-22 07:06:51 Binary: /sbin/fsck.xfs
2026-09-22 07:06:51 Binary: /sbin/fsfreeze
2026-09-22 07:06:51 Binary: /sbin/fstab-decode
2026-09-22 07:06:51 Binary: /sbin/fstrim
2026-09-22 07:06:51 Binary: /sbin/funccount-bpfcc
2026-09-22 07:06:51 Binary: /sbin/funcinterval-bpfcc
2026-09-22 07:06:51 Binary: /sbin/funclatency-bpfcc
2026-09-22 07:06:51 Binary: /sbin/funcslower-bpfcc
2026-09-22 07:06:51 Binary: /sbin/gdisk
2026-09-22 07:06:51 Binary: /sbin/genl
2026-09-22 07:06:51 Binary: /sbin/getcap
2026-09-22 07:06:51 Binary: /sbin/gethostlatency-bpfcc
2026-09-22 07:06:51 Binary: /sbin/gethostlatency.bt
2026-09-22 07:06:51 Binary: /sbin/getpcaps
2026-09-22 07:06:51 Binary: /sbin/getty
2026-09-22 07:06:51 Binary: /sbin/gnuchroot
2026-09-22 07:06:51 Binary: /sbin/groupadd
2026-09-22 07:06:51 Binary: /sbin/groupdel
2026-09-22 07:06:51 Binary: /sbin/groupmod
2026-09-22 07:06:51 Binary: /sbin/grpck
2026-09-22 07:06:51 Binary: /sbin/grpconv
2026-09-22 07:06:51 Binary: /sbin/grpunconv
2026-09-22 07:06:51 Binary: /sbin/grub-bios-setup
2026-09-22 07:06:51 Binary: /sbin/grub-install
2026-09-22 07:06:51 Binary: /sbin/grub-macbless
2026-09-22 07:06:51 Binary: /sbin/grub-mkconfig
2026-09-22 07:06:51 Binary: /sbin/grub-mkdevicemap
2026-09-22 07:06:51 Binary: /sbin/grub-probe
2026-09-22 07:06:51 Binary: /sbin/grub-reboot
2026-09-22 07:06:51 Binary: /sbin/grub-set-default
2026-09-22 07:06:51 Binary: /sbin/halt
2026-09-22 07:06:51 Binary: /sbin/hardirqs-bpfcc
2026-09-22 07:06:51 Binary: /sbin/hdparm
2026-09-22 07:06:51 Binary: /sbin/hwclock
2026-09-22 07:06:51 Binary: /sbin/iconvconfig
2026-09-22 07:06:51 Binary: /sbin/init
2026-09-22 07:06:51 Binary: /sbin/inject-bpfcc
2026-09-22 07:06:51 Binary: /sbin/insmod
2026-09-22 07:06:51 Binary: /sbin/install-sgmlcatalog
2026-09-22 07:06:51 Binary: /sbin/installkernel
2026-09-22 07:06:51 Binary: /sbin/integritysetup
2026-09-22 07:06:51 Binary: /sbin/invoke-rc.d
2026-09-22 07:06:51 Binary: /sbin/ip
2026-09-22 07:06:51 Binary: /sbin/ip6tables
2026-09-22 07:06:51 Binary: /sbin/ip6tables-apply
2026-09-22 07:06:51 Binary: /sbin/ip6tables-legacy
2026-09-22 07:06:51 Binary: /sbin/ip6tables-legacy-restore
2026-09-22 07:06:51 Binary: /sbin/ip6tables-legacy-save
2026-09-22 07:06:52 Binary: /sbin/ip6tables-nft
2026-09-22 07:06:52 Binary: /sbin/ip6tables-nft-restore
2026-09-22 07:06:52 Binary: /sbin/ip6tables-nft-save
2026-09-22 07:06:52 Binary: /sbin/ip6tables-restore
2026-09-22 07:06:52 Binary: /sbin/ip6tables-restore-translate
2026-09-22 07:06:52 Binary: /sbin/ip6tables-save
2026-09-22 07:06:52 Binary: /sbin/ip6tables-translate
2026-09-22 07:06:52 Binary: /sbin/iptables
2026-09-22 07:06:52 Binary: /sbin/iptables-apply
2026-09-22 07:06:52 Binary: /sbin/iptables-legacy
2026-09-22 07:06:52 Binary: /sbin/iptables-legacy-restore
2026-09-22 07:06:52 Binary: /sbin/iptables-legacy-save
2026-09-22 07:06:52 Binary: /sbin/iptables-nft
2026-09-22 07:06:52 Binary: /sbin/iptables-nft-restore
2026-09-22 07:06:52 Binary: /sbin/iptables-nft-save
2026-09-22 07:06:52 Binary: /sbin/iptables-restore
2026-09-22 07:06:52 Binary: /sbin/iptables-restore-translate
2026-09-22 07:06:52 Binary: /sbin/iptables-save
2026-09-22 07:06:52 Binary: /sbin/iptables-translate
2026-09-22 07:06:52 Binary: /sbin/iscsi-iname
2026-09-22 07:06:52 Binary: /sbin/iscsi_discovery
2026-09-22 07:06:52 Binary: /sbin/iscsiadm
2026-09-22 07:06:52 Binary: /sbin/iscsid
2026-09-22 07:06:52 Binary: /sbin/iscsistart
2026-09-22 07:06:52 Binary: /sbin/iucode-tool
2026-09-22 07:06:52 Binary: /sbin/iucode_tool
2026-09-22 07:06:52 Binary: /sbin/javacalls-bpfcc
2026-09-22 07:06:52 Binary: /sbin/javaflow-bpfcc
2026-09-22 07:06:52 Binary: /sbin/javagc-bpfcc
2026-09-22 07:06:52 Binary: /sbin/javaobjnew-bpfcc
2026-09-22 07:06:52 Binary: /sbin/javastat-bpfcc
2026-09-22 07:06:52 Binary: /sbin/javathreads-bpfcc
2026-09-22 07:06:52 Binary: /sbin/kbdrate
2026-09-22 07:06:52 Binary: /sbin/kdump-config
2026-09-22 07:06:52 Binary: /sbin/kexec
2026-09-22 07:06:52 Binary: /sbin/kexec-load-kernel
2026-09-22 07:06:52 Binary: /sbin/killall5
2026-09-22 07:06:52 Binary: /sbin/killsnoop-bpfcc
2026-09-22 07:06:52 Binary: /sbin/killsnoop.bt
2026-09-22 07:06:52 Binary: /sbin/klockstat-bpfcc
2026-09-22 07:06:52 Binary: /sbin/kpartx
2026-09-22 07:06:52 Binary: /sbin/kvmexit-bpfcc
2026-09-22 07:06:52 Binary: /sbin/ldconfig
2026-09-22 07:06:52 Binary: /sbin/llcstat-bpfcc
2026-09-22 07:06:52 Binary: /sbin/loads.bt
2026-09-22 07:06:52 Binary: /sbin/locale-gen
2026-09-22 07:06:52 Binary: /sbin/logrotate
2026-09-22 07:06:52 Binary: /sbin/logsave
2026-09-22 07:06:52 Binary: /sbin/losetup
2026-09-22 07:06:52 Binary: /sbin/lsmod
2026-09-22 07:06:52 Binary: /sbin/luksformat
2026-09-22 07:06:52 Binary: /sbin/lvchange
2026-09-22 07:06:52 Binary: /sbin/lvconvert
2026-09-22 07:06:52 Binary: /sbin/lvcreate
2026-09-22 07:06:52 Binary: /sbin/lvdisplay
2026-09-22 07:06:52   Found known binary: lvdisplay (LVM tool) - /sbin/lvdisplay
2026-09-22 07:06:52 Binary: /sbin/lvextend
2026-09-22 07:06:52 Binary: /sbin/lvm
2026-09-22 07:06:52 Binary: /sbin/lvmconfig
2026-09-22 07:06:52 Binary: /sbin/lvmdiskscan
2026-09-22 07:06:52 Binary: /sbin/lvmdump
2026-09-22 07:06:52 Binary: /sbin/lvmpolld
2026-09-22 07:06:52 Binary: /sbin/lvmsadc
2026-09-22 07:06:52 Binary: /sbin/lvmsar
2026-09-22 07:06:52 Binary: /sbin/lvreduce
2026-09-22 07:06:52 Binary: /sbin/lvremove
2026-09-22 07:06:52 Binary: /sbin/lvrename
2026-09-22 07:06:52 Binary: /sbin/lvresize
2026-09-22 07:06:52 Binary: /sbin/lvs
2026-09-22 07:06:52 Binary: /sbin/lvscan
2026-09-22 07:06:52 Binary: /sbin/lxc
2026-09-22 07:06:52 Binary: /sbin/lxd
2026-09-22 07:06:52 Binary: /sbin/lynis
2026-09-22 07:06:52 Binary: /sbin/make-bcache
2026-09-22 07:06:52 Binary: /sbin/mdadm
2026-09-22 07:06:52 Binary: /sbin/mdflush-bpfcc
2026-09-22 07:06:52 Binary: /sbin/mdflush.bt
2026-09-22 07:06:52 Binary: /sbin/mdmon
2026-09-22 07:06:52 Binary: /sbin/memleak-bpfcc
2026-09-22 07:06:52 Binary: /sbin/mkdosfs
2026-09-22 07:06:52 Binary: /sbin/mke2fs
2026-09-22 07:06:52 Binary: /sbin/mkfs
2026-09-22 07:06:52 Binary: /sbin/mkfs.bfs
2026-09-22 07:06:52 Binary: /sbin/mkfs.btrfs
2026-09-22 07:06:52 Binary: /sbin/mkfs.cramfs
2026-09-22 07:06:52 Binary: /sbin/mkfs.exfat
2026-09-22 07:06:52 Binary: /sbin/mkfs.ext2
2026-09-22 07:06:52 Binary: /sbin/mkfs.ext3
2026-09-22 07:06:52 Binary: /sbin/mkfs.ext4
2026-09-22 07:06:52 Binary: /sbin/mkfs.fat
2026-09-22 07:06:52 Binary: /sbin/mkfs.minix
2026-09-22 07:06:52 Binary: /sbin/mkfs.msdos
2026-09-22 07:06:52 Binary: /sbin/mkfs.ntfs
2026-09-22 07:06:52 Binary: /sbin/mkfs.vfat
2026-09-22 07:06:52 Binary: /sbin/mkfs.xfs
2026-09-22 07:06:52 Binary: /sbin/mkhomedir_helper
2026-09-22 07:06:52 Binary: /sbin/mkinitramfs
2026-09-22 07:06:52 Binary: /sbin/mklost+found
2026-09-22 07:06:52 Binary: /sbin/mkntfs
2026-09-22 07:06:52 Binary: /sbin/mkswap
2026-09-22 07:06:52 Binary: /sbin/modinfo
2026-09-22 07:06:52 Binary: /sbin/modprobe
2026-09-22 07:06:52 Binary: /sbin/mount.fuse
2026-09-22 07:06:53 Binary: /sbin/mount.fuse3
2026-09-22 07:06:53 Binary: /sbin/mount.lowntfs-3g
2026-09-22 07:06:53 Binary: /sbin/mount.ntfs
2026-09-22 07:06:53 Binary: /sbin/mount.ntfs-3g
2026-09-22 07:06:53 Binary: /sbin/mountsnoop-bpfcc
2026-09-22 07:06:53 Binary: /sbin/mpathpersist
2026-09-22 07:06:53 Binary: /sbin/mptcpify-bpfcc
2026-09-22 07:06:53 Binary: /sbin/multipath
2026-09-22 07:06:53 Binary: /sbin/multipathc
2026-09-22 07:06:53 Binary: /sbin/multipathd
2026-09-22 07:06:53 Binary: /sbin/mysqld_qslower-bpfcc
2026-09-22 07:06:53 Binary: /sbin/naptime.bt
2026-09-22 07:06:53 Binary: /sbin/needrestart
2026-09-22 07:06:53   Found known binary: needrestart (System tool) - /sbin/needrestart
2026-09-22 07:06:53 Binary: /sbin/netplan
2026-09-22 07:06:53 Binary: /sbin/netqtop-bpfcc
2026-09-22 07:06:53 Binary: /sbin/newusers
2026-09-22 07:06:53 Binary: /sbin/nfnl_osf
2026-09-22 07:06:53 Binary: /sbin/nfsdist-bpfcc
2026-09-22 07:06:53 Binary: /sbin/nfsslower-bpfcc
2026-09-22 07:06:53 Binary: /sbin/nft
2026-09-22 07:06:53 Binary: /sbin/nodegc-bpfcc
2026-09-22 07:06:53 Binary: /sbin/nodestat-bpfcc
2026-09-22 07:06:53 Binary: /sbin/nologin
2026-09-22 07:06:53 Binary: /sbin/ntfsclone
2026-09-22 07:06:53 Binary: /sbin/ntfscp
2026-09-22 07:06:53 Binary: /sbin/ntfslabel
2026-09-22 07:06:53 Binary: /sbin/ntfsresize
2026-09-22 07:06:53 Binary: /sbin/ntfsundelete
2026-09-22 07:06:53 Binary: /sbin/numasched-bpfcc
2026-09-22 07:06:53 Binary: /sbin/offcputime-bpfcc
2026-09-22 07:06:53 Binary: /sbin/offwaketime-bpfcc
2026-09-22 07:06:53 Binary: /sbin/on_ac_power
2026-09-22 07:06:53 Binary: /sbin/oomkill-bpfcc
2026-09-22 07:06:53 Binary: /sbin/oomkill.bt
2026-09-22 07:06:53 Binary: /sbin/opensnoop-bpfcc
2026-09-22 07:06:53 Binary: /sbin/opensnoop.bt
2026-09-22 07:06:53 Binary: /sbin/overlayroot-chroot
2026-09-22 07:06:53 Binary: /sbin/ownership
2026-09-22 07:06:53 Binary: /sbin/pam-auth-update
2026-09-22 07:06:53 Binary: /sbin/pam_extrausers_chkpwd
2026-09-22 07:06:53 Binary: /sbin/pam_extrausers_update
2026-09-22 07:06:53 Binary: /sbin/pam_getenv
2026-09-22 07:06:53 Binary: /sbin/pam_namespace_helper
2026-09-22 07:06:53 Binary: /sbin/pam_timestamp_check
2026-09-22 07:06:53 Binary: /sbin/parted
2026-09-22 07:06:53 Binary: /sbin/partprobe
2026-09-22 07:06:53 Binary: /sbin/pdata_tools
2026-09-22 07:06:53 Binary: /sbin/perlcalls-bpfcc
2026-09-22 07:06:53 Binary: /sbin/perlflow-bpfcc
2026-09-22 07:06:53 Binary: /sbin/perlstat-bpfcc
2026-09-22 07:06:53 Binary: /sbin/phpcalls-bpfcc
2026-09-22 07:06:53 Binary: /sbin/phpflow-bpfcc
2026-09-22 07:06:53 Binary: /sbin/phpstat-bpfcc
2026-09-22 07:06:53 Binary: /sbin/pidpersec-bpfcc
2026-09-22 07:06:53 Binary: /sbin/pidpersec.bt
2026-09-22 07:06:53 Binary: /sbin/plymouthd
2026-09-22 07:06:53 Binary: /sbin/poweroff
2026-09-22 07:06:53 Binary: /sbin/ppchcalls-bpfcc
2026-09-22 07:06:53 Binary: /sbin/profile-bpfcc
2026-09-22 07:06:53 Binary: /sbin/pvchange
2026-09-22 07:06:53 Binary: /sbin/pvck
2026-09-22 07:06:53 Binary: /sbin/pvcreate
2026-09-22 07:06:53 Binary: /sbin/pvdisplay
2026-09-22 07:06:53 Binary: /sbin/pvmove
2026-09-22 07:06:53 Binary: /sbin/pvremove
2026-09-22 07:06:53 Binary: /sbin/pvresize
2026-09-22 07:06:53 Binary: /sbin/pvs
2026-09-22 07:06:53 Binary: /sbin/pvscan
2026-09-22 07:06:53 Binary: /sbin/pwck
2026-09-22 07:06:53 Binary: /sbin/pwconv
2026-09-22 07:06:53 Binary: /sbin/pwhistory_helper
2026-09-22 07:06:53 Binary: /sbin/pwunconv
2026-09-22 07:06:53 Binary: /sbin/pythoncalls-bpfcc
2026-09-22 07:06:53 Binary: /sbin/pythonflow-bpfcc
2026-09-22 07:06:53 Binary: /sbin/pythongc-bpfcc
2026-09-22 07:06:53 Binary: /sbin/pythonstat-bpfcc
2026-09-22 07:06:53 Binary: /sbin/rdmaucma-bpfcc
2026-09-22 07:06:53 Binary: /sbin/readahead-bpfcc
2026-09-22 07:06:53 Binary: /sbin/readprofile
2026-09-22 07:06:53 Binary: /sbin/reboot
2026-09-22 07:06:53 Binary: /sbin/remove-shell
2026-09-22 07:06:53 Binary: /sbin/reset-trace-bpfcc
2026-09-22 07:06:53 Binary: /sbin/resize2fs
2026-09-22 07:06:53 Binary: /sbin/resolvconf
2026-09-22 07:06:53 Binary: /sbin/rmmod
2026-09-22 07:06:53 Binary: /sbin/rmt
2026-09-22 07:06:53 Binary: /sbin/rmt-tar
2026-09-22 07:06:53 Binary: /sbin/rsyslogd
2026-09-22 07:06:53 Binary: /sbin/rtacct
2026-09-22 07:06:53 Binary: /sbin/rtcwake
2026-09-22 07:06:53 Binary: /sbin/rtmon
2026-09-22 07:06:53 Binary: /sbin/rubycalls-bpfcc
2026-09-22 07:06:53 Binary: /sbin/rubyflow-bpfcc
2026-09-22 07:06:53 Binary: /sbin/rubygc-bpfcc
2026-09-22 07:06:53 Binary: /sbin/rubyobjnew-bpfcc
2026-09-22 07:06:53 Binary: /sbin/rubystat-bpfcc
2026-09-22 07:06:53 Binary: /sbin/runqlat-bpfcc
2026-09-22 07:06:53 Binary: /sbin/runqlat.bt
2026-09-22 07:06:53 Binary: /sbin/runqlen-bpfcc
2026-09-22 07:06:53 Binary: /sbin/runqlen.bt
2026-09-22 07:06:53 Binary: /sbin/runqslower-bpfcc
2026-09-22 07:06:53 Binary: /sbin/runuser
2026-09-22 07:06:53 Binary: /sbin/service
2026-09-22 07:06:53 Binary: /sbin/setcap
2026-09-22 07:06:53 Binary: /sbin/setuids.bt
2026-09-22 07:06:54 Binary: /sbin/setvesablank
2026-09-22 07:06:54 Binary: /sbin/setvtrgb
2026-09-22 07:06:54 Binary: /sbin/sfdisk
2026-09-22 07:06:54 Binary: /sbin/sgdisk
2026-09-22 07:06:54 Binary: /sbin/shadowconfig
2026-09-22 07:06:54 Binary: /sbin/shmsnoop-bpfcc
2026-09-22 07:06:54 Binary: /sbin/shutdown
2026-09-22 07:06:54 Binary: /sbin/slabratetop-bpfcc
2026-09-22 07:06:54 Binary: /sbin/sofdsnoop-bpfcc
2026-09-22 07:06:54 Binary: /sbin/softirqs-bpfcc
2026-09-22 07:06:54 Binary: /sbin/solisten-bpfcc
2026-09-22 07:06:54 Binary: /sbin/sshd
2026-09-22 07:06:54 Binary: /sbin/ssllatency.bt
2026-09-22 07:06:54 Binary: /sbin/sslsniff-bpfcc
2026-09-22 07:06:54 Binary: /sbin/sslsnoop.bt
2026-09-22 07:06:54 Binary: /sbin/stackcount-bpfcc
2026-09-22 07:06:54 Binary: /sbin/start-stop-daemon
2026-09-22 07:06:54 Binary: /sbin/statsnoop-bpfcc
2026-09-22 07:06:54 Binary: /sbin/statsnoop.bt
2026-09-22 07:06:54 Binary: /sbin/sudo_logsrvd
2026-09-22 07:06:54 Binary: /sbin/sudo_sendlog.ws
2026-09-22 07:06:54 Binary: /sbin/sulogin
2026-09-22 07:06:54 Binary: /sbin/swapin.bt
2026-09-22 07:06:54 Binary: /sbin/swaplabel
2026-09-22 07:06:54 Binary: /sbin/swapoff
2026-09-22 07:06:54 Binary: /sbin/swapon
2026-09-22 07:06:54 Binary: /sbin/syncsnoop-bpfcc
2026-09-22 07:06:54 Binary: /sbin/syncsnoop.bt
2026-09-22 07:06:54 Binary: /sbin/syscount-bpfcc
2026-09-22 07:06:54 Binary: /sbin/syscount.bt
2026-09-22 07:06:54 Binary: /sbin/sysctl
2026-09-22 07:06:54 Binary: /sbin/tarcat
2026-09-22 07:06:54 Binary: /sbin/tc
2026-09-22 07:06:54 Binary: /sbin/tclcalls-bpfcc
2026-09-22 07:06:54 Binary: /sbin/tclflow-bpfcc
2026-09-22 07:06:54 Binary: /sbin/tclobjnew-bpfcc
2026-09-22 07:06:54 Binary: /sbin/tclstat-bpfcc
2026-09-22 07:06:54 Binary: /sbin/tcpaccept-bpfcc
2026-09-22 07:06:54 Binary: /sbin/tcpaccept.bt
2026-09-22 07:06:54 Binary: /sbin/tcpcong-bpfcc
2026-09-22 07:06:54 Binary: /sbin/tcpconnect-bpfcc
2026-09-22 07:06:54 Binary: /sbin/tcpconnect.bt
2026-09-22 07:06:54 Binary: /sbin/tcpconnlat-bpfcc
2026-09-22 07:06:54 Binary: /sbin/tcpdrop-bpfcc
2026-09-22 07:06:54 Binary: /sbin/tcpdrop.bt
2026-09-22 07:06:54 Binary: /sbin/tcplife-bpfcc
2026-09-22 07:06:54 Binary: /sbin/tcplife.bt
2026-09-22 07:06:54 Binary: /sbin/tcpretrans-bpfcc
2026-09-22 07:06:54 Binary: /sbin/tcpretrans.bt
2026-09-22 07:06:54 Binary: /sbin/tcprtt-bpfcc
2026-09-22 07:06:54 Binary: /sbin/tcpstates-bpfcc
2026-09-22 07:06:54 Binary: /sbin/tcpsubnet-bpfcc
2026-09-22 07:06:54 Binary: /sbin/tcpsynbl-bpfcc
2026-09-22 07:06:54 Binary: /sbin/tcpsynbl.bt
2026-09-22 07:06:54 Binary: /sbin/tcptop-bpfcc
2026-09-22 07:06:54 Binary: /sbin/tcptracer-bpfcc
2026-09-22 07:06:54 Binary: /sbin/thermald
2026-09-22 07:06:54 Binary: /sbin/thin_check
2026-09-22 07:06:54 Binary: /sbin/thin_delta
2026-09-22 07:06:54 Binary: /sbin/thin_dump
2026-09-22 07:06:54 Binary: /sbin/thin_ls
2026-09-22 07:06:54 Binary: /sbin/thin_metadata_pack
2026-09-22 07:06:54 Binary: /sbin/thin_metadata_size
2026-09-22 07:06:54 Binary: /sbin/thin_metadata_unpack
2026-09-22 07:06:54 Binary: /sbin/thin_migrate
2026-09-22 07:06:54 Binary: /sbin/thin_repair
2026-09-22 07:06:54 Binary: /sbin/thin_restore
2026-09-22 07:06:54 Binary: /sbin/thin_rmap
2026-09-22 07:06:54 Binary: /sbin/thin_trim
2026-09-22 07:06:54 Binary: /sbin/threadsnoop-bpfcc
2026-09-22 07:06:54 Binary: /sbin/threadsnoop.bt
2026-09-22 07:06:54 Binary: /sbin/tipc
2026-09-22 07:06:54 Binary: /sbin/tplist-bpfcc
2026-09-22 07:06:54 Binary: /sbin/trace-bpfcc
2026-09-22 07:06:54 Binary: /sbin/ttysnoop-bpfcc
2026-09-22 07:06:54 Binary: /sbin/tune.exfat
2026-09-22 07:06:54 Binary: /sbin/tune2fs
2026-09-22 07:06:54 Binary: /sbin/u-d-c-print-pci-ids
2026-09-22 07:06:54 Binary: /sbin/ucalls
2026-09-22 07:06:54 Binary: /sbin/uflow
2026-09-22 07:06:54 Binary: /sbin/ufw
2026-09-22 07:06:54 Binary: /sbin/ugc
2026-09-22 07:06:54 Binary: /sbin/umount.udisks2
2026-09-22 07:06:54 Binary: /sbin/undump.bt
2026-09-22 07:06:54 Binary: /sbin/unix_chkpwd
2026-09-22 07:06:54 Binary: /sbin/unix_update
2026-09-22 07:06:54 Binary: /sbin/uobjnew
2026-09-22 07:06:54 Binary: /sbin/update-ca-certificates
2026-09-22 07:06:54 Binary: /sbin/update-catalog
2026-09-22 07:06:54 Binary: /sbin/update-cracklib
2026-09-22 07:06:54 Binary: /sbin/update-grub
2026-09-22 07:06:54 Binary: /sbin/update-grub-gfxpayload
2026-09-22 07:06:54 Binary: /sbin/update-grub2
2026-09-22 07:06:54 Binary: /sbin/update-ieee-data
2026-09-22 07:06:54 Binary: /sbin/update-info-dir
2026-09-22 07:06:54 Binary: /sbin/update-initramfs
2026-09-22 07:06:54 Binary: /sbin/update-locale
2026-09-22 07:06:54 Binary: /sbin/update-passwd
2026-09-22 07:06:54 Binary: /sbin/update-pciids
2026-09-22 07:06:54 Binary: /sbin/update-rc.d
2026-09-22 07:06:54 Binary: /sbin/update-shells
2026-09-22 07:06:54 Binary: /sbin/update-xmlcatalog
2026-09-22 07:06:54 Binary: /sbin/usb_modeswitch
2026-09-22 07:06:54 Binary: /sbin/usb_modeswitch_dispatcher
2026-09-22 07:06:55 Binary: /sbin/usbmuxd
2026-09-22 07:06:55 Binary: /sbin/useradd
2026-09-22 07:06:55 Binary: /sbin/userdel
2026-09-22 07:06:55 Binary: /sbin/usermod
2026-09-22 07:06:55 Binary: /sbin/ustat
2026-09-22 07:06:55 Binary: /sbin/uthreads
2026-09-22 07:06:55 Binary: /sbin/uuidd
2026-09-22 07:06:55 Binary: /sbin/validlocale
2026-09-22 07:06:55 Binary: /sbin/vcstime
2026-09-22 07:06:55 Binary: /sbin/vdpa
2026-09-22 07:06:55 Binary: /sbin/veritysetup
2026-09-22 07:06:55 Binary: /sbin/vfscount-bpfcc
2026-09-22 07:06:55 Binary: /sbin/vfscount.bt
2026-09-22 07:06:55 Binary: /sbin/vfsstat-bpfcc
2026-09-22 07:06:55 Binary: /sbin/vfsstat.bt
2026-09-22 07:06:55 Binary: /sbin/vgcfgbackup
2026-09-22 07:06:55 Binary: /sbin/vgcfgrestore
2026-09-22 07:06:55 Binary: /sbin/vgchange
2026-09-22 07:06:55 Binary: /sbin/vgck
2026-09-22 07:06:55 Binary: /sbin/vgconvert
2026-09-22 07:06:55 Binary: /sbin/vgcreate
2026-09-22 07:06:55 Binary: /sbin/vgdisplay
2026-09-22 07:06:55 Binary: /sbin/vgexport
2026-09-22 07:06:55 Binary: /sbin/vgextend
2026-09-22 07:06:55 Binary: /sbin/vgimport
2026-09-22 07:06:55 Binary: /sbin/vgimportclone
2026-09-22 07:06:55 Binary: /sbin/vgmerge
2026-09-22 07:06:55 Binary: /sbin/vgmknodes
2026-09-22 07:06:55 Binary: /sbin/vgreduce
2026-09-22 07:06:55 Binary: /sbin/vgremove
2026-09-22 07:06:55 Binary: /sbin/vgrename
2026-09-22 07:06:55 Binary: /sbin/vgs
2026-09-22 07:06:55 Binary: /sbin/vgscan
2026-09-22 07:06:55 Binary: /sbin/vgsplit
2026-09-22 07:06:55 Binary: /sbin/vigr
2026-09-22 07:06:55 Binary: /sbin/vipw
2026-09-22 07:06:55 Binary: /sbin/virtiostat-bpfcc
2026-09-22 07:06:55 Binary: /sbin/visudo
2026-09-22 07:06:55 Binary: /sbin/visudo.ws
2026-09-22 07:06:55 Binary: /sbin/vmcore-dmesg
2026-09-22 07:06:55 Binary: /sbin/vpddecode
2026-09-22 07:06:55 Binary: /sbin/wakeuptime-bpfcc
2026-09-22 07:06:55 Binary: /sbin/wipefs
2026-09-22 07:06:55 Binary: /sbin/wqlat-bpfcc
2026-09-22 07:06:55 Binary: /sbin/writeback.bt
2026-09-22 07:06:55 Binary: /sbin/xfs_admin
2026-09-22 07:06:55 Binary: /sbin/xfs_bmap
2026-09-22 07:06:55 Binary: /sbin/xfs_copy
2026-09-22 07:06:55 Binary: /sbin/xfs_db
2026-09-22 07:06:55 Binary: /sbin/xfs_estimate
2026-09-22 07:06:55 Binary: /sbin/xfs_freeze
2026-09-22 07:06:55 Binary: /sbin/xfs_fsr
2026-09-22 07:06:55 Binary: /sbin/xfs_growfs
2026-09-22 07:06:55 Binary: /sbin/xfs_info
2026-09-22 07:06:55 Binary: /sbin/xfs_io
2026-09-22 07:06:55 Binary: /sbin/xfs_logprint
2026-09-22 07:06:55 Binary: /sbin/xfs_mdrestore
2026-09-22 07:06:55 Binary: /sbin/xfs_metadump
2026-09-22 07:06:55 Binary: /sbin/xfs_mkfile
2026-09-22 07:06:55 Binary: /sbin/xfs_ncheck
2026-09-22 07:06:55 Binary: /sbin/xfs_property
2026-09-22 07:06:55 Binary: /sbin/xfs_protofile
2026-09-22 07:06:55 Binary: /sbin/xfs_quota
2026-09-22 07:06:55 Binary: /sbin/xfs_repair
2026-09-22 07:06:55 Binary: /sbin/xfs_rtcp
2026-09-22 07:06:55 Binary: /sbin/xfs_scrub
2026-09-22 07:06:55 Binary: /sbin/xfs_scrub_all
2026-09-22 07:06:55 Binary: /sbin/xfs_spaceman
2026-09-22 07:06:55 Binary: /sbin/xfsdist-bpfcc
2026-09-22 07:06:55 Binary: /sbin/xfsdist.bt
2026-09-22 07:06:55 Binary: /sbin/xfsslower-bpfcc
2026-09-22 07:06:55 Binary: /sbin/xtables-legacy-multi
2026-09-22 07:06:55 Binary: /sbin/xtables-monitor
2026-09-22 07:06:55 Binary: /sbin/xtables-nft-multi
2026-09-22 07:06:55 Binary: /sbin/zerofree
2026-09-22 07:06:55 Binary: /sbin/zfsdist-bpfcc
2026-09-22 07:06:55 Binary: /sbin/zfsslower-bpfcc
2026-09-22 07:06:55 Binary: /sbin/zic
2026-09-22 07:06:55 Binary: /sbin/zramctl
2026-09-22 07:06:55 ====
2026-09-22 07:06:55 Test: Checking binaries in directory /usr/bin
2026-09-22 07:06:55 Directory /usr/bin exists. Starting directory scanning...
2026-09-22 07:06:55 Binary: /usr/bin/3cpio
2026-09-22 07:06:55 Binary: /usr/bin/VGAuthService
2026-09-22 07:06:55 Binary: /usr/bin/[
2026-09-22 07:06:55 Binary: /usr/bin/aa-enabled
2026-09-22 07:06:55 Binary: /usr/bin/aa-exec
2026-09-22 07:06:55 Binary: /usr/bin/aa-features-abi
2026-09-22 07:06:55 Binary: /usr/bin/acpidbg
2026-09-22 07:06:55 Binary: /usr/bin/activate-global-python-argcomplete
2026-09-22 07:06:55 Binary: /usr/bin/add-apt-repository
2026-09-22 07:06:55 Binary: /usr/bin/addpart
2026-09-22 07:06:55 Binary: /usr/bin/addr2line
2026-09-22 07:06:55 Binary: /usr/bin/ansible
2026-09-22 07:06:55 Binary: /usr/bin/ansible-community
2026-09-22 07:06:55 Binary: /usr/bin/ansible-config
2026-09-22 07:06:55 Binary: /usr/bin/ansible-console
2026-09-22 07:06:55 Binary: /usr/bin/ansible-doc
2026-09-22 07:06:55 Binary: /usr/bin/ansible-galaxy
2026-09-22 07:06:55 Binary: /usr/bin/ansible-inventory
2026-09-22 07:06:55 Binary: /usr/bin/ansible-playbook
2026-09-22 07:06:56 Binary: /usr/bin/ansible-pull
2026-09-22 07:06:56 Binary: /usr/bin/ansible-test
2026-09-22 07:06:56 Binary: /usr/bin/ansible-vault
2026-09-22 07:06:56 Binary: /usr/bin/apport-bug
2026-09-22 07:06:56 Binary: /usr/bin/apport-cli
2026-09-22 07:06:56 Binary: /usr/bin/apport-collect
2026-09-22 07:06:56 Binary: /usr/bin/apport-unpack
2026-09-22 07:06:56 Binary: /usr/bin/appstreamcli
2026-09-22 07:06:56 Binary: /usr/bin/apropos
2026-09-22 07:06:56 Binary: /usr/bin/apt
2026-09-22 07:06:56 Binary: /usr/bin/apt-add-repository
2026-09-22 07:06:56 Binary: /usr/bin/apt-cache
2026-09-22 07:06:56 Binary: /usr/bin/apt-cdrom
2026-09-22 07:06:56 Binary: /usr/bin/apt-config
2026-09-22 07:06:56 Binary: /usr/bin/apt-get
2026-09-22 07:06:56 Binary: /usr/bin/apt-mark
2026-09-22 07:06:56 Binary: /usr/bin/ar
2026-09-22 07:06:56 Binary: /usr/bin/arch
2026-09-22 07:06:56 Binary: /usr/bin/as
2026-09-22 07:06:56 Binary: /usr/bin/aulast
2026-09-22 07:06:56 Binary: /usr/bin/aulastlog
2026-09-22 07:06:56 Binary: /usr/bin/ausyscall
2026-09-22 07:06:56 Binary: /usr/bin/automat-visualize3
2026-09-22 07:06:56 Binary: /usr/bin/awk
2026-09-22 07:06:56 Binary: /usr/bin/b2sum
2026-09-22 07:06:56 Binary: /usr/bin/base32
2026-09-22 07:06:56 Binary: /usr/bin/base64
2026-09-22 07:06:56 Binary: /usr/bin/basename
2026-09-22 07:06:56 Binary: /usr/bin/basenc
2026-09-22 07:06:56 Binary: /usr/bin/bash
2026-09-22 07:06:56 Binary: /usr/bin/bashbug
2026-09-22 07:06:56 Binary: /usr/bin/bc
2026-09-22 07:06:56 Binary: /usr/bin/bits
2026-09-22 07:06:56 Binary: /usr/bin/blkzone
2026-09-22 07:06:56 Binary: /usr/bin/boltctl
2026-09-22 07:06:56 Binary: /usr/bin/bpftrace
2026-09-22 07:06:56 Binary: /usr/bin/bpftrace-aotrt
2026-09-22 07:06:56 Binary: /usr/bin/btrfs
2026-09-22 07:06:56 Binary: /usr/bin/btrfs-convert
2026-09-22 07:06:56 Binary: /usr/bin/btrfs-find-root
2026-09-22 07:06:56 Binary: /usr/bin/btrfs-image
2026-09-22 07:06:56 Binary: /usr/bin/btrfs-map-logical
2026-09-22 07:06:56 Binary: /usr/bin/btrfs-select-super
2026-09-22 07:06:56 Binary: /usr/bin/btrfsck
2026-09-22 07:06:56 Binary: /usr/bin/btrfstune
2026-09-22 07:06:56 Binary: /usr/bin/busctl
2026-09-22 07:06:56 Binary: /usr/bin/busybox
2026-09-22 07:06:56 Binary: /usr/bin/c++filt
2026-09-22 07:06:56 Binary: /usr/bin/c_rehash
2026-09-22 07:06:56 Binary: /usr/bin/captoinfo
2026-09-22 07:06:56 Binary: /usr/bin/cat
2026-09-22 07:06:56 Binary: /usr/bin/catman
2026-09-22 07:06:56 Binary: /usr/bin/cftp3
2026-09-22 07:06:56 Binary: /usr/bin/chage
2026-09-22 07:06:56 Binary: /usr/bin/chardet
2026-09-22 07:06:56 Binary: /usr/bin/chardetect
2026-09-22 07:06:56 Binary: /usr/bin/chattr
2026-09-22 07:06:56 Binary: /usr/bin/chcon
2026-09-22 07:06:56 Binary: /usr/bin/chcpu
2026-09-22 07:06:56 Binary: /usr/bin/chfn
2026-09-22 07:06:56 Binary: /usr/bin/chgrp
2026-09-22 07:06:56 Binary: /usr/bin/chmem
2026-09-22 07:06:56 Binary: /usr/bin/chmod
2026-09-22 07:06:56 Binary: /usr/bin/choom
2026-09-22 07:06:56 Binary: /usr/bin/chown
2026-09-22 07:06:56 Binary: /usr/bin/chronyc
2026-09-22 07:06:56 Binary: /usr/bin/chroot
2026-09-22 07:06:56 Binary: /usr/bin/chrt
2026-09-22 07:06:56 Binary: /usr/bin/chsh
2026-09-22 07:06:56 Binary: /usr/bin/chvt
2026-09-22 07:06:56 Binary: /usr/bin/cifsiostat
2026-09-22 07:06:56 Binary: /usr/bin/ckbcomp
2026-09-22 07:06:56 Binary: /usr/bin/ckeygen3
2026-09-22 07:06:56 Binary: /usr/bin/cksum
2026-09-22 07:06:56 Binary: /usr/bin/clear
2026-09-22 07:06:56 Binary: /usr/bin/clear_console
2026-09-22 07:06:56 Binary: /usr/bin/cloud-id
2026-09-22 07:06:56 Binary: /usr/bin/cloud-init
2026-09-22 07:06:56 Binary: /usr/bin/cloud-init-per
2026-09-22 07:06:56 Binary: /usr/bin/cmp
2026-09-22 07:06:56 Binary: /usr/bin/codepage
2026-09-22 07:06:56 Binary: /usr/bin/col
2026-09-22 07:06:56 Binary: /usr/bin/colcrt
2026-09-22 07:06:56 Binary: /usr/bin/colrm
2026-09-22 07:06:56 Binary: /usr/bin/column
2026-09-22 07:06:56 Binary: /usr/bin/comm
2026-09-22 07:06:56 Binary: /usr/bin/conch3
2026-09-22 07:06:56 Binary: /usr/bin/corelist
2026-09-22 07:06:56 Binary: /usr/bin/coresched
2026-09-22 07:06:56 Binary: /usr/bin/coreutils
2026-09-22 07:06:56 Binary: /usr/bin/cp
2026-09-22 07:06:56 Binary: /usr/bin/cpan
2026-09-22 07:06:56 Binary: /usr/bin/cpan5.40-x86_64-linux-gnu
2026-09-22 07:06:56 Binary: /usr/bin/cpio
2026-09-22 07:06:56 Binary: /usr/bin/cpupower
2026-09-22 07:06:56 Binary: /usr/bin/crash
2026-09-22 07:06:56 Binary: /usr/bin/crontab
2026-09-22 07:06:56 Binary: /usr/bin/csplit
2026-09-22 07:06:56 Binary: /usr/bin/ctstat
2026-09-22 07:06:56 Binary: /usr/bin/curl
2026-09-22 07:06:56 Binary: /usr/bin/cut
2026-09-22 07:06:56 Binary: /usr/bin/cvtsudoers.ws
2026-09-22 07:06:56 Binary: /usr/bin/dash
2026-09-22 07:06:57 Binary: /usr/bin/date
2026-09-22 07:06:57 Binary: /usr/bin/dbus-cleanup-sockets
2026-09-22 07:06:57 Binary: /usr/bin/dbus-daemon
2026-09-22 07:06:57 Binary: /usr/bin/dbus-monitor
2026-09-22 07:06:57 Binary: /usr/bin/dbus-run-session
2026-09-22 07:06:57 Binary: /usr/bin/dbus-send
2026-09-22 07:06:57 Binary: /usr/bin/dbus-update-activation-environment
2026-09-22 07:06:57 Binary: /usr/bin/dbus-uuidgen
2026-09-22 07:06:57 Binary: /usr/bin/dbxtool
2026-09-22 07:06:57 Binary: /usr/bin/dd
2026-09-22 07:06:57 Binary: /usr/bin/deallocvt
2026-09-22 07:06:57 Binary: /usr/bin/deb-systemd-helper
2026-09-22 07:06:57 Binary: /usr/bin/deb-systemd-invoke
2026-09-22 07:06:57 Binary: /usr/bin/debconf
2026-09-22 07:06:57 Binary: /usr/bin/debconf-apt-progress
2026-09-22 07:06:57 Binary: /usr/bin/debconf-communicate
2026-09-22 07:06:57 Binary: /usr/bin/debconf-copydb
2026-09-22 07:06:57 Binary: /usr/bin/debconf-escape
2026-09-22 07:06:57 Binary: /usr/bin/debconf-set-selections
2026-09-22 07:06:57 Binary: /usr/bin/debconf-show
2026-09-22 07:06:57 Binary: /usr/bin/debian-distro-info
2026-09-22 07:06:57 Binary: /usr/bin/delpart
2026-09-22 07:06:57 Binary: /usr/bin/delv
2026-09-22 07:06:57 Binary: /usr/bin/df
2026-09-22 07:06:57 Binary: /usr/bin/dh_bash-completion
2026-09-22 07:06:57 Binary: /usr/bin/dh_installxmlcatalogs
2026-09-22 07:06:57 Binary: /usr/bin/diff
2026-09-22 07:06:57 Binary: /usr/bin/diff3
2026-09-22 07:06:57 Binary: /usr/bin/dig
2026-09-22 07:06:57 Binary: /usr/bin/dir
2026-09-22 07:06:57 Binary: /usr/bin/dircolors
2026-09-22 07:06:57 Binary: /usr/bin/dirmngr
2026-09-22 07:06:57 Binary: /usr/bin/dirmngr-client
2026-09-22 07:06:57 Binary: /usr/bin/dirname
2026-09-22 07:06:57 Binary: /usr/bin/distro-info
2026-09-22 07:06:57 Binary: /usr/bin/dmesg
2026-09-22 07:06:57 Binary: /usr/bin/dnsdomainname
2026-09-22 07:06:57 Binary: /usr/bin/do-release-upgrade
2026-09-22 07:06:57 Binary: /usr/bin/domainname
2026-09-22 07:06:57 Binary: /usr/bin/dpkg
2026-09-22 07:06:57 Binary: /usr/bin/dpkg-deb
2026-09-22 07:06:57 Binary: /usr/bin/dpkg-divert
2026-09-22 07:06:57 Binary: /usr/bin/dpkg-maintscript-helper
2026-09-22 07:06:57 Binary: /usr/bin/dpkg-query
2026-09-22 07:06:57 Binary: /usr/bin/dpkg-realpath
2026-09-22 07:06:57 Binary: /usr/bin/dpkg-split
2026-09-22 07:06:57 Binary: /usr/bin/dpkg-statoverride
2026-09-22 07:06:57 Binary: /usr/bin/dpkg-trigger
2026-09-22 07:06:57 Binary: /usr/bin/dracut
2026-09-22 07:06:57 Binary: /usr/bin/dracut-catimages
2026-09-22 07:06:57 Binary: /usr/bin/du
2026-09-22 07:06:57 Binary: /usr/bin/dumpkeys
2026-09-22 07:06:57 Binary: /usr/bin/eatmydata
2026-09-22 07:06:57 Binary: /usr/bin/ec2metadata
2026-09-22 07:06:57 Binary: /usr/bin/echo
2026-09-22 07:06:57 Binary: /usr/bin/ed
2026-09-22 07:06:57 Binary: /usr/bin/editor
2026-09-22 07:06:57 Binary: /usr/bin/egrep
2026-09-22 07:06:57 Binary: /usr/bin/eject
2026-09-22 07:06:57 Binary: /usr/bin/elfedit
2026-09-22 07:06:57 Binary: /usr/bin/enc2xs
2026-09-22 07:06:57 Binary: /usr/bin/encguess
2026-09-22 07:06:57 Binary: /usr/bin/enosys
2026-09-22 07:06:57 Binary: /usr/bin/env
2026-09-22 07:06:57 Binary: /usr/bin/envsubst
2026-09-22 07:06:57 Binary: /usr/bin/eqn
2026-09-22 07:06:57 Binary: /usr/bin/ex
2026-09-22 07:06:57 Binary: /usr/bin/exch
2026-09-22 07:06:57 Binary: /usr/bin/expand
2026-09-22 07:06:57 Binary: /usr/bin/expiry
2026-09-22 07:06:57 Binary: /usr/bin/expr
2026-09-22 07:06:57 Binary: /usr/bin/factor
2026-09-22 07:06:57 Binary: /usr/bin/fadvise
2026-09-22 07:06:57 Binary: /usr/bin/fail2ban-client
2026-09-22 07:06:57 Binary: /usr/bin/fail2ban-python
2026-09-22 07:06:57 Binary: /usr/bin/fail2ban-regex
2026-09-22 07:06:57 Binary: /usr/bin/fail2ban-server
2026-09-22 07:06:57   Found known binary: fail2ban-server (Security tool) - /usr/bin/fail2ban-server
2026-09-22 07:06:57 Binary: /usr/bin/fail2ban-testcases
2026-09-22 07:06:57 Binary: /usr/bin/fallocate
2026-09-22 07:06:57 Binary: /usr/bin/false
2026-09-22 07:06:57 Binary: /usr/bin/fgconsole
2026-09-22 07:06:57 Binary: /usr/bin/fgrep
2026-09-22 07:06:57 Binary: /usr/bin/file
2026-09-22 07:06:57 Binary: /usr/bin/finalrd
2026-09-22 07:06:57 Binary: /usr/bin/fincore
2026-09-22 07:06:57 Binary: /usr/bin/find
2026-09-22 07:06:57 Binary: /usr/bin/findmnt
2026-09-22 07:06:57 Binary: /usr/bin/flock
2026-09-22 07:06:57 Binary: /usr/bin/fmt
2026-09-22 07:06:57 Binary: /usr/bin/fold
2026-09-22 07:06:57 Binary: /usr/bin/free
2026-09-22 07:06:57 Binary: /usr/bin/ftp
2026-09-22 07:06:57 Binary: /usr/bin/fuser
2026-09-22 07:06:57 Binary: /usr/bin/fusermount
2026-09-22 07:06:57 Binary: /usr/bin/fusermount3
2026-09-22 07:06:57 Binary: /usr/bin/fwupdmgr
2026-09-22 07:06:57 Binary: /usr/bin/fwupdtool
2026-09-22 07:06:57 Binary: /usr/bin/gapplication
2026-09-22 07:06:57 Binary: /usr/bin/gawk
2026-09-22 07:06:57 Binary: /usr/bin/gawkbug
2026-09-22 07:06:57 Binary: /usr/bin/gdbus
2026-09-22 07:06:58 Binary: /usr/bin/gencat
2026-09-22 07:06:58 Binary: /usr/bin/geqn
2026-09-22 07:06:58 Binary: /usr/bin/getconf
2026-09-22 07:06:58 Binary: /usr/bin/getent
2026-09-22 07:06:58 Binary: /usr/bin/getkeycodes
2026-09-22 07:06:58 Binary: /usr/bin/getopt
2026-09-22 07:06:58 Binary: /usr/bin/gettext
2026-09-22 07:06:58 Binary: /usr/bin/gettext.sh
2026-09-22 07:06:58 Binary: /usr/bin/ginstall-info
2026-09-22 07:06:58 Binary: /usr/bin/gio
2026-09-22 07:06:58 Binary: /usr/bin/gio-querymodules
2026-09-22 07:06:58 Binary: /usr/bin/git
2026-09-22 07:06:58 Binary: /usr/bin/git-receive-pack
2026-09-22 07:06:58 Binary: /usr/bin/git-shell
2026-09-22 07:06:58 Binary: /usr/bin/git-upload-archive
2026-09-22 07:06:58 Binary: /usr/bin/git-upload-pack
2026-09-22 07:06:58 Binary: /usr/bin/glib-compile-schemas
2026-09-22 07:06:58 Binary: /usr/bin/gnu[
2026-09-22 07:06:58 Binary: /usr/bin/gnuarch
2026-09-22 07:06:58 Binary: /usr/bin/gnub2sum
2026-09-22 07:06:58 Binary: /usr/bin/gnubase32
2026-09-22 07:06:58 Binary: /usr/bin/gnubase64
2026-09-22 07:06:58 Binary: /usr/bin/gnubasename
2026-09-22 07:06:58 Binary: /usr/bin/gnubasenc
2026-09-22 07:06:58 Binary: /usr/bin/gnucat
2026-09-22 07:06:58 Binary: /usr/bin/gnuchcon
2026-09-22 07:06:58 Binary: /usr/bin/gnuchgrp
2026-09-22 07:06:58 Binary: /usr/bin/gnuchmod
2026-09-22 07:06:58 Binary: /usr/bin/gnuchown
2026-09-22 07:06:58 Binary: /usr/bin/gnucksum
2026-09-22 07:06:58 Binary: /usr/bin/gnucomm
2026-09-22 07:06:58 Binary: /usr/bin/gnucp
2026-09-22 07:06:58 Binary: /usr/bin/gnucsplit
2026-09-22 07:06:58 Binary: /usr/bin/gnucut
2026-09-22 07:06:58 Binary: /usr/bin/gnudate
2026-09-22 07:06:58 Binary: /usr/bin/gnudd
2026-09-22 07:06:58 Binary: /usr/bin/gnudf
2026-09-22 07:06:58 Binary: /usr/bin/gnudir
2026-09-22 07:06:58 Binary: /usr/bin/gnudircolors
2026-09-22 07:06:58 Binary: /usr/bin/gnudirname
2026-09-22 07:06:58 Binary: /usr/bin/gnudu
2026-09-22 07:06:58 Binary: /usr/bin/gnuecho
2026-09-22 07:06:58 Binary: /usr/bin/gnuenv
2026-09-22 07:06:58 Binary: /usr/bin/gnuexpand
2026-09-22 07:06:58 Binary: /usr/bin/gnuexpr
2026-09-22 07:06:58 Binary: /usr/bin/gnufactor
2026-09-22 07:06:58 Binary: /usr/bin/gnufalse
2026-09-22 07:06:58 Binary: /usr/bin/gnufmt
2026-09-22 07:06:58 Binary: /usr/bin/gnufold
2026-09-22 07:06:58 Binary: /usr/bin/gnugroups
2026-09-22 07:06:58 Binary: /usr/bin/gnuhead
2026-09-22 07:06:58 Binary: /usr/bin/gnuhostid
2026-09-22 07:06:58 Binary: /usr/bin/gnuid
2026-09-22 07:06:58 Binary: /usr/bin/gnuinstall
2026-09-22 07:06:58 Binary: /usr/bin/gnujoin
2026-09-22 07:06:58 Binary: /usr/bin/gnulink
2026-09-22 07:06:58 Binary: /usr/bin/gnuln
2026-09-22 07:06:58 Binary: /usr/bin/gnulogname
2026-09-22 07:06:58 Binary: /usr/bin/gnuls
2026-09-22 07:06:58 Binary: /usr/bin/gnumd5sum
2026-09-22 07:06:58 Binary: /usr/bin/gnumkdir
2026-09-22 07:06:58 Binary: /usr/bin/gnumkfifo
2026-09-22 07:06:58 Binary: /usr/bin/gnumknod
2026-09-22 07:06:58 Binary: /usr/bin/gnumktemp
2026-09-22 07:06:58 Binary: /usr/bin/gnumv
2026-09-22 07:06:58 Binary: /usr/bin/gnunice
2026-09-22 07:06:58 Binary: /usr/bin/gnunl
2026-09-22 07:06:58 Binary: /usr/bin/gnunohup
2026-09-22 07:06:58 Binary: /usr/bin/gnunproc
2026-09-22 07:06:58 Binary: /usr/bin/gnunumfmt
2026-09-22 07:06:58 Binary: /usr/bin/gnuod
2026-09-22 07:06:58 Binary: /usr/bin/gnupaste
2026-09-22 07:06:58 Binary: /usr/bin/gnupathchk
2026-09-22 07:06:58 Binary: /usr/bin/gnupinky
2026-09-22 07:06:58 Binary: /usr/bin/gnupr
2026-09-22 07:06:58 Binary: /usr/bin/gnuprintenv
2026-09-22 07:06:58 Binary: /usr/bin/gnuprintf
2026-09-22 07:06:58 Binary: /usr/bin/gnuptx
2026-09-22 07:06:58 Binary: /usr/bin/gnupwd
2026-09-22 07:06:58 Binary: /usr/bin/gnureadlink
2026-09-22 07:06:58 Binary: /usr/bin/gnurealpath
2026-09-22 07:06:58 Binary: /usr/bin/gnurm
2026-09-22 07:06:58 Binary: /usr/bin/gnurmdir
2026-09-22 07:06:58 Binary: /usr/bin/gnuruncon
2026-09-22 07:06:58 Binary: /usr/bin/gnuseq
2026-09-22 07:06:58 Binary: /usr/bin/gnusha1sum
2026-09-22 07:06:58 Binary: /usr/bin/gnusha224sum
2026-09-22 07:06:58 Binary: /usr/bin/gnusha256sum
2026-09-22 07:06:58 Binary: /usr/bin/gnusha384sum
2026-09-22 07:06:58 Binary: /usr/bin/gnusha512sum
2026-09-22 07:06:58 Binary: /usr/bin/gnushred
2026-09-22 07:06:58 Binary: /usr/bin/gnushuf
2026-09-22 07:06:58 Binary: /usr/bin/gnusleep
2026-09-22 07:06:58 Binary: /usr/bin/gnusort
2026-09-22 07:06:58 Binary: /usr/bin/gnusplit
2026-09-22 07:06:58 Binary: /usr/bin/gnustat
2026-09-22 07:06:58 Binary: /usr/bin/gnustdbuf
2026-09-22 07:06:58 Binary: /usr/bin/gnustty
2026-09-22 07:06:58 Binary: /usr/bin/gnusum
2026-09-22 07:06:58 Binary: /usr/bin/gnusync
2026-09-22 07:06:59 Binary: /usr/bin/gnutac
2026-09-22 07:06:59 Binary: /usr/bin/gnutail
2026-09-22 07:06:59 Binary: /usr/bin/gnutee
2026-09-22 07:06:59 Binary: /usr/bin/gnutest
2026-09-22 07:06:59 Binary: /usr/bin/gnutimeout
2026-09-22 07:06:59 Binary: /usr/bin/gnutouch
2026-09-22 07:06:59 Binary: /usr/bin/gnutr
2026-09-22 07:06:59 Binary: /usr/bin/gnutrue
2026-09-22 07:06:59 Binary: /usr/bin/gnutruncate
2026-09-22 07:06:59 Binary: /usr/bin/gnutsort
2026-09-22 07:06:59 Binary: /usr/bin/gnutty
2026-09-22 07:06:59 Binary: /usr/bin/gnuuname
2026-09-22 07:06:59 Binary: /usr/bin/gnuunexpand
2026-09-22 07:06:59 Binary: /usr/bin/gnuuniq
2026-09-22 07:06:59 Binary: /usr/bin/gnuunlink
2026-09-22 07:06:59 Binary: /usr/bin/gnuusers
2026-09-22 07:06:59 Binary: /usr/bin/gnuvdir
2026-09-22 07:06:59 Binary: /usr/bin/gnuwc
2026-09-22 07:06:59 Binary: /usr/bin/gnuwho
2026-09-22 07:06:59 Binary: /usr/bin/gnuwhoami
2026-09-22 07:06:59 Binary: /usr/bin/gnuyes
2026-09-22 07:06:59 Binary: /usr/bin/gp-archive
2026-09-22 07:06:59 Binary: /usr/bin/gp-collect-app
2026-09-22 07:06:59 Binary: /usr/bin/gp-display-html
2026-09-22 07:06:59 Binary: /usr/bin/gp-display-src
2026-09-22 07:06:59 Binary: /usr/bin/gp-display-text
2026-09-22 07:06:59 Binary: /usr/bin/gpasswd
2026-09-22 07:06:59 Binary: /usr/bin/gpg
2026-09-22 07:06:59 Binary: /usr/bin/gpg-agent
2026-09-22 07:06:59 Binary: /usr/bin/gpg-connect-agent
2026-09-22 07:06:59 Binary: /usr/bin/gpg-mail-tube
2026-09-22 07:06:59 Binary: /usr/bin/gpg-wks-client
2026-09-22 07:06:59 Binary: /usr/bin/gpgconf
2026-09-22 07:06:59 Binary: /usr/bin/gpgparsemail
2026-09-22 07:06:59 Binary: /usr/bin/gpgsm
2026-09-22 07:06:59 Binary: /usr/bin/gpgsplit
2026-09-22 07:06:59 Binary: /usr/bin/gpgtar
2026-09-22 07:06:59 Binary: /usr/bin/gpgv
2026-09-22 07:06:59 Binary: /usr/bin/gpic
2026-09-22 07:06:59 Binary: /usr/bin/gprof
2026-09-22 07:06:59 Binary: /usr/bin/gprofng
2026-09-22 07:06:59 Binary: /usr/bin/gprofng-archive
2026-09-22 07:06:59 Binary: /usr/bin/gprofng-collect-app
2026-09-22 07:06:59 Binary: /usr/bin/gprofng-display-html
2026-09-22 07:06:59 Binary: /usr/bin/gprofng-display-src
2026-09-22 07:06:59 Binary: /usr/bin/gprofng-display-text
2026-09-22 07:06:59 Binary: /usr/bin/gprofng-gmon
2026-09-22 07:06:59 Binary: /usr/bin/gpu-manager
2026-09-22 07:06:59 Binary: /usr/bin/grep
2026-09-22 07:06:59 Binary: /usr/bin/gresource
2026-09-22 07:06:59 Binary: /usr/bin/groff
2026-09-22 07:06:59 Binary: /usr/bin/grog
2026-09-22 07:06:59 Binary: /usr/bin/grops
2026-09-22 07:06:59 Binary: /usr/bin/grotty
2026-09-22 07:06:59 Binary: /usr/bin/groups
2026-09-22 07:06:59 Binary: /usr/bin/growpart
2026-09-22 07:06:59 Binary: /usr/bin/grub-editenv
2026-09-22 07:06:59 Binary: /usr/bin/grub-file
2026-09-22 07:06:59 Binary: /usr/bin/grub-fstest
2026-09-22 07:06:59 Binary: /usr/bin/grub-glue-efi
2026-09-22 07:06:59 Binary: /usr/bin/grub-kbdcomp
2026-09-22 07:06:59 Binary: /usr/bin/grub-menulst2cfg
2026-09-22 07:06:59 Binary: /usr/bin/grub-mkfont
2026-09-22 07:06:59 Binary: /usr/bin/grub-mkimage
2026-09-22 07:06:59 Binary: /usr/bin/grub-mklayout
2026-09-22 07:06:59 Binary: /usr/bin/grub-mknetdir
2026-09-22 07:06:59 Binary: /usr/bin/grub-mkpasswd-pbkdf2
2026-09-22 07:06:59 Binary: /usr/bin/grub-mkrelpath
2026-09-22 07:06:59 Binary: /usr/bin/grub-mkrescue
2026-09-22 07:06:59 Binary: /usr/bin/grub-mkstandalone
2026-09-22 07:06:59 Binary: /usr/bin/grub-mount
2026-09-22 07:06:59 Binary: /usr/bin/grub-ntldr-img
2026-09-22 07:06:59 Binary: /usr/bin/grub-render-label
2026-09-22 07:06:59 Binary: /usr/bin/grub-script-check
2026-09-22 07:06:59 Binary: /usr/bin/grub-syslinux2cfg
2026-09-22 07:06:59 Binary: /usr/bin/gsettings
2026-09-22 07:06:59 Binary: /usr/bin/gtbl
2026-09-22 07:06:59 Binary: /usr/bin/gunzip
2026-09-22 07:06:59 Binary: /usr/bin/gzexe
2026-09-22 07:06:59 Binary: /usr/bin/gzip
2026-09-22 07:06:59 Binary: /usr/bin/h2ph
2026-09-22 07:06:59 Binary: /usr/bin/h2xs
2026-09-22 07:06:59 Binary: /usr/bin/hardlink
2026-09-22 07:06:59 Binary: /usr/bin/hashsum
2026-09-22 07:06:59 Binary: /usr/bin/hd
2026-09-22 07:06:59 Binary: /usr/bin/head
2026-09-22 07:06:59 Binary: /usr/bin/helpztags
2026-09-22 07:06:59 Binary: /usr/bin/hexdump
2026-09-22 07:06:59 Binary: /usr/bin/host
2026-09-22 07:06:59 Binary: /usr/bin/hostid
2026-09-22 07:06:59 Binary: /usr/bin/hostname
2026-09-22 07:06:59 Binary: /usr/bin/hostnamectl
2026-09-22 07:06:59 Binary: /usr/bin/htop
2026-09-22 07:06:59 Binary: /usr/bin/hwctl
2026-09-22 07:06:59 Binary: /usr/bin/hwe-support-status
2026-09-22 07:06:59 Binary: /usr/bin/i386
2026-09-22 07:06:59 Binary: /usr/bin/iconv
2026-09-22 07:06:59 Binary: /usr/bin/id
2026-09-22 07:06:59 Binary: /usr/bin/inetutils-telnet
2026-09-22 07:06:59 Binary: /usr/bin/info
2026-09-22 07:06:59 Binary: /usr/bin/infobrowser
2026-09-22 07:06:59 Binary: /usr/bin/infocmp
2026-09-22 07:06:59 Binary: /usr/bin/infotocap
2026-09-22 07:06:59 Binary: /usr/bin/install
2026-09-22 07:06:59 Binary: /usr/bin/install-info
2026-09-22 07:07:00 Binary: /usr/bin/install-menu
2026-09-22 07:07:00 Binary: /usr/bin/instmodsh
2026-09-22 07:07:00 Binary: /usr/bin/ionice
2026-09-22 07:07:00 Binary: /usr/bin/iostat
2026-09-22 07:07:00 Binary: /usr/bin/ip
2026-09-22 07:07:00 Binary: /usr/bin/ipcmk
2026-09-22 07:07:00 Binary: /usr/bin/ipcrm
2026-09-22 07:07:00 Binary: /usr/bin/ipcs
2026-09-22 07:07:00 Binary: /usr/bin/iptables-xml
2026-09-22 07:07:00 Binary: /usr/bin/ischroot
2026-09-22 07:07:00 Binary: /usr/bin/iscsiadm
2026-09-22 07:07:00 Binary: /usr/bin/isosize
2026-09-22 07:07:00 Binary: /usr/bin/join
2026-09-22 07:07:00 Binary: /usr/bin/journalctl
2026-09-22 07:07:00 Binary: /usr/bin/jq
2026-09-22 07:07:00 Binary: /usr/bin/json-patch-jsondiff
2026-09-22 07:07:00 Binary: /usr/bin/json_pp
2026-09-22 07:07:00 Binary: /usr/bin/jsondiff
2026-09-22 07:07:00 Binary: /usr/bin/jsonpatch
2026-09-22 07:07:00 Binary: /usr/bin/jsonpointer
2026-09-22 07:07:00 Binary: /usr/bin/jsonschema
2026-09-22 07:07:00 Binary: /usr/bin/kbd_mode
2026-09-22 07:07:00 Binary: /usr/bin/kbdinfo
2026-09-22 07:07:00 Binary: /usr/bin/kbxutil
2026-09-22 07:07:00 Binary: /usr/bin/kernel-install
2026-09-22 07:07:00 Binary: /usr/bin/kill
2026-09-22 07:07:00 Binary: /usr/bin/killall
2026-09-22 07:07:00 Binary: /usr/bin/kmod
2026-09-22 07:07:00 Binary: /usr/bin/kmodsign
2026-09-22 07:07:00 Binary: /usr/bin/landscape-sysinfo
2026-09-22 07:07:00 Binary: /usr/bin/ld
2026-09-22 07:07:00 Binary: /usr/bin/ld.bfd
2026-09-22 07:07:00 Binary: /usr/bin/ld.so
2026-09-22 07:07:00 Binary: /usr/bin/ldattach
2026-09-22 07:07:00 Binary: /usr/bin/ldd
2026-09-22 07:07:00 Binary: /usr/bin/less
2026-09-22 07:07:00 Binary: /usr/bin/lessecho
2026-09-22 07:07:00 Binary: /usr/bin/lessfile
2026-09-22 07:07:00 Binary: /usr/bin/lesskey
2026-09-22 07:07:00 Binary: /usr/bin/lesspipe
2026-09-22 07:07:00 Binary: /usr/bin/lexgrog
2026-09-22 07:07:00 Binary: /usr/bin/libnetcfg
2026-09-22 07:07:00 Binary: /usr/bin/link
2026-09-22 07:07:00 Binary: /usr/bin/linux-boot-prober
2026-09-22 07:07:00 Binary: /usr/bin/linux-check-removal
2026-09-22 07:07:00 Binary: /usr/bin/linux-run-hooks
2026-09-22 07:07:00 Binary: /usr/bin/linux-update-symlinks
2026-09-22 07:07:00 Binary: /usr/bin/linux-version
2026-09-22 07:07:00 Binary: /usr/bin/linux32
2026-09-22 07:07:00 Binary: /usr/bin/linux64
2026-09-22 07:07:00 Binary: /usr/bin/ln
2026-09-22 07:07:00 Binary: /usr/bin/lnstat
2026-09-22 07:07:00 Binary: /usr/bin/loadkeys
2026-09-22 07:07:00 Binary: /usr/bin/loadunimap
2026-09-22 07:07:00 Binary: /usr/bin/locale
2026-09-22 07:07:00 Binary: /usr/bin/locale-check
2026-09-22 07:07:00 Binary: /usr/bin/localectl
2026-09-22 07:07:00 Binary: /usr/bin/localedef
2026-09-22 07:07:00 Binary: /usr/bin/logger
2026-09-22 07:07:00 Binary: /usr/bin/login
2026-09-22 07:07:00 Binary: /usr/bin/loginctl
2026-09-22 07:07:00 Binary: /usr/bin/logname
2026-09-22 07:07:00 Binary: /usr/bin/look
2026-09-22 07:07:00 Binary: /usr/bin/lowntfs-3g
2026-09-22 07:07:00 Binary: /usr/bin/ls
2026-09-22 07:07:00 Binary: /usr/bin/lsattr
2026-09-22 07:07:00 Binary: /usr/bin/lsb_release
2026-09-22 07:07:00 Binary: /usr/bin/lsblk
2026-09-22 07:07:00 Binary: /usr/bin/lsclocks
2026-09-22 07:07:00 Binary: /usr/bin/lscpu
2026-09-22 07:07:00 Binary: /usr/bin/lsfd
2026-09-22 07:07:00 Binary: /usr/bin/lshw
2026-09-22 07:07:00 Binary: /usr/bin/lsinitramfs
2026-09-22 07:07:00 Binary: /usr/bin/lsinitrd
2026-09-22 07:07:00 Binary: /usr/bin/lsipc
2026-09-22 07:07:00 Binary: /usr/bin/lsirq
2026-09-22 07:07:00 Binary: /usr/bin/lslocks
2026-09-22 07:07:00 Binary: /usr/bin/lslogins
2026-09-22 07:07:00 Binary: /usr/bin/lsmem
2026-09-22 07:07:00 Binary: /usr/bin/lsmod
2026-09-22 07:07:00 Binary: /usr/bin/lsns
2026-09-22 07:07:00 Binary: /usr/bin/lsof
2026-09-22 07:07:00 Binary: /usr/bin/lspci
2026-09-22 07:07:00 Binary: /usr/bin/lspgpot
2026-09-22 07:07:00 Binary: /usr/bin/lspower
2026-09-22 07:07:00 Binary: /usr/bin/lsusb
2026-09-22 07:07:00 Binary: /usr/bin/lzcat
2026-09-22 07:07:00 Binary: /usr/bin/lzcmp
2026-09-22 07:07:00 Binary: /usr/bin/lzdiff
2026-09-22 07:07:00 Binary: /usr/bin/lzegrep
2026-09-22 07:07:00 Binary: /usr/bin/lzfgrep
2026-09-22 07:07:00 Binary: /usr/bin/lzgrep
2026-09-22 07:07:00 Binary: /usr/bin/lzless
2026-09-22 07:07:00 Binary: /usr/bin/lzma
2026-09-22 07:07:00 Binary: /usr/bin/lzmainfo
2026-09-22 07:07:00 Binary: /usr/bin/lzmore
2026-09-22 07:07:00 Binary: /usr/bin/mailmail3
2026-09-22 07:07:00 Binary: /usr/bin/makedumpfile
2026-09-22 07:07:00 Binary: /usr/bin/makedumpfile-R.pl
2026-09-22 07:07:00 Binary: /usr/bin/man
2026-09-22 07:07:00 Binary: /usr/bin/man-recode
2026-09-22 07:07:00 Binary: /usr/bin/mandb
2026-09-22 07:07:00 Binary: /usr/bin/manpath
2026-09-22 07:07:01 Binary: /usr/bin/mapscrn
2026-09-22 07:07:01 Binary: /usr/bin/markdown-it
2026-09-22 07:07:01 Binary: /usr/bin/mawk
2026-09-22 07:07:01 Binary: /usr/bin/mbim-network
2026-09-22 07:07:01 Binary: /usr/bin/mbimcli
2026-09-22 07:07:01 Binary: /usr/bin/mcookie
2026-09-22 07:07:01 Binary: /usr/bin/md5sum
2026-09-22 07:07:01 Binary: /usr/bin/mdig
2026-09-22 07:07:01 Binary: /usr/bin/memhog
2026-09-22 07:07:01 Binary: /usr/bin/migrate-pubring-from-classic-gpg
2026-09-22 07:07:01 Binary: /usr/bin/migratepages
2026-09-22 07:07:01 Binary: /usr/bin/migspeed
2026-09-22 07:07:01 Binary: /usr/bin/mk_modmap
2026-09-22 07:07:01 Binary: /usr/bin/mkdir
2026-09-22 07:07:01 Binary: /usr/bin/mkfifo
2026-09-22 07:07:01 Binary: /usr/bin/mknod
2026-09-22 07:07:01 Binary: /usr/bin/mkpasswd
2026-09-22 07:07:01 Binary: /usr/bin/mksquashfs
2026-09-22 07:07:01 Binary: /usr/bin/mktemp
2026-09-22 07:07:01 Binary: /usr/bin/mmcli
2026-09-22 07:07:01 Binary: /usr/bin/mokutil
2026-09-22 07:07:01 Binary: /usr/bin/more
2026-09-22 07:07:01 Binary: /usr/bin/mount
2026-09-22 07:07:01   Fount known binary: mount (File system tool) - /usr/bin/mount
2026-09-22 07:07:01 Binary: /usr/bin/mountpoint
2026-09-22 07:07:01 Binary: /usr/bin/mpstat
2026-09-22 07:07:01 Binary: /usr/bin/mt
2026-09-22 07:07:01 Binary: /usr/bin/mt-gnu
2026-09-22 07:07:01 Binary: /usr/bin/mtr
2026-09-22 07:07:01 Binary: /usr/bin/mtr-packet
2026-09-22 07:07:01 Binary: /usr/bin/mv
2026-09-22 07:07:01 Binary: /usr/bin/namei
2026-09-22 07:07:01 Binary: /usr/bin/nano
2026-09-22 07:07:01 Binary: /usr/bin/nawk
2026-09-22 07:07:01 Binary: /usr/bin/nc
2026-09-22 07:07:01 Binary: /usr/bin/nc.openbsd
2026-09-22 07:07:01 Binary: /usr/bin/neqn
2026-09-22 07:07:01 Binary: /usr/bin/netaddr
2026-09-22 07:07:01 Binary: /usr/bin/netcat
2026-09-22 07:07:01 Binary: /usr/bin/netshaper
2026-09-22 07:07:01 Binary: /usr/bin/networkctl
2026-09-22 07:07:01 Binary: /usr/bin/networkd-dispatcher
2026-09-22 07:07:01 Binary: /usr/bin/newgrp
2026-09-22 07:07:01 Binary: /usr/bin/ngettext
2026-09-22 07:07:01 Binary: /usr/bin/nice
2026-09-22 07:07:01 Binary: /usr/bin/nisdomainname
2026-09-22 07:07:01 Binary: /usr/bin/nl
2026-09-22 07:07:01 Binary: /usr/bin/nm
2026-09-22 07:07:01 Binary: /usr/bin/nohup
2026-09-22 07:07:01 Binary: /usr/bin/nproc
2026-09-22 07:07:01 Binary: /usr/bin/nroff
2026-09-22 07:07:01 Binary: /usr/bin/nsenter
2026-09-22 07:07:01 Binary: /usr/bin/nslookup
2026-09-22 07:07:01 Binary: /usr/bin/nstat
2026-09-22 07:07:01 Binary: /usr/bin/nsupdate
2026-09-22 07:07:01 Binary: /usr/bin/ntfs-3g
2026-09-22 07:07:01 Binary: /usr/bin/ntfs-3g.probe
2026-09-22 07:07:01 Binary: /usr/bin/ntfscat
2026-09-22 07:07:01 Binary: /usr/bin/ntfscluster
2026-09-22 07:07:01 Binary: /usr/bin/ntfscmp
2026-09-22 07:07:01 Binary: /usr/bin/ntfsdecrypt
2026-09-22 07:07:01 Binary: /usr/bin/ntfsfallocate
2026-09-22 07:07:01 Binary: /usr/bin/ntfsfix
2026-09-22 07:07:01 Binary: /usr/bin/ntfsinfo
2026-09-22 07:07:01 Binary: /usr/bin/ntfsls
2026-09-22 07:07:01 Binary: /usr/bin/ntfsmove
2026-09-22 07:07:01 Binary: /usr/bin/ntfsrecover
2026-09-22 07:07:01 Binary: /usr/bin/ntfssecaudit
2026-09-22 07:07:01 Binary: /usr/bin/ntfstruncate
2026-09-22 07:07:01 Binary: /usr/bin/ntfsusermap
2026-09-22 07:07:01 Binary: /usr/bin/ntfswipe
2026-09-22 07:07:01 Binary: /usr/bin/numactl
2026-09-22 07:07:01 Binary: /usr/bin/numastat
2026-09-22 07:07:01 Binary: /usr/bin/numfmt
2026-09-22 07:07:01 Binary: /usr/bin/objcopy
2026-09-22 07:07:01 Binary: /usr/bin/objdump
2026-09-22 07:07:01 Binary: /usr/bin/od
2026-09-22 07:07:01 Binary: /usr/bin/oem-getlogs
2026-09-22 07:07:01 Binary: /usr/bin/on_ac_power
2026-09-22 07:07:01 Binary: /usr/bin/openssl
2026-09-22 07:07:01 Binary: /usr/bin/openvt
2026-09-22 07:07:01 Binary: /usr/bin/os-prober
2026-09-22 07:07:01 Binary: /usr/bin/pager
2026-09-22 07:07:01 Binary: /usr/bin/partx
2026-09-22 07:07:01 Binary: /usr/bin/passwd
2026-09-22 07:07:01 Binary: /usr/bin/paste
2026-09-22 07:07:01 Binary: /usr/bin/patch
2026-09-22 07:07:01 Binary: /usr/bin/pathchk
2026-09-22 07:07:01 Binary: /usr/bin/pcilmr
2026-09-22 07:07:01 Binary: /usr/bin/pdb3
2026-09-22 07:07:01 Binary: /usr/bin/pdb3.14
2026-09-22 07:07:02 Binary: /usr/bin/peekfd
2026-09-22 07:07:02 Binary: /usr/bin/perf
2026-09-22 07:07:02 Binary: /usr/bin/perl
2026-09-22 07:07:02 Binary: /usr/bin/perl5.40-x86_64-linux-gnu
2026-09-22 07:07:02 Binary: /usr/bin/perl5.40.1
2026-09-22 07:07:02 Binary: /usr/bin/perlbug
2026-09-22 07:07:02 Binary: /usr/bin/perldoc
2026-09-22 07:07:02 Binary: /usr/bin/perlivp
2026-09-22 07:07:02 Binary: /usr/bin/perlthanks
2026-09-22 07:07:02 Binary: /usr/bin/pgrep
2026-09-22 07:07:02 Binary: /usr/bin/pic
2026-09-22 07:07:02 Binary: /usr/bin/pico
2026-09-22 07:07:02 Binary: /usr/bin/piconv
2026-09-22 07:07:02 Binary: /usr/bin/pidof
2026-09-22 07:07:02 Binary: /usr/bin/pidstat
2026-09-22 07:07:02 Binary: /usr/bin/pidwait
2026-09-22 07:07:02 Binary: /usr/bin/pinentry
2026-09-22 07:07:02 Binary: /usr/bin/pinentry-curses
2026-09-22 07:07:02 Binary: /usr/bin/ping
2026-09-22 07:07:02 Binary: /usr/bin/ping4
2026-09-22 07:07:02 Binary: /usr/bin/ping6
2026-09-22 07:07:02 Binary: /usr/bin/pinky
2026-09-22 07:07:02 Binary: /usr/bin/pipesz
2026-09-22 07:07:02 Binary: /usr/bin/pivot_root
2026-09-22 07:07:02 Binary: /usr/bin/pkaction
2026-09-22 07:07:02 Binary: /usr/bin/pkcheck
2026-09-22 07:07:02 Binary: /usr/bin/pkgcli
2026-09-22 07:07:02 Binary: /usr/bin/pkill
2026-09-22 07:07:02 Binary: /usr/bin/pkttyagent
2026-09-22 07:07:02 Binary: /usr/bin/pl2pm
2026-09-22 07:07:02 Binary: /usr/bin/pldd
2026-09-22 07:07:02 Binary: /usr/bin/plymouth
2026-09-22 07:07:02 Binary: /usr/bin/pmap
2026-09-22 07:07:02 Binary: /usr/bin/pod2html
2026-09-22 07:07:02 Binary: /usr/bin/pod2man
2026-09-22 07:07:02 Binary: /usr/bin/pod2text
2026-09-22 07:07:02 Binary: /usr/bin/pod2usage
2026-09-22 07:07:02 Binary: /usr/bin/podchecker
2026-09-22 07:07:02 Binary: /usr/bin/pollinate
2026-09-22 07:07:02 Binary: /usr/bin/pr
2026-09-22 07:07:02 Binary: /usr/bin/preconv
2026-09-22 07:07:02 Binary: /usr/bin/printenv
2026-09-22 07:07:02 Binary: /usr/bin/printf
2026-09-22 07:07:02 Binary: /usr/bin/prlimit
2026-09-22 07:07:02 Binary: /usr/bin/pro
2026-09-22 07:07:02 Binary: /usr/bin/prove
2026-09-22 07:07:02 Binary: /usr/bin/prtstat
2026-09-22 07:07:02 Binary: /usr/bin/ps
2026-09-22 07:07:02 Binary: /usr/bin/psfaddtable
2026-09-22 07:07:02 Binary: /usr/bin/psfgettable
2026-09-22 07:07:02 Binary: /usr/bin/psfstriptable
2026-09-22 07:07:02 Binary: /usr/bin/psfxtable
2026-09-22 07:07:02 Binary: /usr/bin/pslog
2026-09-22 07:07:02 Binary: /usr/bin/pstree
2026-09-22 07:07:02 Binary: /usr/bin/pstree.x11
2026-09-22 07:07:02 Binary: /usr/bin/ptar
2026-09-22 07:07:02 Binary: /usr/bin/ptardiff
2026-09-22 07:07:02 Binary: /usr/bin/ptargrep
2026-09-22 07:07:02 Binary: /usr/bin/ptx
2026-09-22 07:07:02 Binary: /usr/bin/pwd
2026-09-22 07:07:02 Binary: /usr/bin/pwdx
2026-09-22 07:07:02 Binary: /usr/bin/py3clean
2026-09-22 07:07:02 Binary: /usr/bin/py3compile
2026-09-22 07:07:02 Binary: /usr/bin/py3versions
2026-09-22 07:07:02 Binary: /usr/bin/pybabel
2026-09-22 07:07:02 Binary: /usr/bin/pybabel-python3
2026-09-22 07:07:02 Binary: /usr/bin/pydoc3
2026-09-22 07:07:02 Binary: /usr/bin/pydoc3.14
2026-09-22 07:07:02 Binary: /usr/bin/pygettext3
2026-09-22 07:07:02 Binary: /usr/bin/pygettext3.14
2026-09-22 07:07:02 Binary: /usr/bin/pygmentize
2026-09-22 07:07:02 Binary: /usr/bin/pyhtmlizer3
2026-09-22 07:07:02 Binary: /usr/bin/pyserial-miniterm
2026-09-22 07:07:02 Binary: /usr/bin/pyserial-ports
2026-09-22 07:07:02 Binary: /usr/bin/pyspnego-parse
2026-09-22 07:07:02 Binary: /usr/bin/python-argcomplete-check-easy-install-script
2026-09-22 07:07:02 Binary: /usr/bin/python3
2026-09-22 07:07:02 Binary: /usr/bin/python3.14
2026-09-22 07:07:02 Binary: /usr/bin/pzstd
2026-09-22 07:07:02 Binary: /usr/bin/qmi-firmware-update
2026-09-22 07:07:02 Binary: /usr/bin/qmi-network
2026-09-22 07:07:02 Binary: /usr/bin/qmicli
2026-09-22 07:07:02 Binary: /usr/bin/quirks-handler
2026-09-22 07:07:02 Binary: /usr/bin/ranlib
2026-09-22 07:07:02 Binary: /usr/bin/rbash
2026-09-22 07:07:02 Binary: /usr/bin/rdma
2026-09-22 07:07:02 Binary: /usr/bin/readelf
2026-09-22 07:07:02 Binary: /usr/bin/readlink
2026-09-22 07:07:02 Binary: /usr/bin/realpath
2026-09-22 07:07:02 Binary: /usr/bin/red
2026-09-22 07:07:02 Binary: /usr/bin/register-python-argcomplete
2026-09-22 07:07:02 Binary: /usr/bin/rename.ul
2026-09-22 07:07:02 Binary: /usr/bin/renice
2026-09-22 07:07:02 Binary: /usr/bin/rescan-scsi-bus.sh
2026-09-22 07:07:02 Binary: /usr/bin/reset
2026-09-22 07:07:02 Binary: /usr/bin/resizecons
2026-09-22 07:07:02 Binary: /usr/bin/resizepart
2026-09-22 07:07:03 Binary: /usr/bin/resolvectl
2026-09-22 07:07:03 Binary: /usr/bin/rev
2026-09-22 07:07:03 Binary: /usr/bin/rgrep
2026-09-22 07:07:03 Binary: /usr/bin/rm
2026-09-22 07:07:03 Binary: /usr/bin/rmdir
2026-09-22 07:07:03 Binary: /usr/bin/rnano
2026-09-22 07:07:03 Binary: /usr/bin/routel
2026-09-22 07:07:03 Binary: /usr/bin/rpcgen
2026-09-22 07:07:03 Binary: /usr/bin/rrsync
2026-09-22 07:07:03 Binary: /usr/bin/rsync
2026-09-22 07:07:03 Binary: /usr/bin/rsync-ssl
2026-09-22 07:07:03 Binary: /usr/bin/rtla
2026-09-22 07:07:03 Binary: /usr/bin/rtstat
2026-09-22 07:07:03 Binary: /usr/bin/run-parts
2026-09-22 07:07:03 Binary: /usr/bin/run0
2026-09-22 07:07:03 Binary: /usr/bin/runcon
2026-09-22 07:07:03 Binary: /usr/bin/rview
2026-09-22 07:07:03 Binary: /usr/bin/rvim
2026-09-22 07:07:03 Binary: /usr/bin/sadf
2026-09-22 07:07:03 Binary: /usr/bin/sar
2026-09-22 07:07:03 Binary: /usr/bin/sar.sysstat
2026-09-22 07:07:03 Binary: /usr/bin/savelog
2026-09-22 07:07:03 Binary: /usr/bin/sbattach
2026-09-22 07:07:03 Binary: /usr/bin/sbkeysync
2026-09-22 07:07:03 Binary: /usr/bin/sbsiglist
2026-09-22 07:07:03 Binary: /usr/bin/sbsign
2026-09-22 07:07:03 Binary: /usr/bin/sbvarsign
2026-09-22 07:07:03 Binary: /usr/bin/sbverify
2026-09-22 07:07:03 Binary: /usr/bin/scalar
2026-09-22 07:07:03 Binary: /usr/bin/scp
2026-09-22 07:07:03 Binary: /usr/bin/screen
2026-09-22 07:07:03 Binary: /usr/bin/screendump
2026-09-22 07:07:03 Binary: /usr/bin/script
2026-09-22 07:07:03 Binary: /usr/bin/scriptlive
2026-09-22 07:07:03 Binary: /usr/bin/scriptreplay
2026-09-22 07:07:03 Binary: /usr/bin/scsi_logging_level
2026-09-22 07:07:03 Binary: /usr/bin/scsi_mandat
2026-09-22 07:07:03 Binary: /usr/bin/scsi_readcap
2026-09-22 07:07:03 Binary: /usr/bin/scsi_ready
2026-09-22 07:07:03 Binary: /usr/bin/scsi_satl
2026-09-22 07:07:03 Binary: /usr/bin/scsi_start
2026-09-22 07:07:03 Binary: /usr/bin/scsi_stop
2026-09-22 07:07:03 Binary: /usr/bin/scsi_temperature
2026-09-22 07:07:03 Binary: /usr/bin/sdiff
2026-09-22 07:07:03 Binary: /usr/bin/sed
2026-09-22 07:07:03 Binary: /usr/bin/select-editor
2026-09-22 07:07:03 Binary: /usr/bin/sensible-browser
2026-09-22 07:07:03 Binary: /usr/bin/sensible-editor
2026-09-22 07:07:03 Binary: /usr/bin/sensible-pager
2026-09-22 07:07:03 Binary: /usr/bin/sensible-terminal
2026-09-22 07:07:03 Binary: /usr/bin/seq
2026-09-22 07:07:03 Binary: /usr/bin/setarch
2026-09-22 07:07:03 Binary: /usr/bin/setfont
2026-09-22 07:07:03 Binary: /usr/bin/setkeycodes
2026-09-22 07:07:03 Binary: /usr/bin/setleds
2026-09-22 07:07:03 Binary: /usr/bin/setlogcons
2026-09-22 07:07:03 Binary: /usr/bin/setmetamode
2026-09-22 07:07:03 Binary: /usr/bin/setpci
2026-09-22 07:07:03 Binary: /usr/bin/setpriv
2026-09-22 07:07:03 Binary: /usr/bin/setsid
2026-09-22 07:07:03 Binary: /usr/bin/setterm
2026-09-22 07:07:03 Binary: /usr/bin/setupcon
2026-09-22 07:07:03 Binary: /usr/bin/sftp
2026-09-22 07:07:03 Binary: /usr/bin/sg
2026-09-22 07:07:03 Binary: /usr/bin/sg_bg_ctl
2026-09-22 07:07:03 Binary: /usr/bin/sg_compare_and_write
2026-09-22 07:07:03 Binary: /usr/bin/sg_copy_results
2026-09-22 07:07:03 Binary: /usr/bin/sg_dd
2026-09-22 07:07:03 Binary: /usr/bin/sg_decode_sense
2026-09-22 07:07:03 Binary: /usr/bin/sg_emc_trespass
2026-09-22 07:07:03 Binary: /usr/bin/sg_format
2026-09-22 07:07:03 Binary: /usr/bin/sg_get_config
2026-09-22 07:07:03 Binary: /usr/bin/sg_get_elem_status
2026-09-22 07:07:03 Binary: /usr/bin/sg_get_lba_status
2026-09-22 07:07:03 Binary: /usr/bin/sg_ident
2026-09-22 07:07:03 Binary: /usr/bin/sg_inq
2026-09-22 07:07:03 Binary: /usr/bin/sg_logs
2026-09-22 07:07:03 Binary: /usr/bin/sg_luns
2026-09-22 07:07:03 Binary: /usr/bin/sg_map
2026-09-22 07:07:03 Binary: /usr/bin/sg_map26
2026-09-22 07:07:03 Binary: /usr/bin/sg_modes
2026-09-22 07:07:03 Binary: /usr/bin/sg_opcodes
2026-09-22 07:07:03 Binary: /usr/bin/sg_persist
2026-09-22 07:07:03 Binary: /usr/bin/sg_prevent
2026-09-22 07:07:03 Binary: /usr/bin/sg_raw
2026-09-22 07:07:03 Binary: /usr/bin/sg_rbuf
2026-09-22 07:07:03 Binary: /usr/bin/sg_rdac
2026-09-22 07:07:03 Binary: /usr/bin/sg_read
2026-09-22 07:07:03 Binary: /usr/bin/sg_read_attr
2026-09-22 07:07:03 Binary: /usr/bin/sg_read_block_limits
2026-09-22 07:07:03 Binary: /usr/bin/sg_read_buffer
2026-09-22 07:07:03 Binary: /usr/bin/sg_read_long
2026-09-22 07:07:03 Binary: /usr/bin/sg_readcap
2026-09-22 07:07:03 Binary: /usr/bin/sg_reassign
2026-09-22 07:07:03 Binary: /usr/bin/sg_referrals
2026-09-22 07:07:03 Binary: /usr/bin/sg_rem_rest_elem
2026-09-22 07:07:03 Binary: /usr/bin/sg_rep_density
2026-09-22 07:07:03 Binary: /usr/bin/sg_rep_pip
2026-09-22 07:07:03 Binary: /usr/bin/sg_rep_zones
2026-09-22 07:07:03 Binary: /usr/bin/sg_requests
2026-09-22 07:07:03 Binary: /usr/bin/sg_reset
2026-09-22 07:07:04 Binary: /usr/bin/sg_reset_wp
2026-09-22 07:07:04 Binary: /usr/bin/sg_rmsn
2026-09-22 07:07:04 Binary: /usr/bin/sg_rtpg
2026-09-22 07:07:04 Binary: /usr/bin/sg_safte
2026-09-22 07:07:04 Binary: /usr/bin/sg_sanitize
2026-09-22 07:07:04 Binary: /usr/bin/sg_sat_datetime
2026-09-22 07:07:04 Binary: /usr/bin/sg_sat_identify
2026-09-22 07:07:04 Binary: /usr/bin/sg_sat_phy_event
2026-09-22 07:07:04 Binary: /usr/bin/sg_sat_read_gplog
2026-09-22 07:07:04 Binary: /usr/bin/sg_sat_set_features
2026-09-22 07:07:04 Binary: /usr/bin/sg_scan
2026-09-22 07:07:04 Binary: /usr/bin/sg_seek
2026-09-22 07:07:04 Binary: /usr/bin/sg_senddiag
2026-09-22 07:07:04 Binary: /usr/bin/sg_ses
2026-09-22 07:07:04 Binary: /usr/bin/sg_ses_microcode
2026-09-22 07:07:04 Binary: /usr/bin/sg_start
2026-09-22 07:07:04 Binary: /usr/bin/sg_stpg
2026-09-22 07:07:04 Binary: /usr/bin/sg_stream_ctl
2026-09-22 07:07:04 Binary: /usr/bin/sg_sync
2026-09-22 07:07:04 Binary: /usr/bin/sg_test_rwbuf
2026-09-22 07:07:04 Binary: /usr/bin/sg_timestamp
2026-09-22 07:07:04 Binary: /usr/bin/sg_turs
2026-09-22 07:07:04 Binary: /usr/bin/sg_unmap
2026-09-22 07:07:04 Binary: /usr/bin/sg_verify
2026-09-22 07:07:04 Binary: /usr/bin/sg_vpd
2026-09-22 07:07:04 Binary: /usr/bin/sg_wr_mode
2026-09-22 07:07:04 Binary: /usr/bin/sg_write_attr
2026-09-22 07:07:04 Binary: /usr/bin/sg_write_buffer
2026-09-22 07:07:04 Binary: /usr/bin/sg_write_long
2026-09-22 07:07:04 Binary: /usr/bin/sg_write_same
2026-09-22 07:07:04 Binary: /usr/bin/sg_write_verify
2026-09-22 07:07:04 Binary: /usr/bin/sg_write_x
2026-09-22 07:07:04 Binary: /usr/bin/sg_xcopy
2026-09-22 07:07:04 Binary: /usr/bin/sg_z_act_query
2026-09-22 07:07:04 Binary: /usr/bin/sg_zone
2026-09-22 07:07:04 Binary: /usr/bin/sginfo
2026-09-22 07:07:04 Binary: /usr/bin/sgm_dd
2026-09-22 07:07:04 Binary: /usr/bin/sgp_dd
2026-09-22 07:07:04 Binary: /usr/bin/sh
2026-09-22 07:07:04 Binary: /usr/bin/sha1sum
2026-09-22 07:07:04 Binary: /usr/bin/sha224sum
2026-09-22 07:07:04 Binary: /usr/bin/sha256sum
2026-09-22 07:07:04 Binary: /usr/bin/sha3-224sum
2026-09-22 07:07:04 Binary: /usr/bin/sha3-256sum
2026-09-22 07:07:04 Binary: /usr/bin/sha3-384sum
2026-09-22 07:07:04 Binary: /usr/bin/sha3-512sum
2026-09-22 07:07:04 Binary: /usr/bin/sha384sum
2026-09-22 07:07:04 Binary: /usr/bin/sha3sum
2026-09-22 07:07:04 Binary: /usr/bin/sha512sum
2026-09-22 07:07:04 Binary: /usr/bin/shake128sum
2026-09-22 07:07:04 Binary: /usr/bin/shake256sum
2026-09-22 07:07:04 Binary: /usr/bin/shasum
2026-09-22 07:07:04 Binary: /usr/bin/showconsolefont
2026-09-22 07:07:04 Binary: /usr/bin/showkey
2026-09-22 07:07:04 Binary: /usr/bin/shred
2026-09-22 07:07:04 Binary: /usr/bin/shuf
2026-09-22 07:07:04 Binary: /usr/bin/size
2026-09-22 07:07:04 Binary: /usr/bin/skill
2026-09-22 07:07:04 Binary: /usr/bin/slabtop
2026-09-22 07:07:04 Binary: /usr/bin/sleep
2026-09-22 07:07:04 Binary: /usr/bin/snap
2026-09-22 07:07:04 Binary: /usr/bin/snapctl
2026-09-22 07:07:04 Binary: /usr/bin/snapfuse
2026-09-22 07:07:04 Binary: /usr/bin/snice
2026-09-22 07:07:04 Binary: /usr/bin/soelim
2026-09-22 07:07:04 Binary: /usr/bin/sort
2026-09-22 07:07:04 Binary: /usr/bin/sos
2026-09-22 07:07:04 Binary: /usr/bin/splain
2026-09-22 07:07:04 Binary: /usr/bin/split
2026-09-22 07:07:04 Binary: /usr/bin/splitfont
2026-09-22 07:07:04 Binary: /usr/bin/sqfscat
2026-09-22 07:07:04 Binary: /usr/bin/sqfstar
2026-09-22 07:07:04 Binary: /usr/bin/ss
2026-09-22 07:07:04 Binary: /usr/bin/ssh
2026-09-22 07:07:04 Binary: /usr/bin/ssh-add
2026-09-22 07:07:04 Binary: /usr/bin/ssh-agent
2026-09-22 07:07:04 Binary: /usr/bin/ssh-argv0
2026-09-22 07:07:04 Binary: /usr/bin/ssh-copy-id
2026-09-22 07:07:04 Binary: /usr/bin/ssh-import-id
2026-09-22 07:07:04 Binary: /usr/bin/ssh-import-id-gh
2026-09-22 07:07:04 Binary: /usr/bin/ssh-import-id-lp
2026-09-22 07:07:04 Binary: /usr/bin/ssh-keygen
2026-09-22 07:07:04 Binary: /usr/bin/ssh-keyscan
2026-09-22 07:07:04 Binary: /usr/bin/stat
2026-09-22 07:07:04 Binary: /usr/bin/static-sh
2026-09-22 07:07:04 Binary: /usr/bin/stdbuf
2026-09-22 07:07:04 Binary: /usr/bin/strace
2026-09-22 07:07:04 Binary: /usr/bin/strace-log-merge
2026-09-22 07:07:04 Binary: /usr/bin/streamzip
2026-09-22 07:07:04 Binary: /usr/bin/strings
2026-09-22 07:07:04 Binary: /usr/bin/strip
2026-09-22 07:07:04 Binary: /usr/bin/stty
2026-09-22 07:07:04 Binary: /usr/bin/su
2026-09-22 07:07:04 Binary: /usr/bin/su-rs
2026-09-22 07:07:04 Binary: /usr/bin/su-to-root
2026-09-22 07:07:04 Binary: /usr/bin/sudo
2026-09-22 07:07:04 Binary: /usr/bin/sudo-rs
2026-09-22 07:07:04 Binary: /usr/bin/sudo.ws
2026-09-22 07:07:04 Binary: /usr/bin/sudoedit
2026-09-22 07:07:04 Binary: /usr/bin/sudoedit-rs
2026-09-22 07:07:04 Binary: /usr/bin/sudoreplay.ws
2026-09-22 07:07:04 Binary: /usr/bin/sum
2026-09-22 07:07:04 Binary: /usr/bin/switch_root
2026-09-22 07:07:04 Binary: /usr/bin/sync
2026-09-22 07:07:04 Binary: /usr/bin/systemctl
2026-09-22 07:07:05 Binary: /usr/bin/systemd-ac-power
2026-09-22 07:07:05 Binary: /usr/bin/systemd-analyze
2026-09-22 07:07:05 Binary: /usr/bin/systemd-ask-password
2026-09-22 07:07:05 Binary: /usr/bin/systemd-cat
2026-09-22 07:07:05 Binary: /usr/bin/systemd-cgls
2026-09-22 07:07:05 Binary: /usr/bin/systemd-cgtop
2026-09-22 07:07:05 Binary: /usr/bin/systemd-confext
2026-09-22 07:07:05 Binary: /usr/bin/systemd-creds
2026-09-22 07:07:05 Binary: /usr/bin/systemd-cryptenroll
2026-09-22 07:07:05 Binary: /usr/bin/systemd-cryptsetup
2026-09-22 07:07:05 Binary: /usr/bin/systemd-delta
2026-09-22 07:07:05 Binary: /usr/bin/systemd-detect-virt
2026-09-22 07:07:05 Binary: /usr/bin/systemd-escape
2026-09-22 07:07:05 Binary: /usr/bin/systemd-firstboot
2026-09-22 07:07:05 Binary: /usr/bin/systemd-hwdb
2026-09-22 07:07:05 Binary: /usr/bin/systemd-id128
2026-09-22 07:07:05 Binary: /usr/bin/systemd-inhibit
2026-09-22 07:07:05 Binary: /usr/bin/systemd-machine-id-setup
2026-09-22 07:07:05 Binary: /usr/bin/systemd-mount
2026-09-22 07:07:05 Binary: /usr/bin/systemd-mute-console
2026-09-22 07:07:05 Binary: /usr/bin/systemd-notify
2026-09-22 07:07:05 Binary: /usr/bin/systemd-path
2026-09-22 07:07:05 Binary: /usr/bin/systemd-pty-forward
2026-09-22 07:07:05 Binary: /usr/bin/systemd-run
2026-09-22 07:07:05 Binary: /usr/bin/systemd-socket-activate
2026-09-22 07:07:05 Binary: /usr/bin/systemd-stdio-bridge
2026-09-22 07:07:05 Binary: /usr/bin/systemd-sysext
2026-09-22 07:07:05 Binary: /usr/bin/systemd-sysusers
2026-09-22 07:07:05 Binary: /usr/bin/systemd-tmpfiles
2026-09-22 07:07:05 Binary: /usr/bin/systemd-tty-ask-password-agent
2026-09-22 07:07:05 Binary: /usr/bin/systemd-umount
2026-09-22 07:07:05 Binary: /usr/bin/systemd-vpick
2026-09-22 07:07:05 Binary: /usr/bin/tabs
2026-09-22 07:07:05 Binary: /usr/bin/tac
2026-09-22 07:07:05 Binary: /usr/bin/tail
2026-09-22 07:07:05 Binary: /usr/bin/tapestat
2026-09-22 07:07:05 Binary: /usr/bin/tar
2026-09-22 07:07:05 Binary: /usr/bin/taskset
2026-09-22 07:07:05 Binary: /usr/bin/tbl
2026-09-22 07:07:05 Binary: /usr/bin/tclsh
2026-09-22 07:07:05 Binary: /usr/bin/tclsh8.6
2026-09-22 07:07:05 Binary: /usr/bin/tcpdump
2026-09-22 07:07:05 Binary: /usr/bin/tee
2026-09-22 07:07:05 Binary: /usr/bin/telnet
2026-09-22 07:07:05 Binary: /usr/bin/tempfile
2026-09-22 07:07:05 Binary: /usr/bin/test
2026-09-22 07:07:05 Binary: /usr/bin/tic
2026-09-22 07:07:05 Binary: /usr/bin/time
2026-09-22 07:07:05 Binary: /usr/bin/timedatectl
2026-09-22 07:07:05 Binary: /usr/bin/timeout
2026-09-22 07:07:05 Binary: /usr/bin/tkconch3
2026-09-22 07:07:05 Binary: /usr/bin/tload
2026-09-22 07:07:05 Binary: /usr/bin/tmux
2026-09-22 07:07:05 Binary: /usr/bin/tnftp
2026-09-22 07:07:05 Binary: /usr/bin/toe
2026-09-22 07:07:05 Binary: /usr/bin/top
2026-09-22 07:07:05 Binary: /usr/bin/touch
2026-09-22 07:07:05 Binary: /usr/bin/tput
2026-09-22 07:07:05 Binary: /usr/bin/tr
2026-09-22 07:07:05 Binary: /usr/bin/trace-cmd
2026-09-22 07:07:05 Binary: /usr/bin/tracepath
2026-09-22 07:07:05 Binary: /usr/bin/trial3
2026-09-22 07:07:05 Binary: /usr/bin/troff
2026-09-22 07:07:05 Binary: /usr/bin/true
2026-09-22 07:07:05 Binary: /usr/bin/truncate
2026-09-22 07:07:05 Binary: /usr/bin/tset
2026-09-22 07:07:05 Binary: /usr/bin/tsort
2026-09-22 07:07:05 Binary: /usr/bin/tty
2026-09-22 07:07:05 Binary: /usr/bin/turbostat
2026-09-22 07:07:05 Binary: /usr/bin/twist3
2026-09-22 07:07:05 Binary: /usr/bin/twistd3
2026-09-22 07:07:05 Binary: /usr/bin/tzselect
2026-09-22 07:07:05 Binary: /usr/bin/ua
2026-09-22 07:07:05 Binary: /usr/bin/ubuntu-advantage
2026-09-22 07:07:05 Binary: /usr/bin/ubuntu-bug
2026-09-22 07:07:05 Binary: /usr/bin/ubuntu-distro-info
2026-09-22 07:07:05 Binary: /usr/bin/ubuntu-drivers
2026-09-22 07:07:05 Binary: /usr/bin/ubuntu-security-status
2026-09-22 07:07:05 Binary: /usr/bin/ucf
2026-09-22 07:07:05 Binary: /usr/bin/ucfq
2026-09-22 07:07:05 Binary: /usr/bin/ucfr
2026-09-22 07:07:05 Binary: /usr/bin/uclampset
2026-09-22 07:07:05 Binary: /usr/bin/udevadm
2026-09-22 07:07:05 Binary: /usr/bin/udisksctl
2026-09-22 07:07:05 Binary: /usr/bin/ul
2026-09-22 07:07:05 Binary: /usr/bin/umount
2026-09-22 07:07:05 Binary: /usr/bin/uname
2026-09-22 07:07:05 Binary: /usr/bin/unattended-upgrade
2026-09-22 07:07:05 Binary: /usr/bin/unattended-upgrades
2026-09-22 07:07:05 Binary: /usr/bin/uncompress
2026-09-22 07:07:05 Binary: /usr/bin/unexpand
2026-09-22 07:07:05 Binary: /usr/bin/unicode_start
2026-09-22 07:07:05 Binary: /usr/bin/unicode_stop
2026-09-22 07:07:05 Binary: /usr/bin/uniq
2026-09-22 07:07:05 Binary: /usr/bin/unlink
2026-09-22 07:07:05 Binary: /usr/bin/unlzma
2026-09-22 07:07:05 Binary: /usr/bin/unminimize
2026-09-22 07:07:05 Binary: /usr/bin/unmkinitramfs
2026-09-22 07:07:05 Binary: /usr/bin/unshare
2026-09-22 07:07:05 Binary: /usr/bin/unsquashfs
2026-09-22 07:07:05 Binary: /usr/bin/unxz
2026-09-22 07:07:05 Binary: /usr/bin/unzstd
2026-09-22 07:07:05 Binary: /usr/bin/update-alternatives
2026-09-22 07:07:05 Binary: /usr/bin/update-menus
2026-09-22 07:07:06 Binary: /usr/bin/update-mime-database
2026-09-22 07:07:06 Binary: /usr/bin/upower
2026-09-22 07:07:06 Binary: /usr/bin/uptime
2026-09-22 07:07:06 Binary: /usr/bin/usb-devices
2026-09-22 07:07:06 Binary: /usr/bin/usbhid-dump
2026-09-22 07:07:06 Binary: /usr/bin/usbip
2026-09-22 07:07:06 Binary: /usr/bin/usbipd
2026-09-22 07:07:06 Binary: /usr/bin/usbreset
2026-09-22 07:07:06 Binary: /usr/bin/users
2026-09-22 07:07:06 Binary: /usr/bin/uuidgen
2026-09-22 07:07:06 Binary: /usr/bin/uuidparse
2026-09-22 07:07:06 Binary: /usr/bin/varlinkctl
2026-09-22 07:07:06 Binary: /usr/bin/vcs-run
2026-09-22 07:07:06 Binary: /usr/bin/vdir
2026-09-22 07:07:06 Binary: /usr/bin/vi
2026-09-22 07:07:06 Binary: /usr/bin/view
2026-09-22 07:07:06 Binary: /usr/bin/vim
2026-09-22 07:07:06 Binary: /usr/bin/vim.basic
2026-09-22 07:07:06 Binary: /usr/bin/vim.tiny
2026-09-22 07:07:06 Binary: /usr/bin/vimdiff
2026-09-22 07:07:06 Binary: /usr/bin/vimtutor
2026-09-22 07:07:06 Binary: /usr/bin/visudo-rs
2026-09-22 07:07:06 Binary: /usr/bin/vm-support
2026-09-22 07:07:06 Binary: /usr/bin/vmhgfs-fuse
2026-09-22 07:07:06 Binary: /usr/bin/vmstat
2026-09-22 07:07:06 Binary: /usr/bin/vmtoolsd
2026-09-22 07:07:06 Binary: /usr/bin/vmware-alias-import
2026-09-22 07:07:06 Binary: /usr/bin/vmware-checkvm
2026-09-22 07:07:06 Binary: /usr/bin/vmware-hgfsclient
2026-09-22 07:07:06 Binary: /usr/bin/vmware-namespace-cmd
2026-09-22 07:07:06 Binary: /usr/bin/vmware-rpctool
2026-09-22 07:07:06 Binary: /usr/bin/vmware-toolbox-cmd
2026-09-22 07:07:06 Binary: /usr/bin/vmware-vgauth-cmd
2026-09-22 07:07:06 Binary: /usr/bin/vmware-vmblock-fuse
2026-09-22 07:07:06 Binary: /usr/bin/vmware-xferlogs
2026-09-22 07:07:06 Binary: /usr/bin/w
2026-09-22 07:07:06 Binary: /usr/bin/waitpid
2026-09-22 07:07:06 Binary: /usr/bin/wall
2026-09-22 07:07:06 Binary: /usr/bin/watch
2026-09-22 07:07:06 Binary: /usr/bin/watchgnupg
2026-09-22 07:07:06 Binary: /usr/bin/wc
2026-09-22 07:07:06 Binary: /usr/bin/wcurl
2026-09-22 07:07:06 Binary: /usr/bin/wdctl
2026-09-22 07:07:06 Binary: /usr/bin/wget
2026-09-22 07:07:06 Binary: /usr/bin/whatis
2026-09-22 07:07:06 Binary: /usr/bin/whereis
2026-09-22 07:07:06 Binary: /usr/bin/which
2026-09-22 07:07:06 Binary: /usr/bin/which.debianutils
2026-09-22 07:07:06 Binary: /usr/bin/whiptail
2026-09-22 07:07:06 Binary: /usr/bin/who
2026-09-22 07:07:06 Binary: /usr/bin/whoami
2026-09-22 07:07:06 Binary: /usr/bin/whois
2026-09-22 07:07:06 Binary: /usr/bin/x86_64
2026-09-22 07:07:06 Binary: /usr/bin/x86_64-linux-gnu-addr2line
2026-09-22 07:07:06 Binary: /usr/bin/x86_64-linux-gnu-ar
2026-09-22 07:07:06 Binary: /usr/bin/x86_64-linux-gnu-as
2026-09-22 07:07:06 Binary: /usr/bin/x86_64-linux-gnu-c++filt
2026-09-22 07:07:06 Binary: /usr/bin/x86_64-linux-gnu-elfedit
2026-09-22 07:07:06 Binary: /usr/bin/x86_64-linux-gnu-gprof
2026-09-22 07:07:06 Binary: /usr/bin/x86_64-linux-gnu-ld
2026-09-22 07:07:06 Binary: /usr/bin/x86_64-linux-gnu-ld.bfd
2026-09-22 07:07:06 Binary: /usr/bin/x86_64-linux-gnu-nm
2026-09-22 07:07:06 Binary: /usr/bin/x86_64-linux-gnu-objcopy
2026-09-22 07:07:06 Binary: /usr/bin/x86_64-linux-gnu-objdump
2026-09-22 07:07:06 Binary: /usr/bin/x86_64-linux-gnu-ranlib
2026-09-22 07:07:06 Binary: /usr/bin/x86_64-linux-gnu-readelf
2026-09-22 07:07:06 Binary: /usr/bin/x86_64-linux-gnu-size
2026-09-22 07:07:06 Binary: /usr/bin/x86_64-linux-gnu-strings
2026-09-22 07:07:06 Binary: /usr/bin/x86_64-linux-gnu-strip
2026-09-22 07:07:06 Binary: /usr/bin/x86_energy_perf_policy
2026-09-22 07:07:06 Binary: /usr/bin/xargs
2026-09-22 07:07:06 Binary: /usr/bin/xauth
2026-09-22 07:07:06 Binary: /usr/bin/xdg-user-dir
2026-09-22 07:07:06 Binary: /usr/bin/xdg-user-dirs-update
2026-09-22 07:07:06 Binary: /usr/bin/xsubpp
2026-09-22 07:07:06 Binary: /usr/bin/xxd
2026-09-22 07:07:06 Binary: /usr/bin/xz
2026-09-22 07:07:06 Binary: /usr/bin/xzcat
2026-09-22 07:07:06 Binary: /usr/bin/xzcmp
2026-09-22 07:07:06 Binary: /usr/bin/xzdiff
2026-09-22 07:07:06 Binary: /usr/bin/xzegrep
2026-09-22 07:07:06 Binary: /usr/bin/xzfgrep
2026-09-22 07:07:06 Binary: /usr/bin/xzgrep
2026-09-22 07:07:06 Binary: /usr/bin/xzless
2026-09-22 07:07:06 Binary: /usr/bin/xzmore
2026-09-22 07:07:06 Binary: /usr/bin/yes
2026-09-22 07:07:06 Binary: /usr/bin/ypdomainname
2026-09-22 07:07:06 Binary: /usr/bin/zcat
2026-09-22 07:07:06 Binary: /usr/bin/zcmp
2026-09-22 07:07:06 Binary: /usr/bin/zdiff
2026-09-22 07:07:06 Binary: /usr/bin/zdump
2026-09-22 07:07:06 Binary: /usr/bin/zegrep
2026-09-22 07:07:06 Binary: /usr/bin/zfgrep
2026-09-22 07:07:06 Binary: /usr/bin/zforce
2026-09-22 07:07:06 Binary: /usr/bin/zgrep
2026-09-22 07:07:06 Binary: /usr/bin/zipdetails
2026-09-22 07:07:06 Binary: /usr/bin/zless
2026-09-22 07:07:06 Binary: /usr/bin/zmore
2026-09-22 07:07:06 Binary: /usr/bin/znew
2026-09-22 07:07:06 Binary: /usr/bin/zstd
2026-09-22 07:07:06 Binary: /usr/bin/zstdcat
2026-09-22 07:07:06 Binary: /usr/bin/zstdgrep
2026-09-22 07:07:06 Binary: /usr/bin/zstdless
2026-09-22 07:07:07 Binary: /usr/bin/zstdmt
2026-09-22 07:07:07 ====
2026-09-22 07:07:07 Test: Checking binaries in directory /usr/sbin
2026-09-22 07:07:07 Directory /usr/sbin exists. Starting directory scanning...
2026-09-22 07:07:07 Binary: /usr/sbin/ModemManager
2026-09-22 07:07:07 Binary: /usr/sbin/aa-load
2026-09-22 07:07:07 Binary: /usr/sbin/aa-remove-unknown
2026-09-22 07:07:07 Binary: /usr/sbin/aa-status
2026-09-22 07:07:07 Binary: /usr/sbin/aa-teardown
2026-09-22 07:07:07 Binary: /usr/sbin/accessdb
2026-09-22 07:07:07 Binary: /usr/sbin/add-shell
2026-09-22 07:07:07 Binary: /usr/sbin/addgnupghome
2026-09-22 07:07:07 Binary: /usr/sbin/addgroup
2026-09-22 07:07:07 Binary: /usr/sbin/adduser
2026-09-22 07:07:07 Binary: /usr/sbin/agetty
2026-09-22 07:07:07 Binary: /usr/sbin/apparmor_parser
2026-09-22 07:07:07 Binary: /usr/sbin/apparmor_status
2026-09-22 07:07:07 Binary: /usr/sbin/applygnupgdefaults
2026-09-22 07:07:07 Binary: /usr/sbin/argdist-bpfcc
2026-09-22 07:07:07 Binary: /usr/sbin/arpd
2026-09-22 07:07:07 Binary: /usr/sbin/arptables
2026-09-22 07:07:07 Binary: /usr/sbin/arptables-nft
2026-09-22 07:07:07 Binary: /usr/sbin/arptables-nft-restore
2026-09-22 07:07:07 Binary: /usr/sbin/arptables-nft-save
2026-09-22 07:07:07 Binary: /usr/sbin/arptables-restore
2026-09-22 07:07:07 Binary: /usr/sbin/arptables-save
2026-09-22 07:07:07 Binary: /usr/sbin/arptables-translate
2026-09-22 07:07:07 Binary: /usr/sbin/audisp-af_unix
2026-09-22 07:07:07 Binary: /usr/sbin/audisp-filter
2026-09-22 07:07:07 Binary: /usr/sbin/audisp-syslog
2026-09-22 07:07:07 Binary: /usr/sbin/auditctl
2026-09-22 07:07:07 Binary: /usr/sbin/auditd
2026-09-22 07:07:07 Binary: /usr/sbin/augenrules
2026-09-22 07:07:07 Binary: /usr/sbin/aureport
2026-09-22 07:07:07 Binary: /usr/sbin/ausearch
2026-09-22 07:07:07 Binary: /usr/sbin/badblocks
2026-09-22 07:07:07 Binary: /usr/sbin/bashreadline-bpfcc
2026-09-22 07:07:07 Binary: /usr/sbin/bashreadline.bt
2026-09-22 07:07:07 Binary: /usr/sbin/bcache-super-show
2026-09-22 07:07:07 Binary: /usr/sbin/bindsnoop-bpfcc
2026-09-22 07:07:07 Binary: /usr/sbin/biolatency-bpfcc
2026-09-22 07:07:07 Binary: /usr/sbin/biolatency-kp.bt
2026-09-22 07:07:07 Binary: /usr/sbin/biolatency.bt
2026-09-22 07:07:07 Binary: /usr/sbin/biolatpcts-bpfcc
2026-09-22 07:07:07 Binary: /usr/sbin/biopattern-bpfcc
2026-09-22 07:07:07 Binary: /usr/sbin/biosdecode
2026-09-22 07:07:07 Binary: /usr/sbin/biosnoop-bpfcc
2026-09-22 07:07:07 Binary: /usr/sbin/biosnoop.bt
2026-09-22 07:07:07 Binary: /usr/sbin/biostacks.bt
2026-09-22 07:07:07 Binary: /usr/sbin/biotop-bpfcc
2026-09-22 07:07:07 Binary: /usr/sbin/bitesize-bpfcc
2026-09-22 07:07:07 Binary: /usr/sbin/bitesize.bt
2026-09-22 07:07:07 Binary: /usr/sbin/blkdeactivate
2026-09-22 07:07:07 Binary: /usr/sbin/blkdiscard
2026-09-22 07:07:07 Binary: /usr/sbin/blkid
2026-09-22 07:07:07 Binary: /usr/sbin/blkpr
2026-09-22 07:07:07 Binary: /usr/sbin/blockdev
2026-09-22 07:07:07 Binary: /usr/sbin/bpflist-bpfcc
2026-09-22 07:07:07 Binary: /usr/sbin/bpftool
2026-09-22 07:07:07 Binary: /usr/sbin/bridge
2026-09-22 07:07:07 Binary: /usr/sbin/btrfsdist-bpfcc
2026-09-22 07:07:07 Binary: /usr/sbin/btrfsslower-bpfcc
2026-09-22 07:07:07 Binary: /usr/sbin/cache_check
2026-09-22 07:07:07 Binary: /usr/sbin/cache_dump
2026-09-22 07:07:07 Binary: /usr/sbin/cache_metadata_size
2026-09-22 07:07:07 Binary: /usr/sbin/cache_repair
2026-09-22 07:07:07 Binary: /usr/sbin/cache_restore
2026-09-22 07:07:07 Binary: /usr/sbin/cache_writeback
2026-09-22 07:07:07 Binary: /usr/sbin/cachestat-bpfcc
2026-09-22 07:07:07 Binary: /usr/sbin/cachetop-bpfcc
2026-09-22 07:07:07 Binary: /usr/sbin/capable-bpfcc
2026-09-22 07:07:07 Binary: /usr/sbin/capable.bt
2026-09-22 07:07:07 Binary: /usr/sbin/capsh
2026-09-22 07:07:07 Binary: /usr/sbin/cfdisk
2026-09-22 07:07:07 Binary: /usr/sbin/cgdisk
2026-09-22 07:07:07 Binary: /usr/sbin/chgpasswd
2026-09-22 07:07:07 Binary: /usr/sbin/chpasswd
2026-09-22 07:07:07 Binary: /usr/sbin/chronyd
2026-09-22 07:07:07 Binary: /usr/sbin/cobjnew-bpfcc
2026-09-22 07:07:07 Binary: /usr/sbin/coldreboot
2026-09-22 07:07:07 Binary: /usr/sbin/compactsnoop-bpfcc
2026-09-22 07:07:07 Binary: /usr/sbin/cpudist-bpfcc
2026-09-22 07:07:07 Binary: /usr/sbin/cpuunclaimed-bpfcc
2026-09-22 07:07:07 Binary: /usr/sbin/cpuwalk.bt
2026-09-22 07:07:07 Binary: /usr/sbin/cracklib-check
2026-09-22 07:07:07 Binary: /usr/sbin/cracklib-format
2026-09-22 07:07:07 Binary: /usr/sbin/cracklib-packer
2026-09-22 07:07:07 Binary: /usr/sbin/cracklib-unpacker
2026-09-22 07:07:07 Binary: /usr/sbin/create-cracklib-dict
2026-09-22 07:07:07 Binary: /usr/sbin/criticalstat-bpfcc
2026-09-22 07:07:07 Binary: /usr/sbin/cron
2026-09-22 07:07:07 Binary: /usr/sbin/cryptdisks_start
2026-09-22 07:07:07 Binary: /usr/sbin/cryptdisks_stop
2026-09-22 07:07:07 Binary: /usr/sbin/cryptsetup
2026-09-22 07:07:07   Found known binary: cryptsetup (Encryption tool) - /usr/sbin/cryptsetup
2026-09-22 07:07:07 Binary: /usr/sbin/ctrlaltdel
2026-09-22 07:07:07 Binary: /usr/sbin/dbslower-bpfcc
2026-09-22 07:07:07 Binary: /usr/sbin/dbstat-bpfcc
2026-09-22 07:07:07 Binary: /usr/sbin/dcb
2026-09-22 07:07:07 Binary: /usr/sbin/dcsnoop-bpfcc
2026-09-22 07:07:07 Binary: /usr/sbin/dcsnoop.bt
2026-09-22 07:07:07 Binary: /usr/sbin/dcstat-bpfcc
2026-09-22 07:07:07 Binary: /usr/sbin/deadlock-bpfcc
2026-09-22 07:07:08 Binary: /usr/sbin/debugfs
2026-09-22 07:07:08 Binary: /usr/sbin/delgroup
2026-09-22 07:07:08 Binary: /usr/sbin/deluser
2026-09-22 07:07:08 Binary: /usr/sbin/depmod
2026-09-22 07:07:08 Binary: /usr/sbin/devlink
2026-09-22 07:07:08 Binary: /usr/sbin/dhcpcd
2026-09-22 07:07:08 Binary: /usr/sbin/dirtop-bpfcc
2026-09-22 07:07:08 Binary: /usr/sbin/dmeventd
2026-09-22 07:07:08 Binary: /usr/sbin/dmidecode
2026-09-22 07:07:08 Binary: /usr/sbin/dmsetup
2026-09-22 07:07:08 Binary: /usr/sbin/dmstats
2026-09-22 07:07:08 Binary: /usr/sbin/dosfsck
2026-09-22 07:07:08 Binary: /usr/sbin/dosfslabel
2026-09-22 07:07:08 Binary: /usr/sbin/dpkg-preconfigure
2026-09-22 07:07:08 Binary: /usr/sbin/dpkg-reconfigure
2026-09-22 07:07:08 Binary: /usr/sbin/dpll
2026-09-22 07:07:08 Binary: /usr/sbin/drsnoop-bpfcc
2026-09-22 07:07:08 Binary: /usr/sbin/dump.exfat
2026-09-22 07:07:08 Binary: /usr/sbin/dumpe2fs
2026-09-22 07:07:08 Binary: /usr/sbin/e2freefrag
2026-09-22 07:07:08 Binary: /usr/sbin/e2fsck
2026-09-22 07:07:08 Binary: /usr/sbin/e2image
2026-09-22 07:07:08 Binary: /usr/sbin/e2label
2026-09-22 07:07:08 Binary: /usr/sbin/e2mmpstatus
2026-09-22 07:07:08 Binary: /usr/sbin/e2scrub
2026-09-22 07:07:08 Binary: /usr/sbin/e2scrub_all
2026-09-22 07:07:08 Binary: /usr/sbin/e2undo
2026-09-22 07:07:08 Binary: /usr/sbin/e4crypt
2026-09-22 07:07:08 Binary: /usr/sbin/e4defrag
2026-09-22 07:07:08 Binary: /usr/sbin/ebtables
2026-09-22 07:07:08 Binary: /usr/sbin/ebtables-nft
2026-09-22 07:07:08 Binary: /usr/sbin/ebtables-nft-restore
2026-09-22 07:07:08 Binary: /usr/sbin/ebtables-nft-save
2026-09-22 07:07:08 Binary: /usr/sbin/ebtables-restore
2026-09-22 07:07:08 Binary: /usr/sbin/ebtables-save
2026-09-22 07:07:08 Binary: /usr/sbin/ebtables-translate
2026-09-22 07:07:08 Binary: /usr/sbin/era_check
2026-09-22 07:07:08 Binary: /usr/sbin/era_dump
2026-09-22 07:07:08 Binary: /usr/sbin/era_invalidate
2026-09-22 07:07:08 Binary: /usr/sbin/era_restore
2026-09-22 07:07:08 Binary: /usr/sbin/ethtool
2026-09-22 07:07:08 Binary: /usr/sbin/execsnoop-bpfcc
2026-09-22 07:07:08 Binary: /usr/sbin/execsnoop.bt
2026-09-22 07:07:08 Binary: /usr/sbin/exfat2img
2026-09-22 07:07:08 Binary: /usr/sbin/exfatlabel
2026-09-22 07:07:08 Binary: /usr/sbin/exitsnoop-bpfcc
2026-09-22 07:07:08 Binary: /usr/sbin/ext4dist-bpfcc
2026-09-22 07:07:08 Binary: /usr/sbin/ext4slower-bpfcc
2026-09-22 07:07:08 Binary: /usr/sbin/f2fsslower-bpfcc
2026-09-22 07:07:08 Binary: /usr/sbin/faillock
2026-09-22 07:07:08 Binary: /usr/sbin/fatlabel
2026-09-22 07:07:08 Binary: /usr/sbin/fdisk
2026-09-22 07:07:08 Binary: /usr/sbin/filefrag
2026-09-22 07:07:08 Binary: /usr/sbin/filegone-bpfcc
2026-09-22 07:07:08 Binary: /usr/sbin/filelife-bpfcc
2026-09-22 07:07:08 Binary: /usr/sbin/fileslower-bpfcc
2026-09-22 07:07:08 Binary: /usr/sbin/filetop-bpfcc
2026-09-22 07:07:08 Binary: /usr/sbin/findfs
2026-09-22 07:07:08 Binary: /usr/sbin/fixparts
2026-09-22 07:07:08 Binary: /usr/sbin/fsadm
2026-09-22 07:07:08 Binary: /usr/sbin/fsck
2026-09-22 07:07:08 Binary: /usr/sbin/fsck.btrfs
2026-09-22 07:07:08 Binary: /usr/sbin/fsck.cramfs
2026-09-22 07:07:08 Binary: /usr/sbin/fsck.exfat
2026-09-22 07:07:08 Binary: /usr/sbin/fsck.ext2
2026-09-22 07:07:08 Binary: /usr/sbin/fsck.ext3
2026-09-22 07:07:08 Binary: /usr/sbin/fsck.ext4
2026-09-22 07:07:08 Binary: /usr/sbin/fsck.fat
2026-09-22 07:07:08 Binary: /usr/sbin/fsck.minix
2026-09-22 07:07:08 Binary: /usr/sbin/fsck.msdos
2026-09-22 07:07:08 Binary: /usr/sbin/fsck.vfat
2026-09-22 07:07:08 Binary: /usr/sbin/fsck.xfs
2026-09-22 07:07:08 Binary: /usr/sbin/fsfreeze
2026-09-22 07:07:08 Binary: /usr/sbin/fstab-decode
2026-09-22 07:07:08 Binary: /usr/sbin/fstrim
2026-09-22 07:07:08 Binary: /usr/sbin/funccount-bpfcc
2026-09-22 07:07:08 Binary: /usr/sbin/funcinterval-bpfcc
2026-09-22 07:07:08 Binary: /usr/sbin/funclatency-bpfcc
2026-09-22 07:07:08 Binary: /usr/sbin/funcslower-bpfcc
2026-09-22 07:07:08 Binary: /usr/sbin/gdisk
2026-09-22 07:07:08 Binary: /usr/sbin/genl
2026-09-22 07:07:08 Binary: /usr/sbin/getcap
2026-09-22 07:07:08 Binary: /usr/sbin/gethostlatency-bpfcc
2026-09-22 07:07:08 Binary: /usr/sbin/gethostlatency.bt
2026-09-22 07:07:08 Binary: /usr/sbin/getpcaps
2026-09-22 07:07:08 Binary: /usr/sbin/getty
2026-09-22 07:07:08 Binary: /usr/sbin/gnuchroot
2026-09-22 07:07:08 Binary: /usr/sbin/groupadd
2026-09-22 07:07:08 Binary: /usr/sbin/groupdel
2026-09-22 07:07:08 Binary: /usr/sbin/groupmod
2026-09-22 07:07:08 Binary: /usr/sbin/grpck
2026-09-22 07:07:08 Binary: /usr/sbin/grpconv
2026-09-22 07:07:08 Binary: /usr/sbin/grpunconv
2026-09-22 07:07:08 Binary: /usr/sbin/grub-bios-setup
2026-09-22 07:07:08 Binary: /usr/sbin/grub-install
2026-09-22 07:07:08 Binary: /usr/sbin/grub-macbless
2026-09-22 07:07:08 Binary: /usr/sbin/grub-mkconfig
2026-09-22 07:07:08 Binary: /usr/sbin/grub-mkdevicemap
2026-09-22 07:07:08 Binary: /usr/sbin/grub-probe
2026-09-22 07:07:08 Binary: /usr/sbin/grub-reboot
2026-09-22 07:07:08 Binary: /usr/sbin/grub-set-default
2026-09-22 07:07:08 Binary: /usr/sbin/halt
2026-09-22 07:07:08 Binary: /usr/sbin/hardirqs-bpfcc
2026-09-22 07:07:09 Binary: /usr/sbin/hdparm
2026-09-22 07:07:09 Binary: /usr/sbin/hwclock
2026-09-22 07:07:09 Binary: /usr/sbin/iconvconfig
2026-09-22 07:07:09 Binary: /usr/sbin/init
2026-09-22 07:07:09 Binary: /usr/sbin/inject-bpfcc
2026-09-22 07:07:09 Binary: /usr/sbin/insmod
2026-09-22 07:07:09 Binary: /usr/sbin/install-sgmlcatalog
2026-09-22 07:07:09 Binary: /usr/sbin/installkernel
2026-09-22 07:07:09 Binary: /usr/sbin/integritysetup
2026-09-22 07:07:09 Binary: /usr/sbin/invoke-rc.d
2026-09-22 07:07:09 Binary: /usr/sbin/ip
2026-09-22 07:07:09 Binary: /usr/sbin/ip6tables
2026-09-22 07:07:09 Binary: /usr/sbin/ip6tables-apply
2026-09-22 07:07:09 Binary: /usr/sbin/ip6tables-legacy
2026-09-22 07:07:09 Binary: /usr/sbin/ip6tables-legacy-restore
2026-09-22 07:07:09 Binary: /usr/sbin/ip6tables-legacy-save
2026-09-22 07:07:09 Binary: /usr/sbin/ip6tables-nft
2026-09-22 07:07:09 Binary: /usr/sbin/ip6tables-nft-restore
2026-09-22 07:07:09 Binary: /usr/sbin/ip6tables-nft-save
2026-09-22 07:07:09 Binary: /usr/sbin/ip6tables-restore
2026-09-22 07:07:09 Binary: /usr/sbin/ip6tables-restore-translate
2026-09-22 07:07:09 Binary: /usr/sbin/ip6tables-save
2026-09-22 07:07:09 Binary: /usr/sbin/ip6tables-translate
2026-09-22 07:07:09 Binary: /usr/sbin/iptables
2026-09-22 07:07:09 Binary: /usr/sbin/iptables-apply
2026-09-22 07:07:09 Binary: /usr/sbin/iptables-legacy
2026-09-22 07:07:09 Binary: /usr/sbin/iptables-legacy-restore
2026-09-22 07:07:09 Binary: /usr/sbin/iptables-legacy-save
2026-09-22 07:07:09 Binary: /usr/sbin/iptables-nft
2026-09-22 07:07:09 Binary: /usr/sbin/iptables-nft-restore
2026-09-22 07:07:09 Binary: /usr/sbin/iptables-nft-save
2026-09-22 07:07:09 Binary: /usr/sbin/iptables-restore
2026-09-22 07:07:09 Binary: /usr/sbin/iptables-restore-translate
2026-09-22 07:07:09 Binary: /usr/sbin/iptables-save
2026-09-22 07:07:09 Binary: /usr/sbin/iptables-translate
2026-09-22 07:07:09 Binary: /usr/sbin/iscsi-iname
2026-09-22 07:07:09 Binary: /usr/sbin/iscsi_discovery
2026-09-22 07:07:09 Binary: /usr/sbin/iscsiadm
2026-09-22 07:07:09 Binary: /usr/sbin/iscsid
2026-09-22 07:07:09 Binary: /usr/sbin/iscsistart
2026-09-22 07:07:09 Binary: /usr/sbin/iucode-tool
2026-09-22 07:07:09 Binary: /usr/sbin/iucode_tool
2026-09-22 07:07:09 Binary: /usr/sbin/javacalls-bpfcc
2026-09-22 07:07:09 Binary: /usr/sbin/javaflow-bpfcc
2026-09-22 07:07:09 Binary: /usr/sbin/javagc-bpfcc
2026-09-22 07:07:09 Binary: /usr/sbin/javaobjnew-bpfcc
2026-09-22 07:07:09 Binary: /usr/sbin/javastat-bpfcc
2026-09-22 07:07:09 Binary: /usr/sbin/javathreads-bpfcc
2026-09-22 07:07:09 Binary: /usr/sbin/kbdrate
2026-09-22 07:07:09 Binary: /usr/sbin/kdump-config
2026-09-22 07:07:09 Binary: /usr/sbin/kexec
2026-09-22 07:07:09 Binary: /usr/sbin/kexec-load-kernel
2026-09-22 07:07:09 Binary: /usr/sbin/killall5
2026-09-22 07:07:09 Binary: /usr/sbin/killsnoop-bpfcc
2026-09-22 07:07:09 Binary: /usr/sbin/killsnoop.bt
2026-09-22 07:07:09 Binary: /usr/sbin/klockstat-bpfcc
2026-09-22 07:07:09 Binary: /usr/sbin/kpartx
2026-09-22 07:07:09 Binary: /usr/sbin/kvmexit-bpfcc
2026-09-22 07:07:09 Binary: /usr/sbin/ldconfig
2026-09-22 07:07:09 Binary: /usr/sbin/llcstat-bpfcc
2026-09-22 07:07:09 Binary: /usr/sbin/loads.bt
2026-09-22 07:07:09 Binary: /usr/sbin/locale-gen
2026-09-22 07:07:09 Binary: /usr/sbin/logrotate
2026-09-22 07:07:09 Binary: /usr/sbin/logsave
2026-09-22 07:07:09 Binary: /usr/sbin/losetup
2026-09-22 07:07:09 Binary: /usr/sbin/lsmod
2026-09-22 07:07:09 Binary: /usr/sbin/luksformat
2026-09-22 07:07:09 Binary: /usr/sbin/lvchange
2026-09-22 07:07:09 Binary: /usr/sbin/lvconvert
2026-09-22 07:07:09 Binary: /usr/sbin/lvcreate
2026-09-22 07:07:09 Binary: /usr/sbin/lvdisplay
2026-09-22 07:07:09   Found known binary: lvdisplay (LVM tool) - /usr/sbin/lvdisplay
2026-09-22 07:07:09 Binary: /usr/sbin/lvextend
2026-09-22 07:07:09 Binary: /usr/sbin/lvm
2026-09-22 07:07:09 Binary: /usr/sbin/lvmconfig
2026-09-22 07:07:09 Binary: /usr/sbin/lvmdiskscan
2026-09-22 07:07:09 Binary: /usr/sbin/lvmdump
2026-09-22 07:07:09 Binary: /usr/sbin/lvmpolld
2026-09-22 07:07:09 Binary: /usr/sbin/lvmsadc
2026-09-22 07:07:09 Binary: /usr/sbin/lvmsar
2026-09-22 07:07:09 Binary: /usr/sbin/lvreduce
2026-09-22 07:07:09 Binary: /usr/sbin/lvremove
2026-09-22 07:07:09 Binary: /usr/sbin/lvrename
2026-09-22 07:07:09 Binary: /usr/sbin/lvresize
2026-09-22 07:07:09 Binary: /usr/sbin/lvs
2026-09-22 07:07:09 Binary: /usr/sbin/lvscan
2026-09-22 07:07:09 Binary: /usr/sbin/lxc
2026-09-22 07:07:09 Binary: /usr/sbin/lxd
2026-09-22 07:07:09 Binary: /usr/sbin/lynis
2026-09-22 07:07:09 Binary: /usr/sbin/make-bcache
2026-09-22 07:07:09 Binary: /usr/sbin/mdadm
2026-09-22 07:07:09 Binary: /usr/sbin/mdflush-bpfcc
2026-09-22 07:07:09 Binary: /usr/sbin/mdflush.bt
2026-09-22 07:07:09 Binary: /usr/sbin/mdmon
2026-09-22 07:07:09 Binary: /usr/sbin/memleak-bpfcc
2026-09-22 07:07:09 Binary: /usr/sbin/mkdosfs
2026-09-22 07:07:09 Binary: /usr/sbin/mke2fs
2026-09-22 07:07:09 Binary: /usr/sbin/mkfs
2026-09-22 07:07:09 Binary: /usr/sbin/mkfs.bfs
2026-09-22 07:07:09 Binary: /usr/sbin/mkfs.btrfs
2026-09-22 07:07:09 Binary: /usr/sbin/mkfs.cramfs
2026-09-22 07:07:09 Binary: /usr/sbin/mkfs.exfat
2026-09-22 07:07:09 Binary: /usr/sbin/mkfs.ext2
2026-09-22 07:07:10 Binary: /usr/sbin/mkfs.ext3
2026-09-22 07:07:10 Binary: /usr/sbin/mkfs.ext4
2026-09-22 07:07:10 Binary: /usr/sbin/mkfs.fat
2026-09-22 07:07:10 Binary: /usr/sbin/mkfs.minix
2026-09-22 07:07:10 Binary: /usr/sbin/mkfs.msdos
2026-09-22 07:07:10 Binary: /usr/sbin/mkfs.ntfs
2026-09-22 07:07:10 Binary: /usr/sbin/mkfs.vfat
2026-09-22 07:07:10 Binary: /usr/sbin/mkfs.xfs
2026-09-22 07:07:10 Binary: /usr/sbin/mkhomedir_helper
2026-09-22 07:07:10 Binary: /usr/sbin/mkinitramfs
2026-09-22 07:07:10 Binary: /usr/sbin/mklost+found
2026-09-22 07:07:10 Binary: /usr/sbin/mkntfs
2026-09-22 07:07:10 Binary: /usr/sbin/mkswap
2026-09-22 07:07:10 Binary: /usr/sbin/modinfo
2026-09-22 07:07:10 Binary: /usr/sbin/modprobe
2026-09-22 07:07:10 Binary: /usr/sbin/mount.fuse
2026-09-22 07:07:10 Binary: /usr/sbin/mount.fuse3
2026-09-22 07:07:10 Binary: /usr/sbin/mount.lowntfs-3g
2026-09-22 07:07:10 Binary: /usr/sbin/mount.ntfs
2026-09-22 07:07:10 Binary: /usr/sbin/mount.ntfs-3g
2026-09-22 07:07:10 Binary: /usr/sbin/mountsnoop-bpfcc
2026-09-22 07:07:10 Binary: /usr/sbin/mpathpersist
2026-09-22 07:07:10 Binary: /usr/sbin/mptcpify-bpfcc
2026-09-22 07:07:10 Binary: /usr/sbin/multipath
2026-09-22 07:07:10 Binary: /usr/sbin/multipathc
2026-09-22 07:07:10 Binary: /usr/sbin/multipathd
2026-09-22 07:07:10 Binary: /usr/sbin/mysqld_qslower-bpfcc
2026-09-22 07:07:10 Binary: /usr/sbin/naptime.bt
2026-09-22 07:07:10 Binary: /usr/sbin/needrestart
2026-09-22 07:07:10   Found known binary: needrestart (System tool) - /usr/sbin/needrestart
2026-09-22 07:07:10 Binary: /usr/sbin/netplan
2026-09-22 07:07:10 Binary: /usr/sbin/netqtop-bpfcc
2026-09-22 07:07:10 Binary: /usr/sbin/newusers
2026-09-22 07:07:10 Binary: /usr/sbin/nfnl_osf
2026-09-22 07:07:10 Binary: /usr/sbin/nfsdist-bpfcc
2026-09-22 07:07:10 Binary: /usr/sbin/nfsslower-bpfcc
2026-09-22 07:07:10 Binary: /usr/sbin/nft
2026-09-22 07:07:10 Binary: /usr/sbin/nodegc-bpfcc
2026-09-22 07:07:10 Binary: /usr/sbin/nodestat-bpfcc
2026-09-22 07:07:10 Binary: /usr/sbin/nologin
2026-09-22 07:07:10 Binary: /usr/sbin/ntfsclone
2026-09-22 07:07:10 Binary: /usr/sbin/ntfscp
2026-09-22 07:07:10 Binary: /usr/sbin/ntfslabel
2026-09-22 07:07:10 Binary: /usr/sbin/ntfsresize
2026-09-22 07:07:10 Binary: /usr/sbin/ntfsundelete
2026-09-22 07:07:10 Binary: /usr/sbin/numasched-bpfcc
2026-09-22 07:07:10 Binary: /usr/sbin/offcputime-bpfcc
2026-09-22 07:07:10 Binary: /usr/sbin/offwaketime-bpfcc
2026-09-22 07:07:10 Binary: /usr/sbin/on_ac_power
2026-09-22 07:07:10 Binary: /usr/sbin/oomkill-bpfcc
2026-09-22 07:07:10 Binary: /usr/sbin/oomkill.bt
2026-09-22 07:07:10 Binary: /usr/sbin/opensnoop-bpfcc
2026-09-22 07:07:10 Binary: /usr/sbin/opensnoop.bt
2026-09-22 07:07:10 Binary: /usr/sbin/overlayroot-chroot
2026-09-22 07:07:10 Binary: /usr/sbin/ownership
2026-09-22 07:07:10 Binary: /usr/sbin/pam-auth-update
2026-09-22 07:07:10 Binary: /usr/sbin/pam_extrausers_chkpwd
2026-09-22 07:07:10 Binary: /usr/sbin/pam_extrausers_update
2026-09-22 07:07:10 Binary: /usr/sbin/pam_getenv
2026-09-22 07:07:10 Binary: /usr/sbin/pam_namespace_helper
2026-09-22 07:07:10 Binary: /usr/sbin/pam_timestamp_check
2026-09-22 07:07:10 Binary: /usr/sbin/parted
2026-09-22 07:07:10 Binary: /usr/sbin/partprobe
2026-09-22 07:07:10 Binary: /usr/sbin/pdata_tools
2026-09-22 07:07:10 Binary: /usr/sbin/perlcalls-bpfcc
2026-09-22 07:07:10 Binary: /usr/sbin/perlflow-bpfcc
2026-09-22 07:07:10 Binary: /usr/sbin/perlstat-bpfcc
2026-09-22 07:07:10 Binary: /usr/sbin/phpcalls-bpfcc
2026-09-22 07:07:10 Binary: /usr/sbin/phpflow-bpfcc
2026-09-22 07:07:10 Binary: /usr/sbin/phpstat-bpfcc
2026-09-22 07:07:10 Binary: /usr/sbin/pidpersec-bpfcc
2026-09-22 07:07:10 Binary: /usr/sbin/pidpersec.bt
2026-09-22 07:07:10 Binary: /usr/sbin/plymouthd
2026-09-22 07:07:10 Binary: /usr/sbin/poweroff
2026-09-22 07:07:10 Binary: /usr/sbin/ppchcalls-bpfcc
2026-09-22 07:07:10 Binary: /usr/sbin/profile-bpfcc
2026-09-22 07:07:10 Binary: /usr/sbin/pvchange
2026-09-22 07:07:10 Binary: /usr/sbin/pvck
2026-09-22 07:07:10 Binary: /usr/sbin/pvcreate
2026-09-22 07:07:10 Binary: /usr/sbin/pvdisplay
2026-09-22 07:07:10 Binary: /usr/sbin/pvmove
2026-09-22 07:07:10 Binary: /usr/sbin/pvremove
2026-09-22 07:07:10 Binary: /usr/sbin/pvresize
2026-09-22 07:07:10 Binary: /usr/sbin/pvs
2026-09-22 07:07:10 Binary: /usr/sbin/pvscan
2026-09-22 07:07:10 Binary: /usr/sbin/pwck
2026-09-22 07:07:10 Binary: /usr/sbin/pwconv
2026-09-22 07:07:10 Binary: /usr/sbin/pwhistory_helper
2026-09-22 07:07:10 Binary: /usr/sbin/pwunconv
2026-09-22 07:07:10 Binary: /usr/sbin/pythoncalls-bpfcc
2026-09-22 07:07:10 Binary: /usr/sbin/pythonflow-bpfcc
2026-09-22 07:07:10 Binary: /usr/sbin/pythongc-bpfcc
2026-09-22 07:07:10 Binary: /usr/sbin/pythonstat-bpfcc
2026-09-22 07:07:10 Binary: /usr/sbin/rdmaucma-bpfcc
2026-09-22 07:07:10 Binary: /usr/sbin/readahead-bpfcc
2026-09-22 07:07:10 Binary: /usr/sbin/readprofile
2026-09-22 07:07:10 Binary: /usr/sbin/reboot
2026-09-22 07:07:10 Binary: /usr/sbin/remove-shell
2026-09-22 07:07:10 Binary: /usr/sbin/reset-trace-bpfcc
2026-09-22 07:07:10 Binary: /usr/sbin/resize2fs
2026-09-22 07:07:10 Binary: /usr/sbin/resolvconf
2026-09-22 07:07:10 Binary: /usr/sbin/rmmod
2026-09-22 07:07:10 Binary: /usr/sbin/rmt
2026-09-22 07:07:10 Binary: /usr/sbin/rmt-tar
2026-09-22 07:07:11 Binary: /usr/sbin/rsyslogd
2026-09-22 07:07:11 Binary: /usr/sbin/rtacct
2026-09-22 07:07:11 Binary: /usr/sbin/rtcwake
2026-09-22 07:07:11 Binary: /usr/sbin/rtmon
2026-09-22 07:07:11 Binary: /usr/sbin/rubycalls-bpfcc
2026-09-22 07:07:11 Binary: /usr/sbin/rubyflow-bpfcc
2026-09-22 07:07:11 Binary: /usr/sbin/rubygc-bpfcc
2026-09-22 07:07:11 Binary: /usr/sbin/rubyobjnew-bpfcc
2026-09-22 07:07:11 Binary: /usr/sbin/rubystat-bpfcc
2026-09-22 07:07:11 Binary: /usr/sbin/runqlat-bpfcc
2026-09-22 07:07:11 Binary: /usr/sbin/runqlat.bt
2026-09-22 07:07:11 Binary: /usr/sbin/runqlen-bpfcc
2026-09-22 07:07:11 Binary: /usr/sbin/runqlen.bt
2026-09-22 07:07:11 Binary: /usr/sbin/runqslower-bpfcc
2026-09-22 07:07:11 Binary: /usr/sbin/runuser
2026-09-22 07:07:11 Binary: /usr/sbin/service
2026-09-22 07:07:11 Binary: /usr/sbin/setcap
2026-09-22 07:07:11 Binary: /usr/sbin/setuids.bt
2026-09-22 07:07:11 Binary: /usr/sbin/setvesablank
2026-09-22 07:07:11 Binary: /usr/sbin/setvtrgb
2026-09-22 07:07:11 Binary: /usr/sbin/sfdisk
2026-09-22 07:07:11 Binary: /usr/sbin/sgdisk
2026-09-22 07:07:11 Binary: /usr/sbin/shadowconfig
2026-09-22 07:07:11 Binary: /usr/sbin/shmsnoop-bpfcc
2026-09-22 07:07:11 Binary: /usr/sbin/shutdown
2026-09-22 07:07:11 Binary: /usr/sbin/slabratetop-bpfcc
2026-09-22 07:07:11 Binary: /usr/sbin/sofdsnoop-bpfcc
2026-09-22 07:07:11 Binary: /usr/sbin/softirqs-bpfcc
2026-09-22 07:07:11 Binary: /usr/sbin/solisten-bpfcc
2026-09-22 07:07:11 Binary: /usr/sbin/sshd
2026-09-22 07:07:11 Binary: /usr/sbin/ssllatency.bt
2026-09-22 07:07:11 Binary: /usr/sbin/sslsniff-bpfcc
2026-09-22 07:07:11 Binary: /usr/sbin/sslsnoop.bt
2026-09-22 07:07:11 Binary: /usr/sbin/stackcount-bpfcc
2026-09-22 07:07:11 Binary: /usr/sbin/start-stop-daemon
2026-09-22 07:07:11 Binary: /usr/sbin/statsnoop-bpfcc
2026-09-22 07:07:11 Binary: /usr/sbin/statsnoop.bt
2026-09-22 07:07:11 Binary: /usr/sbin/sudo_logsrvd
2026-09-22 07:07:11 Binary: /usr/sbin/sudo_sendlog.ws
2026-09-22 07:07:11 Binary: /usr/sbin/sulogin
2026-09-22 07:07:11 Binary: /usr/sbin/swapin.bt
2026-09-22 07:07:11 Binary: /usr/sbin/swaplabel
2026-09-22 07:07:11 Binary: /usr/sbin/swapoff
2026-09-22 07:07:11 Binary: /usr/sbin/swapon
2026-09-22 07:07:11 Binary: /usr/sbin/syncsnoop-bpfcc
2026-09-22 07:07:11 Binary: /usr/sbin/syncsnoop.bt
2026-09-22 07:07:11 Binary: /usr/sbin/syscount-bpfcc
2026-09-22 07:07:11 Binary: /usr/sbin/syscount.bt
2026-09-22 07:07:11 Binary: /usr/sbin/sysctl
2026-09-22 07:07:11 Binary: /usr/sbin/tarcat
2026-09-22 07:07:11 Binary: /usr/sbin/tc
2026-09-22 07:07:11 Binary: /usr/sbin/tclcalls-bpfcc
2026-09-22 07:07:11 Binary: /usr/sbin/tclflow-bpfcc
2026-09-22 07:07:11 Binary: /usr/sbin/tclobjnew-bpfcc
2026-09-22 07:07:11 Binary: /usr/sbin/tclstat-bpfcc
2026-09-22 07:07:11 Binary: /usr/sbin/tcpaccept-bpfcc
2026-09-22 07:07:11 Binary: /usr/sbin/tcpaccept.bt
2026-09-22 07:07:11 Binary: /usr/sbin/tcpcong-bpfcc
2026-09-22 07:07:11 Binary: /usr/sbin/tcpconnect-bpfcc
2026-09-22 07:07:11 Binary: /usr/sbin/tcpconnect.bt
2026-09-22 07:07:11 Binary: /usr/sbin/tcpconnlat-bpfcc
2026-09-22 07:07:11 Binary: /usr/sbin/tcpdrop-bpfcc
2026-09-22 07:07:11 Binary: /usr/sbin/tcpdrop.bt
2026-09-22 07:07:11 Binary: /usr/sbin/tcplife-bpfcc
2026-09-22 07:07:11 Binary: /usr/sbin/tcplife.bt
2026-09-22 07:07:11 Binary: /usr/sbin/tcpretrans-bpfcc
2026-09-22 07:07:11 Binary: /usr/sbin/tcpretrans.bt
2026-09-22 07:07:11 Binary: /usr/sbin/tcprtt-bpfcc
2026-09-22 07:07:11 Binary: /usr/sbin/tcpstates-bpfcc
2026-09-22 07:07:11 Binary: /usr/sbin/tcpsubnet-bpfcc
2026-09-22 07:07:11 Binary: /usr/sbin/tcpsynbl-bpfcc
2026-09-22 07:07:11 Binary: /usr/sbin/tcpsynbl.bt
2026-09-22 07:07:11 Binary: /usr/sbin/tcptop-bpfcc
2026-09-22 07:07:11 Binary: /usr/sbin/tcptracer-bpfcc
2026-09-22 07:07:11 Binary: /usr/sbin/thermald
2026-09-22 07:07:11 Binary: /usr/sbin/thin_check
2026-09-22 07:07:11 Binary: /usr/sbin/thin_delta
2026-09-22 07:07:11 Binary: /usr/sbin/thin_dump
2026-09-22 07:07:11 Binary: /usr/sbin/thin_ls
2026-09-22 07:07:11 Binary: /usr/sbin/thin_metadata_pack
2026-09-22 07:07:11 Binary: /usr/sbin/thin_metadata_size
2026-09-22 07:07:11 Binary: /usr/sbin/thin_metadata_unpack
2026-09-22 07:07:11 Binary: /usr/sbin/thin_migrate
2026-09-22 07:07:11 Binary: /usr/sbin/thin_repair
2026-09-22 07:07:11 Binary: /usr/sbin/thin_restore
2026-09-22 07:07:11 Binary: /usr/sbin/thin_rmap
2026-09-22 07:07:11 Binary: /usr/sbin/thin_trim
2026-09-22 07:07:11 Binary: /usr/sbin/threadsnoop-bpfcc
2026-09-22 07:07:11 Binary: /usr/sbin/threadsnoop.bt
2026-09-22 07:07:11 Binary: /usr/sbin/tipc
2026-09-22 07:07:11 Binary: /usr/sbin/tplist-bpfcc
2026-09-22 07:07:11 Binary: /usr/sbin/trace-bpfcc
2026-09-22 07:07:11 Binary: /usr/sbin/ttysnoop-bpfcc
2026-09-22 07:07:11 Binary: /usr/sbin/tune.exfat
2026-09-22 07:07:11 Binary: /usr/sbin/tune2fs
2026-09-22 07:07:11 Binary: /usr/sbin/u-d-c-print-pci-ids
2026-09-22 07:07:11 Binary: /usr/sbin/ucalls
2026-09-22 07:07:11 Binary: /usr/sbin/uflow
2026-09-22 07:07:11 Binary: /usr/sbin/ufw
2026-09-22 07:07:11 Binary: /usr/sbin/ugc
2026-09-22 07:07:11 Binary: /usr/sbin/umount.udisks2
2026-09-22 07:07:11 Binary: /usr/sbin/undump.bt
2026-09-22 07:07:11 Binary: /usr/sbin/unix_chkpwd
2026-09-22 07:07:12 Binary: /usr/sbin/unix_update
2026-09-22 07:07:12 Binary: /usr/sbin/uobjnew
2026-09-22 07:07:12 Binary: /usr/sbin/update-ca-certificates
2026-09-22 07:07:12 Binary: /usr/sbin/update-catalog
2026-09-22 07:07:12 Binary: /usr/sbin/update-cracklib
2026-09-22 07:07:12 Binary: /usr/sbin/update-grub
2026-09-22 07:07:12 Binary: /usr/sbin/update-grub-gfxpayload
2026-09-22 07:07:12 Binary: /usr/sbin/update-grub2
2026-09-22 07:07:12 Binary: /usr/sbin/update-ieee-data
2026-09-22 07:07:12 Binary: /usr/sbin/update-info-dir
2026-09-22 07:07:12 Binary: /usr/sbin/update-initramfs
2026-09-22 07:07:12 Binary: /usr/sbin/update-locale
2026-09-22 07:07:12 Binary: /usr/sbin/update-passwd
2026-09-22 07:07:12 Binary: /usr/sbin/update-pciids
2026-09-22 07:07:12 Binary: /usr/sbin/update-rc.d
2026-09-22 07:07:12 Binary: /usr/sbin/update-shells
2026-09-22 07:07:12 Binary: /usr/sbin/update-xmlcatalog
2026-09-22 07:07:12 Binary: /usr/sbin/usb_modeswitch
2026-09-22 07:07:12 Binary: /usr/sbin/usb_modeswitch_dispatcher
2026-09-22 07:07:12 Binary: /usr/sbin/usbmuxd
2026-09-22 07:07:12 Binary: /usr/sbin/useradd
2026-09-22 07:07:12 Binary: /usr/sbin/userdel
2026-09-22 07:07:12 Binary: /usr/sbin/usermod
2026-09-22 07:07:12 Binary: /usr/sbin/ustat
2026-09-22 07:07:12 Binary: /usr/sbin/uthreads
2026-09-22 07:07:12 Binary: /usr/sbin/uuidd
2026-09-22 07:07:12 Binary: /usr/sbin/validlocale
2026-09-22 07:07:12 Binary: /usr/sbin/vcstime
2026-09-22 07:07:12 Binary: /usr/sbin/vdpa
2026-09-22 07:07:12 Binary: /usr/sbin/veritysetup
2026-09-22 07:07:12 Binary: /usr/sbin/vfscount-bpfcc
2026-09-22 07:07:12 Binary: /usr/sbin/vfscount.bt
2026-09-22 07:07:12 Binary: /usr/sbin/vfsstat-bpfcc
2026-09-22 07:07:12 Binary: /usr/sbin/vfsstat.bt
2026-09-22 07:07:12 Binary: /usr/sbin/vgcfgbackup
2026-09-22 07:07:12 Binary: /usr/sbin/vgcfgrestore
2026-09-22 07:07:12 Binary: /usr/sbin/vgchange
2026-09-22 07:07:12 Binary: /usr/sbin/vgck
2026-09-22 07:07:12 Binary: /usr/sbin/vgconvert
2026-09-22 07:07:12 Binary: /usr/sbin/vgcreate
2026-09-22 07:07:12 Binary: /usr/sbin/vgdisplay
2026-09-22 07:07:12 Binary: /usr/sbin/vgexport
2026-09-22 07:07:12 Binary: /usr/sbin/vgextend
2026-09-22 07:07:12 Binary: /usr/sbin/vgimport
2026-09-22 07:07:12 Binary: /usr/sbin/vgimportclone
2026-09-22 07:07:12 Binary: /usr/sbin/vgmerge
2026-09-22 07:07:12 Binary: /usr/sbin/vgmknodes
2026-09-22 07:07:12 Binary: /usr/sbin/vgreduce
2026-09-22 07:07:12 Binary: /usr/sbin/vgremove
2026-09-22 07:07:12 Binary: /usr/sbin/vgrename
2026-09-22 07:07:12 Binary: /usr/sbin/vgs
2026-09-22 07:07:12 Binary: /usr/sbin/vgscan
2026-09-22 07:07:12 Binary: /usr/sbin/vgsplit
2026-09-22 07:07:12 Binary: /usr/sbin/vigr
2026-09-22 07:07:12 Binary: /usr/sbin/vipw
2026-09-22 07:07:12 Binary: /usr/sbin/virtiostat-bpfcc
2026-09-22 07:07:12 Binary: /usr/sbin/visudo
2026-09-22 07:07:12 Binary: /usr/sbin/visudo.ws
2026-09-22 07:07:12 Binary: /usr/sbin/vmcore-dmesg
2026-09-22 07:07:12 Binary: /usr/sbin/vpddecode
2026-09-22 07:07:12 Binary: /usr/sbin/wakeuptime-bpfcc
2026-09-22 07:07:12 Binary: /usr/sbin/wipefs
2026-09-22 07:07:12 Binary: /usr/sbin/wqlat-bpfcc
2026-09-22 07:07:12 Binary: /usr/sbin/writeback.bt
2026-09-22 07:07:12 Binary: /usr/sbin/xfs_admin
2026-09-22 07:07:12 Binary: /usr/sbin/xfs_bmap
2026-09-22 07:07:12 Binary: /usr/sbin/xfs_copy
2026-09-22 07:07:12 Binary: /usr/sbin/xfs_db
2026-09-22 07:07:12 Binary: /usr/sbin/xfs_estimate
2026-09-22 07:07:12 Binary: /usr/sbin/xfs_freeze
2026-09-22 07:07:12 Binary: /usr/sbin/xfs_fsr
2026-09-22 07:07:12 Binary: /usr/sbin/xfs_growfs
2026-09-22 07:07:12 Binary: /usr/sbin/xfs_info
2026-09-22 07:07:12 Binary: /usr/sbin/xfs_io
2026-09-22 07:07:12 Binary: /usr/sbin/xfs_logprint
2026-09-22 07:07:12 Binary: /usr/sbin/xfs_mdrestore
2026-09-22 07:07:12 Binary: /usr/sbin/xfs_metadump
2026-09-22 07:07:12 Binary: /usr/sbin/xfs_mkfile
2026-09-22 07:07:12 Binary: /usr/sbin/xfs_ncheck
2026-09-22 07:07:12 Binary: /usr/sbin/xfs_property
2026-09-22 07:07:12 Binary: /usr/sbin/xfs_protofile
2026-09-22 07:07:12 Binary: /usr/sbin/xfs_quota
2026-09-22 07:07:12 Binary: /usr/sbin/xfs_repair
2026-09-22 07:07:12 Binary: /usr/sbin/xfs_rtcp
2026-09-22 07:07:12 Binary: /usr/sbin/xfs_scrub
2026-09-22 07:07:12 Binary: /usr/sbin/xfs_scrub_all
2026-09-22 07:07:12 Binary: /usr/sbin/xfs_spaceman
2026-09-22 07:07:12 Binary: /usr/sbin/xfsdist-bpfcc
2026-09-22 07:07:12 Binary: /usr/sbin/xfsdist.bt
2026-09-22 07:07:12 Binary: /usr/sbin/xfsslower-bpfcc
2026-09-22 07:07:12 Binary: /usr/sbin/xtables-legacy-multi
2026-09-22 07:07:12 Binary: /usr/sbin/xtables-monitor
2026-09-22 07:07:12 Binary: /usr/sbin/xtables-nft-multi
2026-09-22 07:07:12 Binary: /usr/sbin/zerofree
2026-09-22 07:07:12 Binary: /usr/sbin/zfsdist-bpfcc
2026-09-22 07:07:12 Binary: /usr/sbin/zfsslower-bpfcc
2026-09-22 07:07:12 Binary: /usr/sbin/zic
2026-09-22 07:07:12 Binary: /usr/sbin/zramctl
2026-09-22 07:07:12 ====
2026-09-22 07:07:12 Test: Checking binaries in directory /usr/local/bin
2026-09-22 07:07:12 Directory /usr/local/bin exists. Starting directory scanning...
2026-09-22 07:07:12 ====
2026-09-22 07:07:12 Test: Checking binaries in directory /usr/local/sbin
2026-09-22 07:07:12 Directory /usr/local/sbin exists. Starting directory scanning...
2026-09-22 07:07:13 ====
2026-09-22 07:07:13 Discovered directories: /bin, /sbin, /usr/bin, /usr/sbin, /usr/local/bin, /usr/local/sbin
2026-09-22 07:07:13 DEB-0001 Result: found 3478 binaries
2026-09-22 07:07:13 Status: Starting Authentication checks...
2026-09-22 07:07:13 Status: Checking if libpam-tmpdir is installed and enabled...
2026-09-22 07:07:13 ====
2026-09-22 07:07:13 Performing test ID DEB-0280 (Checking if libpam-tmpdir is installed and enabled.)
2026-09-22 07:07:19  - libpam-tmpdir is not installed.
2026-09-22 07:07:19 Hardening: assigned partial number of hardening points (0 of 2). Currently having 0 points (out of 2)
2026-09-22 07:07:19 Suggestion: Install libpam-tmpdir to set $TMP and $TMPDIR for PAM sessions [test:DEB-0280] [details:-] [solution:-]
2026-09-22 07:07:19 Status: Starting file system checks...
2026-09-22 07:07:19 Status: Starting file system checks for dm-crypt, cryptsetup & cryptmount...
2026-09-22 07:07:19 ====
2026-09-22 07:07:19 Performing test ID DEB-0510 (Checking if LVM volume groups or file systems are stored on encrypted partitions)
2026-09-22 07:07:19 Test: Checking file system mount points
2026-09-22 07:07:19 Result: found one or more file system mount points
2026-09-22 07:07:19 Testing file system mount point: /dev/mapper/ubuntu--vg-ubuntu--lv
2026-09-22 07:07:19 Hardening: assigned maximum number of hardening points for this item (1). Currently having 1 points (out of 3)
2026-09-22 07:07:19 Testing file system mount point: /dev/sda2
2026-09-22 07:07:19  - /dev/sda2 is mounted on /boot, cannot be encrypted with DM-Crypt.
2026-09-22 07:07:19 ====
2026-09-22 07:07:19 Skipped test DEB-0520 (Checking for Ecryptfs)
2026-09-22 07:07:19 Reason to skip: Prerequisites not met (ie missing tool, other type of Linux distribution)
2026-09-22 07:07:19 Status: Starting Software checks...
2026-09-22 07:07:19 ====
2026-09-22 07:07:19 Performing test ID DEB-0810 (Checking for apt-listbugs)
2026-09-22 07:07:19  - apt-listbugs is not installed.
2026-09-22 07:07:19 Hardening: assigned partial number of hardening points (0 of 2). Currently having 1 points (out of 5)
2026-09-22 07:07:19 Suggestion: Install apt-listbugs to display a list of critical bugs prior to each APT installation. [test:DEB-0810] [details:-] [solution:-]
2026-09-22 07:07:19 ====
2026-09-22 07:07:19 Performing test ID DEB-0811 (Checking for apt-listchanges)
2026-09-22 07:07:19  - apt-listchanges is not installed.
2026-09-22 07:07:19 Hardening: assigned partial number of hardening points (0 of 2). Currently having 1 points (out of 7)
2026-09-22 07:07:19 Suggestion: Install apt-listchanges to display any significant changes prior to any upgrade via APT. [test:DEB-0811] [details:-] [solution:-]
2026-09-22 07:07:19 ====
2026-09-22 07:07:19 Performing test ID DEB-0831 (Verifying that needrestart is installed.)
2026-09-22 07:07:19  - needrestart is installed.
2026-09-22 07:07:19 Hardening: assigned maximum number of hardening points for this item (1). Currently having 2 points (out of 8)
2026-09-22 07:07:19 ====
2026-09-22 07:07:19 Performing test ID DEB-0880 (Checking for fail2ban)
2026-09-22 07:07:19  - fail2ban is installed.
2026-09-22 07:07:19 Hardening: assigned maximum number of hardening points for this item (1). Currently having 3 points (out of 9)
2026-09-22 07:07:19  - fail2ban configuration has not been localized.
2026-09-22 07:07:19 Hardening: assigned partial number of hardening points (0 of 1). Currently having 3 points (out of 10)
2026-09-22 07:07:19 Suggestion: Copy /etc/fail2ban/jail.conf to jail.local to prevent it being changed by updates. [test:DEB-0880] [details:-] [solution:-]
2026-09-22 07:07:19 ====
2026-09-22 07:07:19 ====
2026-09-22 07:07:19 Result: debian plugin (phase 1) finished
2026-09-22 07:07:19 --
2026-09-22 07:07:19 Result: Found 1 plugins of which 1 are enabled
2026-09-22 07:07:19 Result: Plugins phase 1 finished
2026-09-22 07:07:19 ====
2026-09-22 07:07:19 Info: found hashing tool, start generation of HostID
2026-09-22 07:07:19 Interface 'enp0s3' is up, fetching MAC address
2026-09-22 07:07:19 Info: using hardware address '08:00:27:dc:55:c7' to create HostID
2026-09-22 07:07:19 Result: Found HostID: 7ae1b77178d69e7b6b4a14792e88ca84301e08cb
2026-09-22 07:07:19 Info: start generation of HostID (version 2)
2026-09-22 07:07:19 Result: found file ssh_host_ed25519_key.pub in /etc/ssh, using that as candidate to create hostid2
2026-09-22 07:07:19 Using SSH public key to create hostid2
2026-09-22 07:07:20 Hash (hostname): 088161e9fdf6a1ec5e92026febd80afff29952b2afeea3915c8ccae9d116f9c2
2026-09-22 07:07:20 Hash (ssh or machineid): e09a16f4fb84464096bbc2ab6d8d4e1ed3f6f0e594d13c4e3b3be59c78e8d2fe
2026-09-22 07:07:20 hostid-generation: method linux-sys-interface-up
2026-09-22 07:07:20 hostid2-generation: method ssh-public-key
2026-09-22 07:07:20 Info: HostID 7ae1b77178d69e7b6b4a14792e88ca84301e08cb looks to be valid
2026-09-22 07:07:20 Info: no machine ID found
2026-09-22 07:07:20 ====
2026-09-22 07:07:20 Info: perform tests from all categories
2026-09-22 07:07:20 Security check: file is normal
2026-09-22 07:07:20 Checking permissions of /usr/share/lynis/include/tests_boot_services
2026-09-22 07:07:20 File permissions are OK
2026-09-22 07:07:20 ====
2026-09-22 07:07:20 Action: Performing tests from category: Boot and services
2026-09-22 07:07:20 ====
2026-09-22 07:07:20 Skipped test BOOT-5102 (Check for AIX boot device)
2026-09-22 07:07:20 Reason to skip: Incorrect guest OS (AIX only)
2026-09-22 07:07:20 ====
2026-09-22 07:07:20 Performing test ID BOOT-5104 (Determine service manager)
2026-09-22 07:07:20 Result: cmdline found = /usr/lib/systemd/systemd --switched-root --system --deserialize=51
2026-09-22 07:07:20 Result: file on disk = /usr/lib/systemd/systemd
2026-09-22 07:07:20 Found: systemd
2026-09-22 07:07:20 Result: service manager found = systemd
2026-09-22 07:07:20 ====
2026-09-22 07:07:20 Skipped test BOOT-5106 (Check EFI boot file on Mac OS X/macOS)
2026-09-22 07:07:20 Reason to skip: Incorrect guest OS (macOS only)
2026-09-22 07:07:20 ====
2026-09-22 07:07:20 Performing test ID BOOT-5108 (Check Syslinux as bootloader)
2026-09-22 07:07:20 Test: checking if file /boot/syslinux/syslinux.cfg exists
2026-09-22 07:07:20 Result: file /boot/syslinux/syslinux.cfg NOT found
2026-09-22 07:07:20 ====
2026-09-22 07:07:20 Performing test ID BOOT-5109 (Check rEFInd as bootloader)
2026-09-22 07:07:20 Test: checking if file /boot/refind_linux.conf exists
2026-09-22 07:07:20 Result: file /boot/refind_linux.conf NOT found
2026-09-22 07:07:20 ====
2026-09-22 07:07:20 Performing test ID BOOT-5116 (Check if system is booted in UEFI mode)
2026-09-22 07:07:20 Test: checking if UEFI is used
2026-09-22 07:07:20 Result: UEFI not used, can't find /sys/firmware/efi directory
2026-09-22 07:07:20 Test: determine if Secure Boot is used
2026-09-22 07:07:20 Result: system not booted with Secure Boot (no SecureBoot file found)
2026-09-22 07:07:20 ====
2026-09-22 07:07:20 Skipped test BOOT-5117 (Check for systemd-boot bootloader presence)
2026-09-22 07:07:20 Reason to skip: Prerequisites not met (ie missing tool, other type of Linux distribution)
2026-09-22 07:07:20 ====
2026-09-22 07:07:20 Performing test ID BOOT-5121 (Check for GRUB boot loader presence)
2026-09-22 07:07:20 Test: Checking for presence GRUB conf file (/boot/grub/grub.conf or /boot/grub/menu.lst)
2026-09-22 07:07:20 Result: found GRUB2 configuration file (/boot/grub/grub.cfg)
2026-09-22 07:07:20 ====
2026-09-22 07:07:20 Performing test ID BOOT-5122 (Check for GRUB boot password)
2026-09-22 07:07:20 Found file /boot/grub/grub.cfg, proceeding with tests.
2026-09-22 07:07:20 Test: check if we can access /boot/grub/grub.cfg (escaped: /boot/grub/grub.cfg)
2026-09-22 07:07:20 Result: file is owned by our current user ID (0), checking if it is readable
2026-09-22 07:07:20 Result: file /boot/grub/grub.cfg is readable (or directory accessible).
2026-09-22 07:07:20 Result: did not find hashed password line in this file
2026-09-22 07:07:20 Result: File '/boot/grub/custom.cfg' does not exist
2026-09-22 07:07:20 Found file /etc/grub.d/10_linux_zfs, proceeding with tests.
2026-09-22 07:07:20 Test: check if we can access /etc/grub.d/10_linux_zfs (escaped: /etc/grub.d/10_linux_zfs)
2026-09-22 07:07:20 Result: file is owned by our current user ID (0), checking if it is readable
2026-09-22 07:07:20 Result: file /etc/grub.d/10_linux_zfs is readable (or directory accessible).
2026-09-22 07:07:20 Result: did not find hashed password line in this file
2026-09-22 07:07:20 Found file /etc/grub.d/05_debian_theme, proceeding with tests.
2026-09-22 07:07:20 Test: check if we can access /etc/grub.d/05_debian_theme (escaped: /etc/grub.d/05_debian_theme)
2026-09-22 07:07:20 Result: file is owned by our current user ID (0), checking if it is readable
2026-09-22 07:07:20 Result: file /etc/grub.d/05_debian_theme is readable (or directory accessible).
2026-09-22 07:07:20 Result: did not find hashed password line in this file
2026-09-22 07:07:20 Found file /etc/grub.d/10_linux, proceeding with tests.
2026-09-22 07:07:20 Test: check if we can access /etc/grub.d/10_linux (escaped: /etc/grub.d/10_linux)
2026-09-22 07:07:20 Result: file is owned by our current user ID (0), checking if it is readable
2026-09-22 07:07:20 Result: file /etc/grub.d/10_linux is readable (or directory accessible).
2026-09-22 07:07:20 Result: did not find hashed password line in this file
2026-09-22 07:07:20 Found file /etc/grub.d/40_custom, proceeding with tests.
2026-09-22 07:07:20 Test: check if we can access /etc/grub.d/40_custom (escaped: /etc/grub.d/40_custom)
2026-09-22 07:07:20 Result: file is owned by our current user ID (0), checking if it is readable
2026-09-22 07:07:20 Result: file /etc/grub.d/40_custom is readable (or directory accessible).
2026-09-22 07:07:20 Result: did not find hashed password line in this file
2026-09-22 07:07:20 Found file /etc/grub.d/30_os-prober, proceeding with tests.
2026-09-22 07:07:20 Test: check if we can access /etc/grub.d/30_os-prober (escaped: /etc/grub.d/30_os-prober)
2026-09-22 07:07:20 Result: file is owned by our current user ID (0), checking if it is readable
2026-09-22 07:07:21 Result: file /etc/grub.d/30_os-prober is readable (or directory accessible).
2026-09-22 07:07:21 Result: did not find hashed password line in this file
2026-09-22 07:07:21 Found file /etc/grub.d/30_uefi-firmware, proceeding with tests.
2026-09-22 07:07:21 Test: check if we can access /etc/grub.d/30_uefi-firmware (escaped: /etc/grub.d/30_uefi-firmware)
2026-09-22 07:07:21 Result: file is owned by our current user ID (0), checking if it is readable
2026-09-22 07:07:21 Result: file /etc/grub.d/30_uefi-firmware is readable (or directory accessible).
2026-09-22 07:07:21 Result: did not find hashed password line in this file
2026-09-22 07:07:21 Found file /etc/grub.d/41_custom, proceeding with tests.
2026-09-22 07:07:21 Test: check if we can access /etc/grub.d/41_custom (escaped: /etc/grub.d/41_custom)
2026-09-22 07:07:21 Result: file is owned by our current user ID (0), checking if it is readable
2026-09-22 07:07:21 Result: file /etc/grub.d/41_custom is readable (or directory accessible).
2026-09-22 07:07:21 Result: did not find hashed password line in this file
2026-09-22 07:07:21 Found file /etc/grub.d/35_fwupd, proceeding with tests.
2026-09-22 07:07:21 Test: check if we can access /etc/grub.d/35_fwupd (escaped: /etc/grub.d/35_fwupd)
2026-09-22 07:07:21 Result: file is owned by our current user ID (0), checking if it is readable
2026-09-22 07:07:21 Result: file /etc/grub.d/35_fwupd is readable (or directory accessible).
2026-09-22 07:07:21 Result: did not find hashed password line in this file
2026-09-22 07:07:21 Found file /etc/grub.d/20_linux_xen, proceeding with tests.
2026-09-22 07:07:21 Test: check if we can access /etc/grub.d/20_linux_xen (escaped: /etc/grub.d/20_linux_xen)
2026-09-22 07:07:21 Result: file is owned by our current user ID (0), checking if it is readable
2026-09-22 07:07:21 Result: file /etc/grub.d/20_linux_xen is readable (or directory accessible).
2026-09-22 07:07:21 Result: did not find hashed password line in this file
2026-09-22 07:07:21 Found file /etc/grub.d/00_header, proceeding with tests.
2026-09-22 07:07:21 Test: check if we can access /etc/grub.d/00_header (escaped: /etc/grub.d/00_header)
2026-09-22 07:07:21 Result: file is owned by our current user ID (0), checking if it is readable
2026-09-22 07:07:21 Result: file /etc/grub.d/00_header is readable (or directory accessible).
2026-09-22 07:07:21 Result: did not find hashed password line in this file
2026-09-22 07:07:21 Result: Didn't find hashed password line in GRUB configuration
2026-09-22 07:07:21 Suggestion: Set a password on GRUB boot loader to prevent altering boot configuration (e.g. boot in single user mode without password) [test:BOOT-5122] [details:-] [solution:-]
2026-09-22 07:07:21 Hardening: assigned partial number of hardening points (0 of 2). Currently having 3 points (out of 12)
2026-09-22 07:07:21 ====
2026-09-22 07:07:21 Skipped test BOOT-5124 (Check for FreeBSD boot loader presence)
2026-09-22 07:07:21 Reason to skip: Incorrect guest OS (FreeBSD only)
2026-09-22 07:07:21 ====
2026-09-22 07:07:21 Skipped test BOOT-5261 (Check for DragonFly boot loader presence)
2026-09-22 07:07:21 Reason to skip: Incorrect guest OS (DragonFly only)
2026-09-22 07:07:21 ====
2026-09-22 07:07:21 Skipped test BOOT-5126 (Check for NetBSD boot loader presence)
2026-09-22 07:07:21 Reason to skip: Incorrect guest OS (NetBSD only)
2026-09-22 07:07:21 ====
2026-09-22 07:07:21 Performing test ID BOOT-5139 (Check for LILO boot loader presence)
2026-09-22 07:07:21 Test: checking for presence LILO configuration file
2026-09-22 07:07:21 Result: LILO configuration file not found
2026-09-22 07:07:21 ====
2026-09-22 07:07:21 Performing test ID BOOT-5140 (Check for ELILO boot loader presence)
2026-09-22 07:07:21 Test: checking if file /etc/elilo.conf exists
2026-09-22 07:07:21 Result: file /etc/elilo.conf NOT found
2026-09-22 07:07:21 Test: checking if file /boot/efi/EFI/Ubuntu/elilo.conf exists
2026-09-22 07:07:21 Result: file /boot/efi/EFI/Ubuntu/elilo.conf NOT found
2026-09-22 07:07:21 ====
2026-09-22 07:07:21 Performing test ID BOOT-5142 (Check SPARC Improved boot loader (SILO))
2026-09-22 07:07:21 Result: no SILO configuration file found.
2026-09-22 07:07:21 ====
2026-09-22 07:07:21 Performing test ID BOOT-5155 (Check for YABOOT boot loader configuration file)
2026-09-22 07:07:21 Test: Check for /etc/yaboot.conf
2026-09-22 07:07:21 Result: no YABOOT configuration file found.
2026-09-22 07:07:21 ====
2026-09-22 07:07:21 Skipped test BOOT-5159 (Check for OpenBSD boot loader presence)
2026-09-22 07:07:21 Reason to skip: Incorrect guest OS (OpenBSD only)
2026-09-22 07:07:21 ====
2026-09-22 07:07:21 Skipped test BOOT-5165 (Check for FreeBSD boot services)
2026-09-22 07:07:21 Reason to skip: Incorrect guest OS (FreeBSD only)
2026-09-22 07:07:21 ====
2026-09-22 07:07:21 Skipped test BOOT-5170 (Check for Solaris boot daemons)
2026-09-22 07:07:21 Reason to skip: Incorrect guest OS (Solaris only)
2026-09-22 07:07:21 ====
2026-09-22 07:07:21 Performing test ID BOOT-5177 (Check for Linux boot and running services)
2026-09-22 07:07:21 Test: checking presence systemctl binary
2026-09-22 07:07:21 Result: systemctl binary found, trying that to discover information
2026-09-22 07:07:21 Searching for running services (systemctl services only)
2026-09-22 07:07:21 Found running service: auditd
2026-09-22 07:07:21 Found running service: chrony
2026-09-22 07:07:21 Found running service: cron
2026-09-22 07:07:21 Found running service: dbus
2026-09-22 07:07:21 Found running service: fail2ban
2026-09-22 07:07:21 Found running service: getty@tty1
2026-09-22 07:07:21 Found running service: ModemManager
2026-09-22 07:07:21 Found running service: multipathd
2026-09-22 07:07:21 Found running service: networkd-dispatcher
2026-09-22 07:07:21 Found running service: polkit
2026-09-22 07:07:21 Found running service: rsyslog
2026-09-22 07:07:21 Found running service: ssh
2026-09-22 07:07:21 Found running service: systemd-journald
2026-09-22 07:07:21 Found running service: systemd-logind
2026-09-22 07:07:21 Found running service: systemd-networkd
2026-09-22 07:07:21 Found running service: systemd-resolved
2026-09-22 07:07:21 Found running service: systemd-udevd
2026-09-22 07:07:21 Found running service: udisks2
2026-09-22 07:07:21 Found running service: unattended-upgrades
2026-09-22 07:07:21 Found running service: user@1000
2026-09-22 07:07:22 Hint: Run systemctl --full --type=service to see all services
2026-09-22 07:07:22 Result: Found 20 running services
2026-09-22 07:07:22 Searching for enabled services (systemctl services only)
2026-09-22 07:07:22 Found enabled service at boot: ModemManager
2026-09-22 07:07:22 Found enabled service at boot: apparmor
2026-09-22 07:07:22 Found enabled service at boot: apport
2026-09-22 07:07:22 Found enabled service at boot: audit-rules
2026-09-22 07:07:22 Found enabled service at boot: auditd
2026-09-22 07:07:22 Found enabled service at boot: blk-availability
2026-09-22 07:07:22 Found enabled service at boot: chrony
2026-09-22 07:07:22 Found enabled service at boot: cloud-config
2026-09-22 07:07:22 Found enabled service at boot: cloud-final
2026-09-22 07:07:22 Found enabled service at boot: cloud-init-local
2026-09-22 07:07:22 Found enabled service at boot: cloud-init-main
2026-09-22 07:07:22 Found enabled service at boot: cloud-init-network
2026-09-22 07:07:22 Found enabled service at boot: console-setup
2026-09-22 07:07:22 Found enabled service at boot: cron
2026-09-22 07:07:23 Found enabled service at boot: dmesg
2026-09-22 07:07:23 Found enabled service at boot: e2scrub_reap
2026-09-22 07:07:23 Found enabled service at boot: fail2ban
2026-09-22 07:07:23 Found enabled service at boot: finalrd
2026-09-22 07:07:23 Found enabled service at boot: getty@
2026-09-22 07:07:23 Found enabled service at boot: gpu-manager
2026-09-22 07:07:23 Found enabled service at boot: grub-initrd-fallback
2026-09-22 07:07:23 Found enabled service at boot: grub2-common
2026-09-22 07:07:23 Found enabled service at boot: kdump-tools
2026-09-22 07:07:23 Found enabled service at boot: keyboard-setup
2026-09-22 07:07:23 Found enabled service at boot: lvm2-monitor
2026-09-22 07:07:23 Found enabled service at boot: multipathd
2026-09-22 07:07:23 Found enabled service at boot: netplan-configure
2026-09-22 07:07:23 Found enabled service at boot: networkd-dispatcher
2026-09-22 07:07:23 Found enabled service at boot: open-iscsi
2026-09-22 07:07:23 Found enabled service at boot: open-vm-tools
2026-09-22 07:07:23 Found enabled service at boot: pollinate
2026-09-22 07:07:23 Found enabled service at boot: rsyslog
2026-09-22 07:07:23 Found enabled service at boot: secureboot-db
2026-09-22 07:07:23 Found enabled service at boot: setvtrgb
2026-09-22 07:07:23 Found enabled service at boot: snapd.apparmor
2026-09-22 07:07:23 Found enabled service at boot: snapd.autoimport
2026-09-22 07:07:23 Found enabled service at boot: snapd.core-fixup
2026-09-22 07:07:23 Found enabled service at boot: snapd.recovery-chooser-trigger
2026-09-22 07:07:23 Found enabled service at boot: snapd.seeded
2026-09-22 07:07:23 Found enabled service at boot: snapd
2026-09-22 07:07:23 Found enabled service at boot: snapd.system-shutdown
2026-09-22 07:07:23 Found enabled service at boot: sshd-keygen
2026-09-22 07:07:23 Found enabled service at boot: sysstat
2026-09-22 07:07:23 Found enabled service at boot: systemd-networkd-wait-online
2026-09-22 07:07:23 Found enabled service at boot: systemd-networkd
2026-09-22 07:07:23 Found enabled service at boot: systemd-pstore
2026-09-22 07:07:23 Found enabled service at boot: systemd-resolved
2026-09-22 07:07:23 Found enabled service at boot: thermald
2026-09-22 07:07:23 Found enabled service at boot: ua-reboot-cmds
2026-09-22 07:07:23 Found enabled service at boot: ubuntu-advantage
2026-09-22 07:07:23 Found enabled service at boot: udisks2
2026-09-22 07:07:23 Found enabled service at boot: ufw
2026-09-22 07:07:23 Found enabled service at boot: unattended-upgrades
2026-09-22 07:07:23 Found enabled service at boot: vgauth
2026-09-22 07:07:23 Hint: Run systemctl list-unit-files --type=service to see all services
2026-09-22 07:07:23 Result: Found 54 enabled services
2026-09-22 07:07:23 ====
2026-09-22 07:07:23 Performing test ID BOOT-5180 (Check for Linux boot services (Debian style))
2026-09-22 07:07:23 Result: found runlevel 
2026-09-22 07:07:23 Suggestion: Determine runlevel and services at startup [test:BOOT-5180] [details:-] [solution:-]
2026-09-22 07:07:23 ====
2026-09-22 07:07:23 Performing test ID BOOT-5184 (Check permissions for boot files/scripts)
2026-09-22 07:07:23 Result: checking /etc/init.d scripts for writable bit
2026-09-22 07:07:23 Test: checking if directory /etc/init.d exists
2026-09-22 07:07:23 Result: directory /etc/init.d found
2026-09-22 07:07:23 Test: checking for available files in directory
2026-09-22 07:07:23 Result: found files in directory, checking permissions now
2026-09-22 07:07:23 Test: checking permissions of file /etc/init.d/apparmor
2026-09-22 07:07:23 Result: good, file /etc/init.d/apparmor not world writable
2026-09-22 07:07:23 Test: checking permissions of file /etc/init.d/apport
2026-09-22 07:07:23 Result: good, file /etc/init.d/apport not world writable
2026-09-22 07:07:23 Test: checking permissions of file /etc/init.d/auditd
2026-09-22 07:07:23 Result: good, file /etc/init.d/auditd not world writable
2026-09-22 07:07:23 Test: checking permissions of file /etc/init.d/chrony
2026-09-22 07:07:23 Result: good, file /etc/init.d/chrony not world writable
2026-09-22 07:07:23 Test: checking permissions of file /etc/init.d/console-setup.sh
2026-09-22 07:07:23 Result: good, file /etc/init.d/console-setup.sh not world writable
2026-09-22 07:07:23 Test: checking permissions of file /etc/init.d/cron
2026-09-22 07:07:23 Result: good, file /etc/init.d/cron not world writable
2026-09-22 07:07:23 Test: checking permissions of file /etc/init.d/cryptdisks
2026-09-22 07:07:23 Result: good, file /etc/init.d/cryptdisks not world writable
2026-09-22 07:07:23 Test: checking permissions of file /etc/init.d/cryptdisks-early
2026-09-22 07:07:23 Result: good, file /etc/init.d/cryptdisks-early not world writable
2026-09-22 07:07:23 Test: checking permissions of file /etc/init.d/dbus
2026-09-22 07:07:23 Result: good, file /etc/init.d/dbus not world writable
2026-09-22 07:07:23 Test: checking permissions of file /etc/init.d/fail2ban
2026-09-22 07:07:23 Result: good, file /etc/init.d/fail2ban not world writable
2026-09-22 07:07:23 Test: checking permissions of file /etc/init.d/iscsid
2026-09-22 07:07:23 Result: good, file /etc/init.d/iscsid not world writable
2026-09-22 07:07:23 Test: checking permissions of file /etc/init.d/kdump-tools
2026-09-22 07:07:23 Result: good, file /etc/init.d/kdump-tools not world writable
2026-09-22 07:07:23 Test: checking permissions of file /etc/init.d/keyboard-setup.sh
2026-09-22 07:07:23 Result: good, file /etc/init.d/keyboard-setup.sh not world writable
2026-09-22 07:07:23 Test: checking permissions of file /etc/init.d/open-iscsi
2026-09-22 07:07:23 Result: good, file /etc/init.d/open-iscsi not world writable
2026-09-22 07:07:23 Test: checking permissions of file /etc/init.d/open-vm-tools
2026-09-22 07:07:23 Result: good, file /etc/init.d/open-vm-tools not world writable
2026-09-22 07:07:23 Test: checking permissions of file /etc/init.d/plymouth
2026-09-22 07:07:23 Result: good, file /etc/init.d/plymouth not world writable
2026-09-22 07:07:23 Test: checking permissions of file /etc/init.d/plymouth-log
2026-09-22 07:07:23 Result: good, file /etc/init.d/plymouth-log not world writable
2026-09-22 07:07:23 Test: checking permissions of file /etc/init.d/procps
2026-09-22 07:07:23 Result: good, file /etc/init.d/procps not world writable
2026-09-22 07:07:23 Test: checking permissions of file /etc/init.d/rsync
2026-09-22 07:07:23 Result: good, file /etc/init.d/rsync not world writable
2026-09-22 07:07:23 Test: checking permissions of file /etc/init.d/screen-cleanup
2026-09-22 07:07:23 Result: good, file /etc/init.d/screen-cleanup not world writable
2026-09-22 07:07:23 Test: checking permissions of file /etc/init.d/ssh
2026-09-22 07:07:23 Result: good, file /etc/init.d/ssh not world writable
2026-09-22 07:07:23 Test: checking permissions of file /etc/init.d/ufw
2026-09-22 07:07:23 Result: good, file /etc/init.d/ufw not world writable
2026-09-22 07:07:23 Test: checking permissions of file /etc/init.d/unattended-upgrades
2026-09-22 07:07:23 Result: good, file /etc/init.d/unattended-upgrades not world writable
2026-09-22 07:07:23 Test: checking permissions of file /etc/init.d/uuidd
2026-09-22 07:07:23 Result: good, file /etc/init.d/uuidd not world writable
2026-09-22 07:07:23 Test: checking if directory /etc/rc.d exists
2026-09-22 07:07:23 Result: directory /etc/rc.d not found. Skipping..
2026-09-22 07:07:23 Test: checking if directory /etc/rcS.d exists
2026-09-22 07:07:23 Result: directory /etc/rcS.d found
2026-09-22 07:07:23 Test: checking for available files in directory
2026-09-22 07:07:23 Result: found files in directory, checking permissions now
2026-09-22 07:07:23 Test: checking permissions of file /etc/rcS.d/K01iscsid
2026-09-22 07:07:23 Action: checking symlink for file /etc/rcS.d/K01iscsid
2026-09-22 07:07:23 Note: Using real readlink binary to determine symlink on /etc/rcS.d/K01iscsid
2026-09-22 07:07:23 Result: readlink shows /etc/init.d/iscsid as output
2026-09-22 07:07:23 Result: symlink found, pointing to file /etc/init.d/iscsid
2026-09-22 07:07:23 Result: good, file /etc/rcS.d/K01iscsid not world writable
2026-09-22 07:07:23 Test: checking permissions of file /etc/rcS.d/K01open-iscsi
2026-09-22 07:07:23 Action: checking symlink for file /etc/rcS.d/K01open-iscsi
2026-09-22 07:07:23 Note: Using real readlink binary to determine symlink on /etc/rcS.d/K01open-iscsi
2026-09-22 07:07:23 Result: readlink shows /etc/init.d/open-iscsi as output
2026-09-22 07:07:23 Result: symlink found, pointing to file /etc/init.d/open-iscsi
2026-09-22 07:07:23 Result: good, file /etc/rcS.d/K01open-iscsi not world writable
2026-09-22 07:07:23 Test: checking permissions of file /etc/rcS.d/S01apparmor
2026-09-22 07:07:23 Action: checking symlink for file /etc/rcS.d/S01apparmor
2026-09-22 07:07:23 Note: Using real readlink binary to determine symlink on /etc/rcS.d/S01apparmor
2026-09-22 07:07:23 Result: readlink shows /etc/init.d/apparmor as output
2026-09-22 07:07:23 Result: symlink found, pointing to file /etc/init.d/apparmor
2026-09-22 07:07:23 Result: good, file /etc/rcS.d/S01apparmor not world writable
2026-09-22 07:07:23 Test: checking permissions of file /etc/rcS.d/S01cryptdisks
2026-09-22 07:07:23 Action: checking symlink for file /etc/rcS.d/S01cryptdisks
2026-09-22 07:07:23 Note: Using real readlink binary to determine symlink on /etc/rcS.d/S01cryptdisks
2026-09-22 07:07:24 Result: readlink shows /etc/init.d/cryptdisks as output
2026-09-22 07:07:24 Result: symlink found, pointing to file /etc/init.d/cryptdisks
2026-09-22 07:07:24 Result: good, file /etc/rcS.d/S01cryptdisks not world writable
2026-09-22 07:07:24 Test: checking permissions of file /etc/rcS.d/S01cryptdisks-early
2026-09-22 07:07:24 Action: checking symlink for file /etc/rcS.d/S01cryptdisks-early
2026-09-22 07:07:24 Note: Using real readlink binary to determine symlink on /etc/rcS.d/S01cryptdisks-early
2026-09-22 07:07:24 Result: readlink shows /etc/init.d/cryptdisks-early as output
2026-09-22 07:07:24 Result: symlink found, pointing to file /etc/init.d/cryptdisks-early
2026-09-22 07:07:24 Result: good, file /etc/rcS.d/S01cryptdisks-early not world writable
2026-09-22 07:07:24 Test: checking permissions of file /etc/rcS.d/S01keyboard-setup.sh
2026-09-22 07:07:24 Action: checking symlink for file /etc/rcS.d/S01keyboard-setup.sh
2026-09-22 07:07:24 Note: Using real readlink binary to determine symlink on /etc/rcS.d/S01keyboard-setup.sh
2026-09-22 07:07:24 Result: readlink shows /etc/init.d/keyboard-setup.sh as output
2026-09-22 07:07:24 Result: symlink found, pointing to file /etc/init.d/keyboard-setup.sh
2026-09-22 07:07:24 Result: good, file /etc/rcS.d/S01keyboard-setup.sh not world writable
2026-09-22 07:07:24 Test: checking permissions of file /etc/rcS.d/S01plymouth-log
2026-09-22 07:07:24 Action: checking symlink for file /etc/rcS.d/S01plymouth-log
2026-09-22 07:07:24 Note: Using real readlink binary to determine symlink on /etc/rcS.d/S01plymouth-log
2026-09-22 07:07:24 Result: readlink shows /etc/init.d/plymouth-log as output
2026-09-22 07:07:24 Result: symlink found, pointing to file /etc/init.d/plymouth-log
2026-09-22 07:07:24 Result: good, file /etc/rcS.d/S01plymouth-log not world writable
2026-09-22 07:07:24 Test: checking permissions of file /etc/rcS.d/S01procps
2026-09-22 07:07:24 Action: checking symlink for file /etc/rcS.d/S01procps
2026-09-22 07:07:24 Note: Using real readlink binary to determine symlink on /etc/rcS.d/S01procps
2026-09-22 07:07:24 Result: readlink shows /etc/init.d/procps as output
2026-09-22 07:07:24 Result: symlink found, pointing to file /etc/init.d/procps
2026-09-22 07:07:24 Result: good, file /etc/rcS.d/S01procps not world writable
2026-09-22 07:07:24 Test: checking permissions of file /etc/rcS.d/S01screen-cleanup
2026-09-22 07:07:24 Action: checking symlink for file /etc/rcS.d/S01screen-cleanup
2026-09-22 07:07:24 Note: Using real readlink binary to determine symlink on /etc/rcS.d/S01screen-cleanup
2026-09-22 07:07:24 Result: readlink shows /etc/init.d/screen-cleanup as output
2026-09-22 07:07:24 Result: symlink found, pointing to file /etc/init.d/screen-cleanup
2026-09-22 07:07:24 Result: good, file /etc/rcS.d/S01screen-cleanup not world writable
2026-09-22 07:07:24 Test: checking permissions of file /etc/rcS.d/S01ufw
2026-09-22 07:07:24 Action: checking symlink for file /etc/rcS.d/S01ufw
2026-09-22 07:07:24 Note: Using real readlink binary to determine symlink on /etc/rcS.d/S01ufw
2026-09-22 07:07:24 Result: readlink shows /etc/init.d/ufw as output
2026-09-22 07:07:24 Result: symlink found, pointing to file /etc/init.d/ufw
2026-09-22 07:07:24 Result: good, file /etc/rcS.d/S01ufw not world writable
2026-09-22 07:07:24 Test: Checking /etc/rc0.d scripts for writable bit
2026-09-22 07:07:24 Action: checking symlink for file /etc/rc0.d/K01auditd
2026-09-22 07:07:24 Note: Using real readlink binary to determine symlink on /etc/rc0.d/K01auditd
2026-09-22 07:07:24 Result: readlink shows /etc/init.d/auditd as output
2026-09-22 07:07:24 Result: symlink found, pointing to file /etc/init.d/auditd
2026-09-22 07:07:24 Result: good, file /etc/rc0.d/K01auditd not world writable
2026-09-22 07:07:24 Action: checking symlink for file /etc/rc0.d/K01chrony
2026-09-22 07:07:24 Note: Using real readlink binary to determine symlink on /etc/rc0.d/K01chrony
2026-09-22 07:07:24 Result: readlink shows /etc/init.d/chrony as output
2026-09-22 07:07:24 Result: symlink found, pointing to file /etc/init.d/chrony
2026-09-22 07:07:24 Result: good, file /etc/rc0.d/K01chrony not world writable
2026-09-22 07:07:24 Action: checking symlink for file /etc/rc0.d/K01cryptdisks
2026-09-22 07:07:24 Note: Using real readlink binary to determine symlink on /etc/rc0.d/K01cryptdisks
2026-09-22 07:07:24 Result: readlink shows /etc/init.d/cryptdisks as output
2026-09-22 07:07:24 Result: symlink found, pointing to file /etc/init.d/cryptdisks
2026-09-22 07:07:24 Result: good, file /etc/rc0.d/K01cryptdisks not world writable
2026-09-22 07:07:24 Action: checking symlink for file /etc/rc0.d/K01cryptdisks-early
2026-09-22 07:07:24 Note: Using real readlink binary to determine symlink on /etc/rc0.d/K01cryptdisks-early
2026-09-22 07:07:24 Result: readlink shows /etc/init.d/cryptdisks-early as output
2026-09-22 07:07:24 Result: symlink found, pointing to file /etc/init.d/cryptdisks-early
2026-09-22 07:07:24 Result: good, file /etc/rc0.d/K01cryptdisks-early not world writable
2026-09-22 07:07:24 Action: checking symlink for file /etc/rc0.d/K01fail2ban
2026-09-22 07:07:24 Note: Using real readlink binary to determine symlink on /etc/rc0.d/K01fail2ban
2026-09-22 07:07:24 Result: readlink shows /etc/init.d/fail2ban as output
2026-09-22 07:07:24 Result: symlink found, pointing to file /etc/init.d/fail2ban
2026-09-22 07:07:24 Result: good, file /etc/rc0.d/K01fail2ban not world writable
2026-09-22 07:07:24 Action: checking symlink for file /etc/rc0.d/K01iscsid
2026-09-22 07:07:24 Note: Using real readlink binary to determine symlink on /etc/rc0.d/K01iscsid
2026-09-22 07:07:24 Result: readlink shows /etc/init.d/iscsid as output
2026-09-22 07:07:24 Result: symlink found, pointing to file /etc/init.d/iscsid
2026-09-22 07:07:24 Result: good, file /etc/rc0.d/K01iscsid not world writable
2026-09-22 07:07:24 Action: checking symlink for file /etc/rc0.d/K01open-iscsi
2026-09-22 07:07:24 Note: Using real readlink binary to determine symlink on /etc/rc0.d/K01open-iscsi
2026-09-22 07:07:24 Result: readlink shows /etc/init.d/open-iscsi as output
2026-09-22 07:07:24 Result: symlink found, pointing to file /etc/init.d/open-iscsi
2026-09-22 07:07:24 Result: good, file /etc/rc0.d/K01open-iscsi not world writable
2026-09-22 07:07:24 Action: checking symlink for file /etc/rc0.d/K01open-vm-tools
2026-09-22 07:07:24 Note: Using real readlink binary to determine symlink on /etc/rc0.d/K01open-vm-tools
2026-09-22 07:07:24 Result: readlink shows /etc/init.d/open-vm-tools as output
2026-09-22 07:07:24 Result: symlink found, pointing to file /etc/init.d/open-vm-tools
2026-09-22 07:07:24 Result: good, file /etc/rc0.d/K01open-vm-tools not world writable
2026-09-22 07:07:24 Action: checking symlink for file /etc/rc0.d/K01plymouth
2026-09-22 07:07:24 Note: Using real readlink binary to determine symlink on /etc/rc0.d/K01plymouth
2026-09-22 07:07:24 Result: readlink shows /etc/init.d/plymouth as output
2026-09-22 07:07:24 Result: symlink found, pointing to file /etc/init.d/plymouth
2026-09-22 07:07:24 Result: good, file /etc/rc0.d/K01plymouth not world writable
2026-09-22 07:07:24 Action: checking symlink for file /etc/rc0.d/K01unattended-upgrades
2026-09-22 07:07:24 Note: Using real readlink binary to determine symlink on /etc/rc0.d/K01unattended-upgrades
2026-09-22 07:07:24 Result: readlink shows /etc/init.d/unattended-upgrades as output
2026-09-22 07:07:24 Result: symlink found, pointing to file /etc/init.d/unattended-upgrades
2026-09-22 07:07:24 Result: good, file /etc/rc0.d/K01unattended-upgrades not world writable
2026-09-22 07:07:24 Action: checking symlink for file /etc/rc0.d/K01uuidd
2026-09-22 07:07:24 Note: Using real readlink binary to determine symlink on /etc/rc0.d/K01uuidd
2026-09-22 07:07:24 Result: readlink shows /etc/init.d/uuidd as output
2026-09-22 07:07:24 Result: symlink found, pointing to file /etc/init.d/uuidd
2026-09-22 07:07:24 Result: good, file /etc/rc0.d/K01uuidd not world writable
2026-09-22 07:07:24 Test: Checking /etc/rc1.d scripts for writable bit
2026-09-22 07:07:24 Action: checking symlink for file /etc/rc1.d/K01auditd
2026-09-22 07:07:24 Note: Using real readlink binary to determine symlink on /etc/rc1.d/K01auditd
2026-09-22 07:07:24 Result: readlink shows /etc/init.d/auditd as output
2026-09-22 07:07:24 Result: symlink found, pointing to file /etc/init.d/auditd
2026-09-22 07:07:24 Result: good, file /etc/rc1.d/K01auditd not world writable
2026-09-22 07:07:24 Action: checking symlink for file /etc/rc1.d/K01chrony
2026-09-22 07:07:24 Note: Using real readlink binary to determine symlink on /etc/rc1.d/K01chrony
2026-09-22 07:07:24 Result: readlink shows /etc/init.d/chrony as output
2026-09-22 07:07:24 Result: symlink found, pointing to file /etc/init.d/chrony
2026-09-22 07:07:24 Result: good, file /etc/rc1.d/K01chrony not world writable
2026-09-22 07:07:24 Action: checking symlink for file /etc/rc1.d/K01fail2ban
2026-09-22 07:07:24 Note: Using real readlink binary to determine symlink on /etc/rc1.d/K01fail2ban
2026-09-22 07:07:24 Result: readlink shows /etc/init.d/fail2ban as output
2026-09-22 07:07:24 Result: symlink found, pointing to file /etc/init.d/fail2ban
2026-09-22 07:07:24 Result: good, file /etc/rc1.d/K01fail2ban not world writable
2026-09-22 07:07:24 Action: checking symlink for file /etc/rc1.d/K01iscsid
2026-09-22 07:07:24 Note: Using real readlink binary to determine symlink on /etc/rc1.d/K01iscsid
2026-09-22 07:07:24 Result: readlink shows /etc/init.d/iscsid as output
2026-09-22 07:07:24 Result: symlink found, pointing to file /etc/init.d/iscsid
2026-09-22 07:07:24 Result: good, file /etc/rc1.d/K01iscsid not world writable
2026-09-22 07:07:24 Action: checking symlink for file /etc/rc1.d/K01open-iscsi
2026-09-22 07:07:24 Note: Using real readlink binary to determine symlink on /etc/rc1.d/K01open-iscsi
2026-09-22 07:07:24 Result: readlink shows /etc/init.d/open-iscsi as output
2026-09-22 07:07:24 Result: symlink found, pointing to file /etc/init.d/open-iscsi
2026-09-22 07:07:24 Result: good, file /etc/rc1.d/K01open-iscsi not world writable
2026-09-22 07:07:24 Action: checking symlink for file /etc/rc1.d/K01open-vm-tools
2026-09-22 07:07:24 Note: Using real readlink binary to determine symlink on /etc/rc1.d/K01open-vm-tools
2026-09-22 07:07:24 Result: readlink shows /etc/init.d/open-vm-tools as output
2026-09-22 07:07:24 Result: symlink found, pointing to file /etc/init.d/open-vm-tools
2026-09-22 07:07:24 Result: good, file /etc/rc1.d/K01open-vm-tools not world writable
2026-09-22 07:07:24 Action: checking symlink for file /etc/rc1.d/K01ufw
2026-09-22 07:07:25 Note: Using real readlink binary to determine symlink on /etc/rc1.d/K01ufw
2026-09-22 07:07:25 Result: readlink shows /etc/init.d/ufw as output
2026-09-22 07:07:25 Result: symlink found, pointing to file /etc/init.d/ufw
2026-09-22 07:07:25 Result: good, file /etc/rc1.d/K01ufw not world writable
2026-09-22 07:07:25 Action: checking symlink for file /etc/rc1.d/K01uuidd
2026-09-22 07:07:25 Note: Using real readlink binary to determine symlink on /etc/rc1.d/K01uuidd
2026-09-22 07:07:25 Result: readlink shows /etc/init.d/uuidd as output
2026-09-22 07:07:25 Result: symlink found, pointing to file /etc/init.d/uuidd
2026-09-22 07:07:25 Result: good, file /etc/rc1.d/K01uuidd not world writable
2026-09-22 07:07:25 Test: Checking /etc/rc2.d scripts for writable bit
2026-09-22 07:07:25 Action: checking symlink for file /etc/rc2.d/S01apport
2026-09-22 07:07:25 Note: Using real readlink binary to determine symlink on /etc/rc2.d/S01apport
2026-09-22 07:07:25 Result: readlink shows /etc/init.d/apport as output
2026-09-22 07:07:25 Result: symlink found, pointing to file /etc/init.d/apport
2026-09-22 07:07:25 Result: good, file /etc/rc2.d/S01apport not world writable
2026-09-22 07:07:25 Action: checking symlink for file /etc/rc2.d/S01auditd
2026-09-22 07:07:25 Note: Using real readlink binary to determine symlink on /etc/rc2.d/S01auditd
2026-09-22 07:07:25 Result: readlink shows /etc/init.d/auditd as output
2026-09-22 07:07:25 Result: symlink found, pointing to file /etc/init.d/auditd
2026-09-22 07:07:25 Result: good, file /etc/rc2.d/S01auditd not world writable
2026-09-22 07:07:25 Action: checking symlink for file /etc/rc2.d/S01chrony
2026-09-22 07:07:25 Note: Using real readlink binary to determine symlink on /etc/rc2.d/S01chrony
2026-09-22 07:07:25 Result: readlink shows /etc/init.d/chrony as output
2026-09-22 07:07:25 Result: symlink found, pointing to file /etc/init.d/chrony
2026-09-22 07:07:25 Result: good, file /etc/rc2.d/S01chrony not world writable
2026-09-22 07:07:25 Action: checking symlink for file /etc/rc2.d/S01console-setup.sh
2026-09-22 07:07:25 Note: Using real readlink binary to determine symlink on /etc/rc2.d/S01console-setup.sh
2026-09-22 07:07:25 Result: readlink shows /etc/init.d/console-setup.sh as output
2026-09-22 07:07:25 Result: symlink found, pointing to file /etc/init.d/console-setup.sh
2026-09-22 07:07:25 Result: good, file /etc/rc2.d/S01console-setup.sh not world writable
2026-09-22 07:07:25 Action: checking symlink for file /etc/rc2.d/S01cron
2026-09-22 07:07:25 Note: Using real readlink binary to determine symlink on /etc/rc2.d/S01cron
2026-09-22 07:07:25 Result: readlink shows /etc/init.d/cron as output
2026-09-22 07:07:25 Result: symlink found, pointing to file /etc/init.d/cron
2026-09-22 07:07:25 Result: good, file /etc/rc2.d/S01cron not world writable
2026-09-22 07:07:25 Action: checking symlink for file /etc/rc2.d/S01dbus
2026-09-22 07:07:25 Note: Using real readlink binary to determine symlink on /etc/rc2.d/S01dbus
2026-09-22 07:07:25 Result: readlink shows /etc/init.d/dbus as output
2026-09-22 07:07:25 Result: symlink found, pointing to file /etc/init.d/dbus
2026-09-22 07:07:25 Result: good, file /etc/rc2.d/S01dbus not world writable
2026-09-22 07:07:25 Action: checking symlink for file /etc/rc2.d/S01fail2ban
2026-09-22 07:07:25 Note: Using real readlink binary to determine symlink on /etc/rc2.d/S01fail2ban
2026-09-22 07:07:25 Result: readlink shows /etc/init.d/fail2ban as output
2026-09-22 07:07:25 Result: symlink found, pointing to file /etc/init.d/fail2ban
2026-09-22 07:07:25 Result: good, file /etc/rc2.d/S01fail2ban not world writable
2026-09-22 07:07:25 Action: checking symlink for file /etc/rc2.d/S01kdump-tools
2026-09-22 07:07:25 Note: Using real readlink binary to determine symlink on /etc/rc2.d/S01kdump-tools
2026-09-22 07:07:25 Result: readlink shows /etc/init.d/kdump-tools as output
2026-09-22 07:07:25 Result: symlink found, pointing to file /etc/init.d/kdump-tools
2026-09-22 07:07:25 Result: good, file /etc/rc2.d/S01kdump-tools not world writable
2026-09-22 07:07:25 Action: checking symlink for file /etc/rc2.d/S01open-vm-tools
2026-09-22 07:07:25 Note: Using real readlink binary to determine symlink on /etc/rc2.d/S01open-vm-tools
2026-09-22 07:07:25 Result: readlink shows /etc/init.d/open-vm-tools as output
2026-09-22 07:07:25 Result: symlink found, pointing to file /etc/init.d/open-vm-tools
2026-09-22 07:07:25 Result: good, file /etc/rc2.d/S01open-vm-tools not world writable
2026-09-22 07:07:25 Action: checking symlink for file /etc/rc2.d/S01plymouth
2026-09-22 07:07:25 Note: Using real readlink binary to determine symlink on /etc/rc2.d/S01plymouth
2026-09-22 07:07:25 Result: readlink shows /etc/init.d/plymouth as output
2026-09-22 07:07:25 Result: symlink found, pointing to file /etc/init.d/plymouth
2026-09-22 07:07:25 Result: good, file /etc/rc2.d/S01plymouth not world writable
2026-09-22 07:07:25 Action: checking symlink for file /etc/rc2.d/S01rsync
2026-09-22 07:07:25 Note: Using real readlink binary to determine symlink on /etc/rc2.d/S01rsync
2026-09-22 07:07:25 Result: readlink shows /etc/init.d/rsync as output
2026-09-22 07:07:25 Result: symlink found, pointing to file /etc/init.d/rsync
2026-09-22 07:07:25 Result: good, file /etc/rc2.d/S01rsync not world writable
2026-09-22 07:07:25 Action: checking symlink for file /etc/rc2.d/S01ssh
2026-09-22 07:07:25 Note: Using real readlink binary to determine symlink on /etc/rc2.d/S01ssh
2026-09-22 07:07:25 Result: readlink shows /etc/init.d/ssh as output
2026-09-22 07:07:25 Result: symlink found, pointing to file /etc/init.d/ssh
2026-09-22 07:07:25 Result: good, file /etc/rc2.d/S01ssh not world writable
2026-09-22 07:07:25 Action: checking symlink for file /etc/rc2.d/S01unattended-upgrades
2026-09-22 07:07:25 Note: Using real readlink binary to determine symlink on /etc/rc2.d/S01unattended-upgrades
2026-09-22 07:07:25 Result: readlink shows /etc/init.d/unattended-upgrades as output
2026-09-22 07:07:25 Result: symlink found, pointing to file /etc/init.d/unattended-upgrades
2026-09-22 07:07:25 Result: good, file /etc/rc2.d/S01unattended-upgrades not world writable
2026-09-22 07:07:25 Action: checking symlink for file /etc/rc2.d/S01uuidd
2026-09-22 07:07:25 Note: Using real readlink binary to determine symlink on /etc/rc2.d/S01uuidd
2026-09-22 07:07:25 Result: readlink shows /etc/init.d/uuidd as output
2026-09-22 07:07:25 Result: symlink found, pointing to file /etc/init.d/uuidd
2026-09-22 07:07:25 Result: good, file /etc/rc2.d/S01uuidd not world writable
2026-09-22 07:07:25 Test: Checking /etc/rc3.d scripts for writable bit
2026-09-22 07:07:25 Action: checking symlink for file /etc/rc3.d/S01apport
2026-09-22 07:07:25 Note: Using real readlink binary to determine symlink on /etc/rc3.d/S01apport
2026-09-22 07:07:25 Result: readlink shows /etc/init.d/apport as output
2026-09-22 07:07:25 Result: symlink found, pointing to file /etc/init.d/apport
2026-09-22 07:07:25 Result: good, file /etc/rc3.d/S01apport not world writable
2026-09-22 07:07:25 Action: checking symlink for file /etc/rc3.d/S01auditd
2026-09-22 07:07:25 Note: Using real readlink binary to determine symlink on /etc/rc3.d/S01auditd
2026-09-22 07:07:25 Result: readlink shows /etc/init.d/auditd as output
2026-09-22 07:07:25 Result: symlink found, pointing to file /etc/init.d/auditd
2026-09-22 07:07:25 Result: good, file /etc/rc3.d/S01auditd not world writable
2026-09-22 07:07:25 Action: checking symlink for file /etc/rc3.d/S01chrony
2026-09-22 07:07:25 Note: Using real readlink binary to determine symlink on /etc/rc3.d/S01chrony
2026-09-22 07:07:25 Result: readlink shows /etc/init.d/chrony as output
2026-09-22 07:07:25 Result: symlink found, pointing to file /etc/init.d/chrony
2026-09-22 07:07:25 Result: good, file /etc/rc3.d/S01chrony not world writable
2026-09-22 07:07:25 Action: checking symlink for file /etc/rc3.d/S01console-setup.sh
2026-09-22 07:07:25 Note: Using real readlink binary to determine symlink on /etc/rc3.d/S01console-setup.sh
2026-09-22 07:07:25 Result: readlink shows /etc/init.d/console-setup.sh as output
2026-09-22 07:07:25 Result: symlink found, pointing to file /etc/init.d/console-setup.sh
2026-09-22 07:07:25 Result: good, file /etc/rc3.d/S01console-setup.sh not world writable
2026-09-22 07:07:25 Action: checking symlink for file /etc/rc3.d/S01cron
2026-09-22 07:07:25 Note: Using real readlink binary to determine symlink on /etc/rc3.d/S01cron
2026-09-22 07:07:25 Result: readlink shows /etc/init.d/cron as output
2026-09-22 07:07:25 Result: symlink found, pointing to file /etc/init.d/cron
2026-09-22 07:07:25 Result: good, file /etc/rc3.d/S01cron not world writable
2026-09-22 07:07:25 Action: checking symlink for file /etc/rc3.d/S01dbus
2026-09-22 07:07:25 Note: Using real readlink binary to determine symlink on /etc/rc3.d/S01dbus
2026-09-22 07:07:25 Result: readlink shows /etc/init.d/dbus as output
2026-09-22 07:07:25 Result: symlink found, pointing to file /etc/init.d/dbus
2026-09-22 07:07:25 Result: good, file /etc/rc3.d/S01dbus not world writable
2026-09-22 07:07:25 Action: checking symlink for file /etc/rc3.d/S01fail2ban
2026-09-22 07:07:25 Note: Using real readlink binary to determine symlink on /etc/rc3.d/S01fail2ban
2026-09-22 07:07:25 Result: readlink shows /etc/init.d/fail2ban as output
2026-09-22 07:07:25 Result: symlink found, pointing to file /etc/init.d/fail2ban
2026-09-22 07:07:25 Result: good, file /etc/rc3.d/S01fail2ban not world writable
2026-09-22 07:07:25 Action: checking symlink for file /etc/rc3.d/S01kdump-tools
2026-09-22 07:07:25 Note: Using real readlink binary to determine symlink on /etc/rc3.d/S01kdump-tools
2026-09-22 07:07:25 Result: readlink shows /etc/init.d/kdump-tools as output
2026-09-22 07:07:25 Result: symlink found, pointing to file /etc/init.d/kdump-tools
2026-09-22 07:07:25 Result: good, file /etc/rc3.d/S01kdump-tools not world writable
2026-09-22 07:07:25 Action: checking symlink for file /etc/rc3.d/S01open-vm-tools
2026-09-22 07:07:25 Note: Using real readlink binary to determine symlink on /etc/rc3.d/S01open-vm-tools
2026-09-22 07:07:25 Result: readlink shows /etc/init.d/open-vm-tools as output
2026-09-22 07:07:25 Result: symlink found, pointing to file /etc/init.d/open-vm-tools
2026-09-22 07:07:26 Result: good, file /etc/rc3.d/S01open-vm-tools not world writable
2026-09-22 07:07:26 Action: checking symlink for file /etc/rc3.d/S01plymouth
2026-09-22 07:07:26 Note: Using real readlink binary to determine symlink on /etc/rc3.d/S01plymouth
2026-09-22 07:07:26 Result: readlink shows /etc/init.d/plymouth as output
2026-09-22 07:07:26 Result: symlink found, pointing to file /etc/init.d/plymouth
2026-09-22 07:07:26 Result: good, file /etc/rc3.d/S01plymouth not world writable
2026-09-22 07:07:26 Action: checking symlink for file /etc/rc3.d/S01rsync
2026-09-22 07:07:26 Note: Using real readlink binary to determine symlink on /etc/rc3.d/S01rsync
2026-09-22 07:07:26 Result: readlink shows /etc/init.d/rsync as output
2026-09-22 07:07:26 Result: symlink found, pointing to file /etc/init.d/rsync
2026-09-22 07:07:26 Result: good, file /etc/rc3.d/S01rsync not world writable
2026-09-22 07:07:26 Action: checking symlink for file /etc/rc3.d/S01ssh
2026-09-22 07:07:26 Note: Using real readlink binary to determine symlink on /etc/rc3.d/S01ssh
2026-09-22 07:07:26 Result: readlink shows /etc/init.d/ssh as output
2026-09-22 07:07:26 Result: symlink found, pointing to file /etc/init.d/ssh
2026-09-22 07:07:26 Result: good, file /etc/rc3.d/S01ssh not world writable
2026-09-22 07:07:26 Action: checking symlink for file /etc/rc3.d/S01unattended-upgrades
2026-09-22 07:07:26 Note: Using real readlink binary to determine symlink on /etc/rc3.d/S01unattended-upgrades
2026-09-22 07:07:26 Result: readlink shows /etc/init.d/unattended-upgrades as output
2026-09-22 07:07:26 Result: symlink found, pointing to file /etc/init.d/unattended-upgrades
2026-09-22 07:07:26 Result: good, file /etc/rc3.d/S01unattended-upgrades not world writable
2026-09-22 07:07:26 Action: checking symlink for file /etc/rc3.d/S01uuidd
2026-09-22 07:07:26 Note: Using real readlink binary to determine symlink on /etc/rc3.d/S01uuidd
2026-09-22 07:07:26 Result: readlink shows /etc/init.d/uuidd as output
2026-09-22 07:07:26 Result: symlink found, pointing to file /etc/init.d/uuidd
2026-09-22 07:07:26 Result: good, file /etc/rc3.d/S01uuidd not world writable
2026-09-22 07:07:26 Test: Checking /etc/rc4.d scripts for writable bit
2026-09-22 07:07:26 Action: checking symlink for file /etc/rc4.d/S01apport
2026-09-22 07:07:26 Note: Using real readlink binary to determine symlink on /etc/rc4.d/S01apport
2026-09-22 07:07:26 Result: readlink shows /etc/init.d/apport as output
2026-09-22 07:07:26 Result: symlink found, pointing to file /etc/init.d/apport
2026-09-22 07:07:26 Result: good, file /etc/rc4.d/S01apport not world writable
2026-09-22 07:07:26 Action: checking symlink for file /etc/rc4.d/S01auditd
2026-09-22 07:07:26 Note: Using real readlink binary to determine symlink on /etc/rc4.d/S01auditd
2026-09-22 07:07:26 Result: readlink shows /etc/init.d/auditd as output
2026-09-22 07:07:26 Result: symlink found, pointing to file /etc/init.d/auditd
2026-09-22 07:07:26 Result: good, file /etc/rc4.d/S01auditd not world writable
2026-09-22 07:07:26 Action: checking symlink for file /etc/rc4.d/S01chrony
2026-09-22 07:07:26 Note: Using real readlink binary to determine symlink on /etc/rc4.d/S01chrony
2026-09-22 07:07:26 Result: readlink shows /etc/init.d/chrony as output
2026-09-22 07:07:26 Result: symlink found, pointing to file /etc/init.d/chrony
2026-09-22 07:07:26 Result: good, file /etc/rc4.d/S01chrony not world writable
2026-09-22 07:07:26 Action: checking symlink for file /etc/rc4.d/S01console-setup.sh
2026-09-22 07:07:26 Note: Using real readlink binary to determine symlink on /etc/rc4.d/S01console-setup.sh
2026-09-22 07:07:26 Result: readlink shows /etc/init.d/console-setup.sh as output
2026-09-22 07:07:26 Result: symlink found, pointing to file /etc/init.d/console-setup.sh
2026-09-22 07:07:26 Result: good, file /etc/rc4.d/S01console-setup.sh not world writable
2026-09-22 07:07:26 Action: checking symlink for file /etc/rc4.d/S01cron
2026-09-22 07:07:26 Note: Using real readlink binary to determine symlink on /etc/rc4.d/S01cron
2026-09-22 07:07:26 Result: readlink shows /etc/init.d/cron as output
2026-09-22 07:07:26 Result: symlink found, pointing to file /etc/init.d/cron
2026-09-22 07:07:26 Result: good, file /etc/rc4.d/S01cron not world writable
2026-09-22 07:07:26 Action: checking symlink for file /etc/rc4.d/S01dbus
2026-09-22 07:07:26 Note: Using real readlink binary to determine symlink on /etc/rc4.d/S01dbus
2026-09-22 07:07:26 Result: readlink shows /etc/init.d/dbus as output
2026-09-22 07:07:26 Result: symlink found, pointing to file /etc/init.d/dbus
2026-09-22 07:07:26 Result: good, file /etc/rc4.d/S01dbus not world writable
2026-09-22 07:07:26 Action: checking symlink for file /etc/rc4.d/S01fail2ban
2026-09-22 07:07:26 Note: Using real readlink binary to determine symlink on /etc/rc4.d/S01fail2ban
2026-09-22 07:07:26 Result: readlink shows /etc/init.d/fail2ban as output
2026-09-22 07:07:26 Result: symlink found, pointing to file /etc/init.d/fail2ban
2026-09-22 07:07:26 Result: good, file /etc/rc4.d/S01fail2ban not world writable
2026-09-22 07:07:26 Action: checking symlink for file /etc/rc4.d/S01kdump-tools
2026-09-22 07:07:26 Note: Using real readlink binary to determine symlink on /etc/rc4.d/S01kdump-tools
2026-09-22 07:07:26 Result: readlink shows /etc/init.d/kdump-tools as output
2026-09-22 07:07:26 Result: symlink found, pointing to file /etc/init.d/kdump-tools
2026-09-22 07:07:26 Result: good, file /etc/rc4.d/S01kdump-tools not world writable
2026-09-22 07:07:26 Action: checking symlink for file /etc/rc4.d/S01open-vm-tools
2026-09-22 07:07:26 Note: Using real readlink binary to determine symlink on /etc/rc4.d/S01open-vm-tools
2026-09-22 07:07:26 Result: readlink shows /etc/init.d/open-vm-tools as output
2026-09-22 07:07:26 Result: symlink found, pointing to file /etc/init.d/open-vm-tools
2026-09-22 07:07:26 Result: good, file /etc/rc4.d/S01open-vm-tools not world writable
2026-09-22 07:07:26 Action: checking symlink for file /etc/rc4.d/S01plymouth
2026-09-22 07:07:26 Note: Using real readlink binary to determine symlink on /etc/rc4.d/S01plymouth
2026-09-22 07:07:26 Result: readlink shows /etc/init.d/plymouth as output
2026-09-22 07:07:26 Result: symlink found, pointing to file /etc/init.d/plymouth
2026-09-22 07:07:26 Result: good, file /etc/rc4.d/S01plymouth not world writable
2026-09-22 07:07:26 Action: checking symlink for file /etc/rc4.d/S01rsync
2026-09-22 07:07:26 Note: Using real readlink binary to determine symlink on /etc/rc4.d/S01rsync
2026-09-22 07:07:26 Result: readlink shows /etc/init.d/rsync as output
2026-09-22 07:07:26 Result: symlink found, pointing to file /etc/init.d/rsync
2026-09-22 07:07:26 Result: good, file /etc/rc4.d/S01rsync not world writable
2026-09-22 07:07:26 Action: checking symlink for file /etc/rc4.d/S01ssh
2026-09-22 07:07:26 Note: Using real readlink binary to determine symlink on /etc/rc4.d/S01ssh
2026-09-22 07:07:26 Result: readlink shows /etc/init.d/ssh as output
2026-09-22 07:07:26 Result: symlink found, pointing to file /etc/init.d/ssh
2026-09-22 07:07:26 Result: good, file /etc/rc4.d/S01ssh not world writable
2026-09-22 07:07:26 Action: checking symlink for file /etc/rc4.d/S01unattended-upgrades
2026-09-22 07:07:26 Note: Using real readlink binary to determine symlink on /etc/rc4.d/S01unattended-upgrades
2026-09-22 07:07:26 Result: readlink shows /etc/init.d/unattended-upgrades as output
2026-09-22 07:07:26 Result: symlink found, pointing to file /etc/init.d/unattended-upgrades
2026-09-22 07:07:26 Result: good, file /etc/rc4.d/S01unattended-upgrades not world writable
2026-09-22 07:07:26 Action: checking symlink for file /etc/rc4.d/S01uuidd
2026-09-22 07:07:26 Note: Using real readlink binary to determine symlink on /etc/rc4.d/S01uuidd
2026-09-22 07:07:26 Result: readlink shows /etc/init.d/uuidd as output
2026-09-22 07:07:26 Result: symlink found, pointing to file /etc/init.d/uuidd
2026-09-22 07:07:26 Result: good, file /etc/rc4.d/S01uuidd not world writable
2026-09-22 07:07:26 Test: Checking /etc/rc5.d scripts for writable bit
2026-09-22 07:07:26 Action: checking symlink for file /etc/rc5.d/S01apport
2026-09-22 07:07:26 Note: Using real readlink binary to determine symlink on /etc/rc5.d/S01apport
2026-09-22 07:07:26 Result: readlink shows /etc/init.d/apport as output
2026-09-22 07:07:26 Result: symlink found, pointing to file /etc/init.d/apport
2026-09-22 07:07:26 Result: good, file /etc/rc5.d/S01apport not world writable
2026-09-22 07:07:26 Action: checking symlink for file /etc/rc5.d/S01auditd
2026-09-22 07:07:26 Note: Using real readlink binary to determine symlink on /etc/rc5.d/S01auditd
2026-09-22 07:07:26 Result: readlink shows /etc/init.d/auditd as output
2026-09-22 07:07:26 Result: symlink found, pointing to file /etc/init.d/auditd
2026-09-22 07:07:26 Result: good, file /etc/rc5.d/S01auditd not world writable
2026-09-22 07:07:26 Action: checking symlink for file /etc/rc5.d/S01chrony
2026-09-22 07:07:26 Note: Using real readlink binary to determine symlink on /etc/rc5.d/S01chrony
2026-09-22 07:07:26 Result: readlink shows /etc/init.d/chrony as output
2026-09-22 07:07:26 Result: symlink found, pointing to file /etc/init.d/chrony
2026-09-22 07:07:26 Result: good, file /etc/rc5.d/S01chrony not world writable
2026-09-22 07:07:26 Action: checking symlink for file /etc/rc5.d/S01console-setup.sh
2026-09-22 07:07:26 Note: Using real readlink binary to determine symlink on /etc/rc5.d/S01console-setup.sh
2026-09-22 07:07:26 Result: readlink shows /etc/init.d/console-setup.sh as output
2026-09-22 07:07:26 Result: symlink found, pointing to file /etc/init.d/console-setup.sh
2026-09-22 07:07:26 Result: good, file /etc/rc5.d/S01console-setup.sh not world writable
2026-09-22 07:07:26 Action: checking symlink for file /etc/rc5.d/S01cron
2026-09-22 07:07:26 Note: Using real readlink binary to determine symlink on /etc/rc5.d/S01cron
2026-09-22 07:07:26 Result: readlink shows /etc/init.d/cron as output
2026-09-22 07:07:26 Result: symlink found, pointing to file /etc/init.d/cron
2026-09-22 07:07:26 Result: good, file /etc/rc5.d/S01cron not world writable
2026-09-22 07:07:26 Action: checking symlink for file /etc/rc5.d/S01dbus
2026-09-22 07:07:27 Note: Using real readlink binary to determine symlink on /etc/rc5.d/S01dbus
2026-09-22 07:07:27 Result: readlink shows /etc/init.d/dbus as output
2026-09-22 07:07:27 Result: symlink found, pointing to file /etc/init.d/dbus
2026-09-22 07:07:27 Result: good, file /etc/rc5.d/S01dbus not world writable
2026-09-22 07:07:27 Action: checking symlink for file /etc/rc5.d/S01fail2ban
2026-09-22 07:07:27 Note: Using real readlink binary to determine symlink on /etc/rc5.d/S01fail2ban
2026-09-22 07:07:27 Result: readlink shows /etc/init.d/fail2ban as output
2026-09-22 07:07:27 Result: symlink found, pointing to file /etc/init.d/fail2ban
2026-09-22 07:07:27 Result: good, file /etc/rc5.d/S01fail2ban not world writable
2026-09-22 07:07:27 Action: checking symlink for file /etc/rc5.d/S01kdump-tools
2026-09-22 07:07:27 Note: Using real readlink binary to determine symlink on /etc/rc5.d/S01kdump-tools
2026-09-22 07:07:27 Result: readlink shows /etc/init.d/kdump-tools as output
2026-09-22 07:07:27 Result: symlink found, pointing to file /etc/init.d/kdump-tools
2026-09-22 07:07:27 Result: good, file /etc/rc5.d/S01kdump-tools not world writable
2026-09-22 07:07:27 Action: checking symlink for file /etc/rc5.d/S01open-vm-tools
2026-09-22 07:07:27 Note: Using real readlink binary to determine symlink on /etc/rc5.d/S01open-vm-tools
2026-09-22 07:07:27 Result: readlink shows /etc/init.d/open-vm-tools as output
2026-09-22 07:07:27 Result: symlink found, pointing to file /etc/init.d/open-vm-tools
2026-09-22 07:07:27 Result: good, file /etc/rc5.d/S01open-vm-tools not world writable
2026-09-22 07:07:27 Action: checking symlink for file /etc/rc5.d/S01plymouth
2026-09-22 07:07:27 Note: Using real readlink binary to determine symlink on /etc/rc5.d/S01plymouth
2026-09-22 07:07:27 Result: readlink shows /etc/init.d/plymouth as output
2026-09-22 07:07:27 Result: symlink found, pointing to file /etc/init.d/plymouth
2026-09-22 07:07:27 Result: good, file /etc/rc5.d/S01plymouth not world writable
2026-09-22 07:07:27 Action: checking symlink for file /etc/rc5.d/S01rsync
2026-09-22 07:07:27 Note: Using real readlink binary to determine symlink on /etc/rc5.d/S01rsync
2026-09-22 07:07:27 Result: readlink shows /etc/init.d/rsync as output
2026-09-22 07:07:27 Result: symlink found, pointing to file /etc/init.d/rsync
2026-09-22 07:07:27 Result: good, file /etc/rc5.d/S01rsync not world writable
2026-09-22 07:07:27 Action: checking symlink for file /etc/rc5.d/S01ssh
2026-09-22 07:07:27 Note: Using real readlink binary to determine symlink on /etc/rc5.d/S01ssh
2026-09-22 07:07:27 Result: readlink shows /etc/init.d/ssh as output
2026-09-22 07:07:27 Result: symlink found, pointing to file /etc/init.d/ssh
2026-09-22 07:07:27 Result: good, file /etc/rc5.d/S01ssh not world writable
2026-09-22 07:07:27 Action: checking symlink for file /etc/rc5.d/S01unattended-upgrades
2026-09-22 07:07:27 Note: Using real readlink binary to determine symlink on /etc/rc5.d/S01unattended-upgrades
2026-09-22 07:07:27 Result: readlink shows /etc/init.d/unattended-upgrades as output
2026-09-22 07:07:27 Result: symlink found, pointing to file /etc/init.d/unattended-upgrades
2026-09-22 07:07:27 Result: good, file /etc/rc5.d/S01unattended-upgrades not world writable
2026-09-22 07:07:27 Action: checking symlink for file /etc/rc5.d/S01uuidd
2026-09-22 07:07:27 Note: Using real readlink binary to determine symlink on /etc/rc5.d/S01uuidd
2026-09-22 07:07:27 Result: readlink shows /etc/init.d/uuidd as output
2026-09-22 07:07:27 Result: symlink found, pointing to file /etc/init.d/uuidd
2026-09-22 07:07:27 Result: good, file /etc/rc5.d/S01uuidd not world writable
2026-09-22 07:07:27 Test: Checking /etc/rc6.d scripts for writable bit
2026-09-22 07:07:27 Action: checking symlink for file /etc/rc6.d/K01auditd
2026-09-22 07:07:27 Note: Using real readlink binary to determine symlink on /etc/rc6.d/K01auditd
2026-09-22 07:07:27 Result: readlink shows /etc/init.d/auditd as output
2026-09-22 07:07:27 Result: symlink found, pointing to file /etc/init.d/auditd
2026-09-22 07:07:27 Result: good, file /etc/rc6.d/K01auditd not world writable
2026-09-22 07:07:27 Action: checking symlink for file /etc/rc6.d/K01chrony
2026-09-22 07:07:27 Note: Using real readlink binary to determine symlink on /etc/rc6.d/K01chrony
2026-09-22 07:07:27 Result: readlink shows /etc/init.d/chrony as output
2026-09-22 07:07:27 Result: symlink found, pointing to file /etc/init.d/chrony
2026-09-22 07:07:27 Result: good, file /etc/rc6.d/K01chrony not world writable
2026-09-22 07:07:27 Action: checking symlink for file /etc/rc6.d/K01cryptdisks
2026-09-22 07:07:27 Note: Using real readlink binary to determine symlink on /etc/rc6.d/K01cryptdisks
2026-09-22 07:07:27 Result: readlink shows /etc/init.d/cryptdisks as output
2026-09-22 07:07:27 Result: symlink found, pointing to file /etc/init.d/cryptdisks
2026-09-22 07:07:27 Result: good, file /etc/rc6.d/K01cryptdisks not world writable
2026-09-22 07:07:27 Action: checking symlink for file /etc/rc6.d/K01cryptdisks-early
2026-09-22 07:07:27 Note: Using real readlink binary to determine symlink on /etc/rc6.d/K01cryptdisks-early
2026-09-22 07:07:27 Result: readlink shows /etc/init.d/cryptdisks-early as output
2026-09-22 07:07:27 Result: symlink found, pointing to file /etc/init.d/cryptdisks-early
2026-09-22 07:07:27 Result: good, file /etc/rc6.d/K01cryptdisks-early not world writable
2026-09-22 07:07:27 Action: checking symlink for file /etc/rc6.d/K01fail2ban
2026-09-22 07:07:27 Note: Using real readlink binary to determine symlink on /etc/rc6.d/K01fail2ban
2026-09-22 07:07:27 Result: readlink shows /etc/init.d/fail2ban as output
2026-09-22 07:07:27 Result: symlink found, pointing to file /etc/init.d/fail2ban
2026-09-22 07:07:27 Result: good, file /etc/rc6.d/K01fail2ban not world writable
2026-09-22 07:07:27 Action: checking symlink for file /etc/rc6.d/K01iscsid
2026-09-22 07:07:27 Note: Using real readlink binary to determine symlink on /etc/rc6.d/K01iscsid
2026-09-22 07:07:27 Result: readlink shows /etc/init.d/iscsid as output
2026-09-22 07:07:27 Result: symlink found, pointing to file /etc/init.d/iscsid
2026-09-22 07:07:27 Result: good, file /etc/rc6.d/K01iscsid not world writable
2026-09-22 07:07:27 Action: checking symlink for file /etc/rc6.d/K01open-iscsi
2026-09-22 07:07:27 Note: Using real readlink binary to determine symlink on /etc/rc6.d/K01open-iscsi
2026-09-22 07:07:27 Result: readlink shows /etc/init.d/open-iscsi as output
2026-09-22 07:07:27 Result: symlink found, pointing to file /etc/init.d/open-iscsi
2026-09-22 07:07:27 Result: good, file /etc/rc6.d/K01open-iscsi not world writable
2026-09-22 07:07:27 Action: checking symlink for file /etc/rc6.d/K01open-vm-tools
2026-09-22 07:07:27 Note: Using real readlink binary to determine symlink on /etc/rc6.d/K01open-vm-tools
2026-09-22 07:07:27 Result: readlink shows /etc/init.d/open-vm-tools as output
2026-09-22 07:07:27 Result: symlink found, pointing to file /etc/init.d/open-vm-tools
2026-09-22 07:07:27 Result: good, file /etc/rc6.d/K01open-vm-tools not world writable
2026-09-22 07:07:27 Action: checking symlink for file /etc/rc6.d/K01plymouth
2026-09-22 07:07:27 Note: Using real readlink binary to determine symlink on /etc/rc6.d/K01plymouth
2026-09-22 07:07:27 Result: readlink shows /etc/init.d/plymouth as output
2026-09-22 07:07:27 Result: symlink found, pointing to file /etc/init.d/plymouth
2026-09-22 07:07:27 Result: good, file /etc/rc6.d/K01plymouth not world writable
2026-09-22 07:07:27 Action: checking symlink for file /etc/rc6.d/K01unattended-upgrades
2026-09-22 07:07:27 Note: Using real readlink binary to determine symlink on /etc/rc6.d/K01unattended-upgrades
2026-09-22 07:07:27 Result: readlink shows /etc/init.d/unattended-upgrades as output
2026-09-22 07:07:27 Result: symlink found, pointing to file /etc/init.d/unattended-upgrades
2026-09-22 07:07:27 Result: good, file /etc/rc6.d/K01unattended-upgrades not world writable
2026-09-22 07:07:27 Action: checking symlink for file /etc/rc6.d/K01uuidd
2026-09-22 07:07:27 Note: Using real readlink binary to determine symlink on /etc/rc6.d/K01uuidd
2026-09-22 07:07:27 Result: readlink shows /etc/init.d/uuidd as output
2026-09-22 07:07:27 Result: symlink found, pointing to file /etc/init.d/uuidd
2026-09-22 07:07:27 Result: good, file /etc/rc6.d/K01uuidd not world writable
2026-09-22 07:07:27 Hardening: assigned maximum number of hardening points for this item (3). Currently having 6 points (out of 15)
2026-09-22 07:07:27 ====
2026-09-22 07:07:27 Performing test ID BOOT-5202 (Check uptime of system)
2026-09-22 07:07:27 Uptime (in seconds): 606
2026-09-22 07:07:27 Uptime (in days): 0
2026-09-22 07:07:27 ====
2026-09-22 07:07:27 Performing test ID BOOT-5260 (Check single user mode for systemd)
2026-09-22 07:07:27 Test: Searching /usr/lib/systemd/system/rescue.service
2026-09-22 07:07:27 Result: file /usr/lib/systemd/system/rescue.service
2026-09-22 07:07:27 Test: checking presence sulogin for single user mode
2026-09-22 07:07:27 Result: found sulogin, so single user is protected
2026-09-22 07:07:27 Hardening: assigned maximum number of hardening points for this item (3). Currently having 9 points (out of 18)
2026-09-22 07:07:27 ====
2026-09-22 07:07:27 Skipped test BOOT-5262 (Check for OpenBSD boot daemons)
2026-09-22 07:07:27 Reason to skip: Incorrect guest OS (OpenBSD only)
2026-09-22 07:07:27 ====
2026-09-22 07:07:27 Skipped test BOOT-5263 (Check permissions for boot files/scripts)
2026-09-22 07:07:27 Reason to skip: Incorrect guest OS (OpenBSD only)
2026-09-22 07:07:28 ====
2026-09-22 07:07:28 Performing test ID BOOT-5264 (Run systemd-analyze security)
2026-09-22 07:07:28 Test: Run systemd-analyze security
2026-09-22 07:07:28 Result: ModemManager.service has exposure value 6.3 with predicate 'MEDIUM'
2026-09-22 07:07:28 Result: auditd.service has exposure value 9.4 with predicate 'UNSAFE'
2026-09-22 07:07:28 Result: chrony.service has exposure value 3.7 with predicate 'PROTECTED'
2026-09-22 07:07:28 Result: cron.service has exposure value 9.6 with predicate 'UNSAFE'
2026-09-22 07:07:28 Result: dbus.service has exposure value 9.2 with predicate 'UNSAFE'
2026-09-22 07:07:29 Result: dm-event.service has exposure value 9.5 with predicate 'UNSAFE'
2026-09-22 07:07:29 Result: dmesg.service has exposure value 9.6 with predicate 'UNSAFE'
2026-09-22 07:07:29 Result: emergency.service has exposure value 9.5 with predicate 'UNSAFE'
2026-09-22 07:07:29 Result: fail2ban.service has exposure value 9.6 with predicate 'UNSAFE'
2026-09-22 07:07:29 Result: getty@tty1.service has exposure value 9.6 with predicate 'UNSAFE'
2026-09-22 07:07:29 Result: iscsid.service has exposure value 9.5 with predicate 'UNSAFE'
2026-09-22 07:07:29 Result: lvm2-lvmpolld.service has exposure value 9.5 with predicate 'UNSAFE'
2026-09-22 07:07:29 Result: lynis.service has exposure value 9.6 with predicate 'UNSAFE'
2026-09-22 07:07:29 Result: multipathd.service has exposure value 9.5 with predicate 'UNSAFE'
2026-09-22 07:07:29 Result: networkd-dispatcher.service has exposure value 9.6 with predicate 'UNSAFE'
2026-09-22 07:07:29 Result: open-vm-tools.service has exposure value 9.5 with predicate 'UNSAFE'
2026-09-22 07:07:29 Result: plymouth-halt.service has exposure value 9.5 with predicate 'UNSAFE'
2026-09-22 07:07:29 Result: plymouth-kexec.service has exposure value 9.5 with predicate 'UNSAFE'
2026-09-22 07:07:29 Result: plymouth-poweroff.service has exposure value 9.5 with predicate 'UNSAFE'
2026-09-22 07:07:29 Result: plymouth-reboot.service has exposure value 9.5 with predicate 'UNSAFE'
2026-09-22 07:07:29 Result: plymouth-start.service has exposure value 9.5 with predicate 'UNSAFE'
2026-09-22 07:07:29 Result: polkit.service has exposure value 1.2 with predicate 'PROTECTED'
2026-09-22 07:07:29 Result: rc-local.service has exposure value 9.6 with predicate 'UNSAFE'
2026-09-22 07:07:29 Result: rescue.service has exposure value 9.5 with predicate 'UNSAFE'
2026-09-22 07:07:29 Result: rsyslog.service has exposure value 6.3 with predicate 'MEDIUM'
2026-09-22 07:07:29 Result: snapd.service has exposure value 9.9 with predicate 'UNSAFE'
2026-09-22 07:07:29 Result: ssh.service has exposure value 9.6 with predicate 'UNSAFE'
2026-09-22 07:07:29 Result: sshd@sshd-keygen.service has exposure value 9.6 with predicate 'UNSAFE'
2026-09-22 07:07:29 Result: systemd-ask-password-console.service has exposure value 9.4 with predicate 'UNSAFE'
2026-09-22 07:07:29 Result: systemd-ask-password-plymouth.service has exposure value 9.5 with predicate 'UNSAFE'
2026-09-22 07:07:29 Result: systemd-ask-password-wall.service has exposure value 9.4 with predicate 'UNSAFE'
2026-09-22 07:07:29 Result: systemd-bsod.service has exposure value 9.5 with predicate 'UNSAFE'
2026-09-22 07:07:29 Result: systemd-hostnamed.service has exposure value 1.7 with predicate 'PROTECTED'
2026-09-22 07:07:29 Result: systemd-journald.service has exposure value 4.9 with predicate 'PROTECTED'
2026-09-22 07:07:29 Result: systemd-logind.service has exposure value 2.8 with predicate 'PROTECTED'
2026-09-22 07:07:29 Result: systemd-networkd.service has exposure value 2.9 with predicate 'PROTECTED'
2026-09-22 07:07:29 Result: systemd-resolved.service has exposure value 2.2 with predicate 'PROTECTED'
2026-09-22 07:07:29 Result: systemd-rfkill.service has exposure value 9.4 with predicate 'UNSAFE'
2026-09-22 07:07:29 Result: systemd-udevd.service has exposure value 7.1 with predicate 'MEDIUM'
2026-09-22 07:07:29 Result: thermald.service has exposure value 9.6 with predicate 'UNSAFE'
2026-09-22 07:07:29 Result: tpm-udev.service has exposure value 9.6 with predicate 'UNSAFE'
2026-09-22 07:07:29 Result: ubuntu-advantage.service has exposure value 9.6 with predicate 'UNSAFE'
2026-09-22 07:07:29 Result: udisks2.service has exposure value 9.6 with predicate 'UNSAFE'
2026-09-22 07:07:29 Result: unattended-upgrades.service has exposure value 9.6 with predicate 'UNSAFE'
2026-09-22 07:07:29 Result: user@1000.service has exposure value 9.4 with predicate 'UNSAFE'
2026-09-22 07:07:29 Result: uuidd.service has exposure value 5.8 with predicate 'MEDIUM'
2026-09-22 07:07:29 Result: vgauth.service has exposure value 9.5 with predicate 'UNSAFE'
2026-09-22 07:07:29 Suggestion: Consider hardening system services [test:BOOT-5264] [details:Run '/usr/bin/systemd-analyze security SERVICE' for each service] [solution:-]
2026-09-22 07:07:30 Security check: file is normal
2026-09-22 07:07:30 Checking permissions of /usr/share/lynis/include/tests_kernel
2026-09-22 07:07:30 File permissions are OK
2026-09-22 07:07:30 ====
2026-09-22 07:07:30 Action: Performing tests from category: Kernel
2026-09-22 07:07:30 ====
2026-09-22 07:07:30 Performing test ID KRNL-5622 (Determine Linux default run level)
2026-09-22 07:07:30 Test: Checking for systemd default.target
2026-09-22 07:07:30 Result: Found match on runlevel5/graphical
2026-09-22 07:07:30 ====
2026-09-22 07:07:30 Performing test ID KRNL-5677 (Check CPU options and support)
2026-09-22 07:07:30 Test: Checking /proc/cpuinfo
2026-09-22 07:07:30 Result: found /proc/cpuinfo
2026-09-22 07:07:30 Test: Checking CPU options (XD/NX/PAE)
2026-09-22 07:07:30 PAE: Yes
2026-09-22 07:07:30 NX: Yes
2026-09-22 07:07:30 Result: PAE or No eXecute option(s) both found
2026-09-22 07:07:30 ====
2026-09-22 07:07:30 Performing test ID KRNL-5695 (Determine Linux kernel version and release number)
2026-09-22 07:07:30 Result: found kernel release 7.0.0-31-generic
2026-09-22 07:07:30 Result: found kernel version #31-Ubuntu SMP PREEMPT_DYNAMIC Sat Aug  1 04:26:38 UTC 2026
2026-09-22 07:07:30 ====
2026-09-22 07:07:30 Performing test ID KRNL-5723 (Determining if Linux kernel is monolithic)
2026-09-22 07:07:30 Test: checking if kernel is monolithic or modular
2026-09-22 07:07:30 Result: Found modular kernel
2026-09-22 07:07:30 ====
2026-09-22 07:07:30 Performing test ID KRNL-5726 (Checking Linux loaded kernel modules)
2026-09-22 07:07:30 Loaded modules according lsmod:
2026-09-22 07:07:30 Loaded module: ac97_bus
2026-09-22 07:07:30 Loaded module: aesni_intel
2026-09-22 07:07:30 Loaded module: ahci
2026-09-22 07:07:30 Loaded module: autofs4
2026-09-22 07:07:30 Loaded module: binfmt_misc
2026-09-22 07:07:30 Loaded module: cfg80211
2026-09-22 07:07:30 Loaded module: dm_crypt
2026-09-22 07:07:30 Loaded module: dm_log
2026-09-22 07:07:30 Loaded module: dm_mirror
2026-09-22 07:07:30 Loaded module: dm_multipath
2026-09-22 07:07:30 Loaded module: dm_region_hash
2026-09-22 07:07:30 Loaded module: dmi_sysfs
2026-09-22 07:07:30 Loaded module: drm_ttm_helper
2026-09-22 07:07:30 Loaded module: e1000
2026-09-22 07:07:30 Loaded module: efi_pstore
2026-09-22 07:07:30 Loaded module: ghash_clmulni_intel
2026-09-22 07:07:30 Loaded module: hid
2026-09-22 07:07:30 Loaded module: hid_generic
2026-09-22 07:07:30 Loaded module: i2c_piix4
2026-09-22 07:07:30 Loaded module: i2c_smbus
2026-09-22 07:07:30 Loaded module: input_leds
2026-09-22 07:07:30 Loaded module: intel_rapl_common
2026-09-22 07:07:30 Loaded module: intel_rapl_msr
2026-09-22 07:07:30 Loaded module: ip6t_REJECT
2026-09-22 07:07:30 Loaded module: ip6t_rt
2026-09-22 07:07:30 Loaded module: ipt_REJECT
2026-09-22 07:07:30 Loaded module: joydev
2026-09-22 07:07:30 Loaded module: libahci
2026-09-22 07:07:30 Loaded module: mac_hid
2026-09-22 07:07:30 Loaded module: msr
2026-09-22 07:07:30 Loaded module: nf_conntrack
2026-09-22 07:07:30 Loaded module: nf_defrag_ipv4
2026-09-22 07:07:30 Loaded module: nf_defrag_ipv6
2026-09-22 07:07:30 Loaded module: nf_log_syslog
2026-09-22 07:07:30 Loaded module: nf_reject_ipv4
2026-09-22 07:07:30 Loaded module: nf_reject_ipv6
2026-09-22 07:07:30 Loaded module: nf_tables
2026-09-22 07:07:30 Loaded module: nfnetlink
2026-09-22 07:07:30 Loaded module: nft_compat
2026-09-22 07:07:30 Loaded module: nft_limit
2026-09-22 07:07:30 Loaded module: pata_acpi
2026-09-22 07:07:30 Loaded module: psmouse
2026-09-22 07:07:30 Loaded module: qrtr
2026-09-22 07:07:30 Loaded module: sch_fq_codel
2026-09-22 07:07:30 Loaded module: serio_raw
2026-09-22 07:07:30 Loaded module: snd
2026-09-22 07:07:30 Loaded module: snd_ac97_codec
2026-09-22 07:07:30 Loaded module: snd_intel8x0
2026-09-22 07:07:30 Loaded module: snd_pcm
2026-09-22 07:07:30 Loaded module: snd_timer
2026-09-22 07:07:30 Loaded module: soundcore
2026-09-22 07:07:30 Loaded module: ttm
2026-09-22 07:07:30 Loaded module: usbhid
2026-09-22 07:07:30 Loaded module: vboxguest
2026-09-22 07:07:30 Loaded module: vga16fb
2026-09-22 07:07:30 Loaded module: vgastate
2026-09-22 07:07:30 Loaded module: video
2026-09-22 07:07:30 Loaded module: vmw_vmci
2026-09-22 07:07:30 Loaded module: vmw_vsock_virtio_transport_common
2026-09-22 07:07:30 Loaded module: vmw_vsock_vmci_transport
2026-09-22 07:07:30 Loaded module: vmwgfx
2026-09-22 07:07:30 Loaded module: vsock
2026-09-22 07:07:30 Loaded module: vsock_loopback
2026-09-22 07:07:30 Loaded module: wmi
2026-09-22 07:07:30 Loaded module: x_tables
2026-09-22 07:07:30 Loaded module: xt_LOG
2026-09-22 07:07:30 Loaded module: xt_addrtype
2026-09-22 07:07:30 Loaded module: xt_conntrack
2026-09-22 07:07:30 Loaded module: xt_hl
2026-09-22 07:07:30 Loaded module: xt_limit
2026-09-22 07:07:30 Loaded module: xt_recent
2026-09-22 07:07:30 Loaded module: xt_tcpudp
2026-09-22 07:07:30 ====
2026-09-22 07:07:30 Performing test ID KRNL-5728 (Checking Linux kernel config)
2026-09-22 07:07:30 Result: found config (/boot/config-7.0.0-31-generic)
2026-09-22 07:07:31 ====
2026-09-22 07:07:31 Performing test ID KRNL-5730 (Checking disk I/O kernel scheduler)
2026-09-22 07:07:31 Test: Checking the default I/O kernel scheduler
2026-09-22 07:07:31 Result: no default I/O kernel scheduler found
2026-09-22 07:07:31 ====
2026-09-22 07:07:31 Skipped test KRNL-5745 (Checking FreeBSD loaded kernel modules)
2026-09-22 07:07:31 Reason to skip: Incorrect guest OS (FreeBSD only)
2026-09-22 07:07:31 ====
2026-09-22 07:07:31 Skipped test KRNL-5831 (Checking DragonFly loaded kernel modules)
2026-09-22 07:07:31 Reason to skip: Incorrect guest OS (DragonFly only)
2026-09-22 07:07:31 ====
2026-09-22 07:07:31 Skipped test KRNL-5770 (Checking active kernel modules)
2026-09-22 07:07:31 Reason to skip: Incorrect guest OS (Solaris only)
2026-09-22 07:07:31 ====
2026-09-22 07:07:31 Performing test ID KRNL-5788 (Checking availability new Linux kernel)
2026-09-22 07:07:31 Test: Searching apt-cache, to determine if a newer kernel is available
2026-09-22 07:07:31 Result: found /usr/bin/apt-cache
2026-09-22 07:07:31 Test: checking presence of /vmlinuz or /boot/vmlinuz
2026-09-22 07:07:31 Result: found /boot/vmlinuz
2026-09-22 07:07:31 Test: checking readlink location of /boot/vmlinuz
2026-09-22 07:07:31 Output: readlink reported file /boot/vmlinuz-7.0.0-31-generic
2026-09-22 07:07:31 Test: checking relevant package using output from dpkg -S
2026-09-22 07:07:31 Output: dpkg -S reported package linux-image-7.0.0-31-generic
2026-09-22 07:07:31 Result: found kernel 'linux-image-7.0.0-31-generic' which will be used for further testing
2026-09-22 07:07:31 Test: Using apt-cache policy to determine if there is an update available
2026-09-22 07:07:31 Kernel installed: 7.0.0-31.31
2026-09-22 07:07:31 Kernel candidate: 7.0.0-31.31
2026-09-22 07:07:31 Result: no kernel update available
2026-09-22 07:07:31 ====
2026-09-22 07:07:31 Performing test ID KRNL-5820 (Checking core dumps configuration)
2026-09-22 07:07:31 Test: Checking presence of systemd
2026-09-22 07:07:31 Result: systemd is present on this system
2026-09-22 07:07:31 Test: Checking if core dumps are disabled in /etc/systemd/coredump.conf and /etc/systemd/coredump.conf.d/*.conf
2026-09-22 07:07:31 Result: core dumps are not disabled in systemd configuration. Didn't find settings 'ProcessSizeMax=0' and 'Storage=none'
2026-09-22 07:07:31 Hardening: assigned partial number of hardening points (0 of 1). Currently having 9 points (out of 19)
2026-09-22 07:07:31 Test: Checking presence /etc/profile
2026-09-22 07:07:31 Test: Checking if 'ulimit -c 0' exists in /etc/profile or /etc/profile.d/*.sh
2026-09-22 07:07:31 Result: core dumps are not disabled in /etc/profile or /etc/profile.d/*.sh config files. Didn't find setting 'ulimit -c 0'
2026-09-22 07:07:31 Hardening: assigned partial number of hardening points (0 of 1). Currently having 9 points (out of 20)
2026-09-22 07:07:31 Test: Checking presence /etc/security/limits.conf
2026-09-22 07:07:31 Result: file /etc/security/limits.conf exists
2026-09-22 07:07:31 Test: Checking if core dumps are disabled in /etc/security/limits.conf and /etc/security/limits.d/*
2026-09-22 07:07:31 Result: core dumps are disabled for 'soft' ('hard'=ENABLED)
2026-09-22 07:07:31 Hardening: assigned partial number of hardening points (2 of 3). Currently having 11 points (out of 23)
2026-09-22 07:07:31 Test: Checking presence /usr/etc/security/limits.conf
2026-09-22 07:07:31 Result: file /usr/etc/security/limits.conf does not exist, skipping test for this file
2026-09-22 07:07:31 Test: Checking sysctl value of fs.suid_dumpable
2026-09-22 07:07:31 Result: value 2 found
2026-09-22 07:07:31 Result: programs can dump core dump, but only readable by root (value 2, for debugging with file protection)
2026-09-22 07:07:31 Hardening: assigned maximum number of hardening points for this item (1). Currently having 12 points (out of 24)
2026-09-22 07:07:31 ====
2026-09-22 07:07:31 Performing test ID KRNL-5830 (Checking if system is running on the latest installed kernel)
2026-09-22 07:07:31 Test: Checking presence /var/run/reboot-required.pkgs
2026-09-22 07:07:32 Result: file /var/run/reboot-required.pkgs not found
2026-09-22 07:07:32 Test: Checking presence /var/run/needs_restarting
2026-09-22 07:07:32 Result: file /var/run/needs_restarting not found
2026-09-22 07:07:32 Result: /boot exists, performing more tests from here
2026-09-22 07:07:32 Result: found /boot/vmlinuz
2026-09-22 07:07:32 Result: found a symlink, retrieving destination
2026-09-22 07:07:32 Result: destination file is vmlinuz-7.0.0-31-generic
2026-09-22 07:07:32 Result: version derived from file name is '7.0.0-31-generic'
2026-09-22 07:07:32 Result: found version 7.0.0-31-generic
2026-09-22 07:07:32 Result: active kernel version 7.0.0-31-generic
2026-09-22 07:07:32 Result: no reboot needed, active kernel is the same version as the one on disk
2026-09-22 07:07:32 Result: /var/cache/apt/archives/ does not exist
2026-09-22 07:07:32 Hardening: assigned maximum number of hardening points for this item (5). Currently having 17 points (out of 29)
2026-09-22 07:07:32 Security check: file is normal
2026-09-22 07:07:32 Checking permissions of /usr/share/lynis/include/tests_memory_processes
2026-09-22 07:07:32 File permissions are OK
2026-09-22 07:07:32 ====
2026-09-22 07:07:32 Action: Performing tests from category: Memory and Processes
2026-09-22 07:07:32 ====
2026-09-22 07:07:32 Performing test ID PROC-3602 (Checking /proc/meminfo for memory details)
2026-09-22 07:07:32 Result: found /proc/meminfo
2026-09-22 07:07:32 Result: Found 1681972 kB memory
2026-09-22 07:07:32 ====
2026-09-22 07:07:32 Skipped test PROC-3604 (Query prtconf for memory details)
2026-09-22 07:07:32 Reason to skip: Incorrect guest OS (Solaris only)
2026-09-22 07:07:32 ====
2026-09-22 07:07:32 Performing test ID PROC-3612 (Check dead or zombie processes)
2026-09-22 07:07:32 Result: no zombie processes found
2026-09-22 07:07:32 ====
2026-09-22 07:07:32 Performing test ID PROC-3614 (Check heavy IO waiting based processes)
2026-09-22 07:07:32 Result: No processes were waiting for IO requests to be handled first
2026-09-22 07:07:32 ====
2026-09-22 07:07:32 Performing test ID PROC-3802 (Check presence of prelink tooling)
2026-09-22 07:07:32 Result: prelink package is NOT installed
2026-09-22 07:07:32 Hardening: assigned maximum number of hardening points for this item (3). Currently having 20 points (out of 32)
2026-09-22 07:07:32 Security check: file is normal
2026-09-22 07:07:32 Checking permissions of /usr/share/lynis/include/tests_authentication
2026-09-22 07:07:32 File permissions are OK
2026-09-22 07:07:32 ====
2026-09-22 07:07:32 Action: Performing tests from category: Users, Groups and Authentication
2026-09-22 07:07:32 ====
2026-09-22 07:07:32 Performing test ID AUTH-9204 (Check users with an UID of zero)
2026-09-22 07:07:32 Test: Searching accounts with UID 0
2026-09-22 07:07:32 Result: No accounts found with UID 0 other than root.
2026-09-22 07:07:32 ====
2026-09-22 07:07:32 Performing test ID AUTH-9208 (Check non-unique accounts in passwd file)
2026-09-22 07:07:32 Test: Checking for non-unique accounts
2026-09-22 07:07:32 Result: all accounts found in /etc/passwd are unique
2026-09-22 07:07:32 Remarks: Non unique UIDs can be a risk for the system or part of a configuration mistake
2026-09-22 07:07:32 Prerequisite test: /usr/sbin/chkgrp
2026-09-22 07:07:32 ====
2026-09-22 07:07:32 Skipped test AUTH-9212 (Test group file)
2026-09-22 07:07:32 Reason to skip: Prerequisites not met (ie missing tool, other type of Linux distribution)
2026-09-22 07:07:32 ====
2026-09-22 07:07:32 Performing test ID AUTH-9216 (Check group and shadow group files)
2026-09-22 07:07:32 Test: Checking for grpck binary output
2026-09-22 07:07:32 Result: grpck binary didn't find any errors in the group files
2026-09-22 07:07:32 ====
2026-09-22 07:07:32 Skipped test AUTH-9218 (Check login shells for passwordless accounts)
2026-09-22 07:07:32 Reason to skip: Incorrect guest OS (DragonFly FreeBSD NetBSD OpenBSD only)
2026-09-22 07:07:32 ====
2026-09-22 07:07:32 Performing test ID AUTH-9222 (Check unique groups (IDs))
2026-09-22 07:07:32 Test: Checking for non unique group ID's in /etc/group
2026-09-22 07:07:32 Result: All group ID's are unique
2026-09-22 07:07:32 ====
2026-09-22 07:07:33 Performing test ID AUTH-9226 (Check unique group names)
2026-09-22 07:07:33 Test: Checking for non unique group names in /etc/group
2026-09-22 07:07:33 Result: All group names are unique
2026-09-22 07:07:33 ====
2026-09-22 07:07:33 Performing test ID AUTH-9228 (Check password file consistency with pwck)
2026-09-22 07:07:33 Test: Checking password file consistency (pwck)
2026-09-22 07:07:33 Result: pwck check didn't find any problems
2026-09-22 07:07:33 Hardening: assigned maximum number of hardening points for this item (2). Currently having 22 points (out of 34)
2026-09-22 07:07:33 ====
2026-09-22 07:07:33 Performing test ID AUTH-9229 (Check password hashing methods)
2026-09-22 07:07:33 Test: Checking password hashing methods
2026-09-22 07:07:33 Result: poor password hashing methods found: sha256crypt/sha512crypt(default=5000rounds) 
2026-09-22 07:07:33 Suggestion: Check PAM configuration, add rounds if applicable and expire passwords to encrypt with new values [test:AUTH-9229] [details:-] [solution:-]
2026-09-22 07:07:33 Hardening: assigned partial number of hardening points (0 of 2). Currently having 22 points (out of 36)
2026-09-22 07:07:33 ====
2026-09-22 07:07:33 Performing test ID AUTH-9230 (Check password hashing rounds)
2026-09-22 07:07:33 Test: Checking SHA_CRYPT_{MIN,MAX}_ROUNDS option in /etc/login.defs
2026-09-22 07:07:33 Result: number of password hashing rounds is not configured
2026-09-22 07:07:33 Suggestion: Configure password hashing rounds in /etc/login.defs [test:AUTH-9230] [details:-] [solution:-]
2026-09-22 07:07:33 Hardening: assigned partial number of hardening points (0 of 2). Currently having 22 points (out of 38)
2026-09-22 07:07:33 ====
2026-09-22 07:07:33 Performing test ID AUTH-9234 (Query user accounts)
2026-09-22 07:07:33 Test: Read system users (including root user) from password database (e.g. /etc/passwd)
2026-09-22 07:07:33 Result: found minimal user id specified: 1000
2026-09-22 07:07:33 Linux real users output (ID = 0, or 1000+, but not 65534):
2026-09-22 07:07:33 Real user: root,0
2026-09-22 07:07:33 Real user: thasina,1000
2026-09-22 07:07:33 ====
2026-09-22 07:07:33 Performing test ID AUTH-9240 (Query NIS+ authentication support)
2026-09-22 07:07:33 Result: NIS+ authentication not enabled
2026-09-22 07:07:33 ====
2026-09-22 07:07:33 Performing test ID AUTH-9242 (Query NIS authentication support)
2026-09-22 07:07:33 Result: NIS authentication not enabled
2026-09-22 07:07:33 ====
2026-09-22 07:07:33 Performing test ID AUTH-9250 (Checking sudoers file)
2026-09-22 07:07:33 Test: checking presence /etc/sudoers
2026-09-22 07:07:33 Result: found file (/etc/sudoers)
2026-09-22 07:07:33 Test: checking presence /usr/local/etc/sudoers
2026-09-22 07:07:33 Result: file /usr/local/etc/sudoers not found
2026-09-22 07:07:33 Test: checking presence /usr/pkg/etc/sudoers
2026-09-22 07:07:33 Result: file /usr/pkg/etc/sudoers not found
2026-09-22 07:07:33 Result: sudoers file found (/etc/sudoers)
2026-09-22 07:07:33 ====
2026-09-22 07:07:33 Performing test ID AUTH-9252 (Check ownership and permissions for sudo configuration files)
2026-09-22 07:07:33 Test: checking drop-in directory (/etc/sudoers.d)
2026-09-22 07:07:33 Result: Found directory permissions: rwxr-xr-x and owner UID GID: 00
2026-09-22 07:07:33 Result: directory /etc/sudoers.d has possibly unsafe permissions
2026-09-22 07:07:33 Result: directory /etc/sudoers.d ownership OK
2026-09-22 07:07:33 Test: checking file (/etc/sudoers)
2026-09-22 07:07:33 Result: Found file permissions: r--r----- and owner UID GID: 00
2026-09-22 07:07:33 Result: file /etc/sudoers permissions OK
2026-09-22 07:07:33 Result: file /etc/sudoers ownership OK
2026-09-22 07:07:33 Test: checking file (/etc/sudoers.d/README)
2026-09-22 07:07:33 Result: Found file permissions: r--r----- and owner UID GID: 00
2026-09-22 07:07:33 Result: file /etc/sudoers.d/README permissions OK
2026-09-22 07:07:33 Result: file /etc/sudoers.d/README ownership OK
2026-09-22 07:07:33 Test: checking file (/etc/sudoers.d/thasina-ansible)
2026-09-22 07:07:33 Result: Found file permissions: r--r----- and owner UID GID: 00
2026-09-22 07:07:33 Result: file /etc/sudoers.d/thasina-ansible permissions OK
2026-09-22 07:07:33 Result: file /etc/sudoers.d/thasina-ansible ownership OK
2026-09-22 07:07:33 ====
2026-09-22 07:07:33 Skipped test AUTH-9254 (Solaris passwordless accounts)
2026-09-22 07:07:33 Reason to skip: Incorrect guest OS (Solaris only)
2026-09-22 07:07:33 ====
2026-09-22 07:07:33 Performing test ID AUTH-9262 (Checking presence password strength testing tools (PAM))
2026-09-22 07:07:33 Searching PAM password testing modules (cracklib, passwdqc, pwquality)
2026-09-22 07:07:33 Result: found pam_pwquality.so (password quality control PAM) in /lib/x86_64-linux-gnu/security
2026-09-22 07:07:33 Result: pam_cracklib.so NOT found (crack library PAM)
2026-09-22 07:07:33 Result: pam_passwdqc.so NOT found (passwd quality control PAM)
2026-09-22 07:07:33 Result: pam_pwquality.so found
2026-09-22 07:07:33 Result: found at least one PAM module for password strength testing
2026-09-22 07:07:33 Hardening: assigned maximum number of hardening points for this item (3). Currently having 25 points (out of 41)
2026-09-22 07:07:34 ====
2026-09-22 07:07:34 Performing test ID AUTH-9264 (Checking presence pam.conf)
2026-09-22 07:07:34 Test: Checking file /etc/pam.conf
2026-09-22 07:07:34 Result: file /etc/pam.conf exists
2026-09-22 07:07:34 Test: searching PAM configuration files
2026-09-22 07:07:34 Result: File has no configuration options defined (empty, or only filled with comments and empty lines)
2026-09-22 07:07:34 ====
2026-09-22 07:07:34 Performing test ID AUTH-9266 (Checking presence pam.d files)
2026-09-22 07:07:34 Test: Checking directory /etc/pam.d
2026-09-22 07:07:34 Result: directory /etc/pam.d exists
2026-09-22 07:07:34 Test: searching PAM configuration files
2026-09-22 07:07:34 Found file: /etc/pam.d/chfn
2026-09-22 07:07:34 Found file: /etc/pam.d/chpasswd
2026-09-22 07:07:34 Found file: /etc/pam.d/chsh
2026-09-22 07:07:34 Found file: /etc/pam.d/common-account
2026-09-22 07:07:34 Found file: /etc/pam.d/common-auth
2026-09-22 07:07:34 Found file: /etc/pam.d/common-password
2026-09-22 07:07:34 Found file: /etc/pam.d/common-session
2026-09-22 07:07:34 Found file: /etc/pam.d/common-session-noninteractive
2026-09-22 07:07:34 Found file: /etc/pam.d/cron
2026-09-22 07:07:34 Found file: /etc/pam.d/login
2026-09-22 07:07:34 Found file: /etc/pam.d/newusers
2026-09-22 07:07:34 Found file: /etc/pam.d/other
2026-09-22 07:07:34 Found file: /etc/pam.d/passwd
2026-09-22 07:07:34 Found file: /etc/pam.d/remote
2026-09-22 07:07:34 Found file: /etc/pam.d/runuser
2026-09-22 07:07:34 Found file: /etc/pam.d/runuser-l
2026-09-22 07:07:34 Found file: /etc/pam.d/sshd
2026-09-22 07:07:34 Found file: /etc/pam.d/su
2026-09-22 07:07:34 Found file: /etc/pam.d/su-l
2026-09-22 07:07:34 Found file: /etc/pam.d/sudo
2026-09-22 07:07:34 Found file: /etc/pam.d/sudo-i
2026-09-22 07:07:34 Found file: /etc/pam.d/vmtoolsd
2026-09-22 07:07:34 ====
2026-09-22 07:07:34 Performing test ID AUTH-9268 (Checking presence pam.d files)
2026-09-22 07:07:34 Test: Searching pam modules
2026-09-22 07:07:34 Test: Checking /usr/lib/aarch64-linux-gnu/security
2026-09-22 07:07:34 Result: directory /usr/lib/aarch64-linux-gnu/security could not be found or is a symlink to another directory
2026-09-22 07:07:34 Test: Checking /lib/arm-linux-gnueabihf/security
2026-09-22 07:07:34 Result: directory /lib/arm-linux-gnueabihf/security could not be found or is a symlink to another directory
2026-09-22 07:07:34 Test: Checking /lib/i386-linux-gnu/security
2026-09-22 07:07:34 Result: directory /lib/i386-linux-gnu/security could not be found or is a symlink to another directory
2026-09-22 07:07:34 Test: Checking /lib/security
2026-09-22 07:07:34 Result: directory /lib/security could not be found or is a symlink to another directory
2026-09-22 07:07:34 Test: Checking /lib/x86_64-linux-gnu/security
2026-09-22 07:07:34 Result: directory /lib/x86_64-linux-gnu/security exists
2026-09-22 07:07:34 Found file: /lib/x86_64-linux-gnu/security/pam_access.so
2026-09-22 07:07:34 Found file: /lib/x86_64-linux-gnu/security/pam_canonicalize_user.so
2026-09-22 07:07:34 Found file: /lib/x86_64-linux-gnu/security/pam_cap.so
2026-09-22 07:07:34 Found file: /lib/x86_64-linux-gnu/security/pam_debug.so
2026-09-22 07:07:34 Found file: /lib/x86_64-linux-gnu/security/pam_deny.so
2026-09-22 07:07:34 Found file: /lib/x86_64-linux-gnu/security/pam_echo.so
2026-09-22 07:07:34 Found file: /lib/x86_64-linux-gnu/security/pam_env.so
2026-09-22 07:07:34 Found file: /lib/x86_64-linux-gnu/security/pam_exec.so
2026-09-22 07:07:34 Found file: /lib/x86_64-linux-gnu/security/pam_extrausers.so
2026-09-22 07:07:34 Found file: /lib/x86_64-linux-gnu/security/pam_faildelay.so
2026-09-22 07:07:34 Found file: /lib/x86_64-linux-gnu/security/pam_faillock.so
2026-09-22 07:07:34 Found file: /lib/x86_64-linux-gnu/security/pam_filter.so
2026-09-22 07:07:34 Found file: /lib/x86_64-linux-gnu/security/pam_ftp.so
2026-09-22 07:07:34 Found file: /lib/x86_64-linux-gnu/security/pam_group.so
2026-09-22 07:07:34 Found file: /lib/x86_64-linux-gnu/security/pam_issue.so
2026-09-22 07:07:34 Found file: /lib/x86_64-linux-gnu/security/pam_keyinit.so
2026-09-22 07:07:34 Found file: /lib/x86_64-linux-gnu/security/pam_limits.so
2026-09-22 07:07:34 Found file: /lib/x86_64-linux-gnu/security/pam_listfile.so
2026-09-22 07:07:34 Found file: /lib/x86_64-linux-gnu/security/pam_localuser.so
2026-09-22 07:07:34 Found file: /lib/x86_64-linux-gnu/security/pam_loginuid.so
2026-09-22 07:07:34 Found file: /lib/x86_64-linux-gnu/security/pam_mail.so
2026-09-22 07:07:34 Found file: /lib/x86_64-linux-gnu/security/pam_mkhomedir.so
2026-09-22 07:07:34 Found file: /lib/x86_64-linux-gnu/security/pam_motd.so
2026-09-22 07:07:34 Found file: /lib/x86_64-linux-gnu/security/pam_namespace.so
2026-09-22 07:07:34 Found file: /lib/x86_64-linux-gnu/security/pam_nologin.so
2026-09-22 07:07:34 Found file: /lib/x86_64-linux-gnu/security/pam_permit.so
2026-09-22 07:07:34 Found file: /lib/x86_64-linux-gnu/security/pam_pwhistory.so
2026-09-22 07:07:34 Found file: /lib/x86_64-linux-gnu/security/pam_pwquality.so
2026-09-22 07:07:34 Found file: /lib/x86_64-linux-gnu/security/pam_rhosts.so
2026-09-22 07:07:34 Found file: /lib/x86_64-linux-gnu/security/pam_rootok.so
2026-09-22 07:07:34 Found file: /lib/x86_64-linux-gnu/security/pam_securetty.so
2026-09-22 07:07:34 Found file: /lib/x86_64-linux-gnu/security/pam_selinux.so
2026-09-22 07:07:34 Found file: /lib/x86_64-linux-gnu/security/pam_sepermit.so
2026-09-22 07:07:34 Found file: /lib/x86_64-linux-gnu/security/pam_setquota.so
2026-09-22 07:07:34 Found file: /lib/x86_64-linux-gnu/security/pam_shells.so
2026-09-22 07:07:34 Found file: /lib/x86_64-linux-gnu/security/pam_stress.so
2026-09-22 07:07:34 Found file: /lib/x86_64-linux-gnu/security/pam_succeed_if.so
2026-09-22 07:07:34 Found file: /lib/x86_64-linux-gnu/security/pam_systemd.so
2026-09-22 07:07:34 Found file: /lib/x86_64-linux-gnu/security/pam_systemd_loadkey.so
2026-09-22 07:07:34 Found file: /lib/x86_64-linux-gnu/security/pam_time.so
2026-09-22 07:07:34 Found file: /lib/x86_64-linux-gnu/security/pam_timestamp.so
2026-09-22 07:07:34 Found file: /lib/x86_64-linux-gnu/security/pam_tty_audit.so
2026-09-22 07:07:34 Found file: /lib/x86_64-linux-gnu/security/pam_umask.so
2026-09-22 07:07:34 Found file: /lib/x86_64-linux-gnu/security/pam_unix.so
2026-09-22 07:07:34 Found file: /lib/x86_64-linux-gnu/security/pam_userdb.so
2026-09-22 07:07:34 Found file: /lib/x86_64-linux-gnu/security/pam_usertype.so
2026-09-22 07:07:34 Found file: /lib/x86_64-linux-gnu/security/pam_warn.so
2026-09-22 07:07:34 Found file: /lib/x86_64-linux-gnu/security/pam_wheel.so
2026-09-22 07:07:34 Found file: /lib/x86_64-linux-gnu/security/pam_xauth.so
2026-09-22 07:07:34 Test: Checking /lib/powerpc64le-linux-gnu/security
2026-09-22 07:07:34 Result: directory /lib/powerpc64le-linux-gnu/security could not be found or is a symlink to another directory
2026-09-22 07:07:34 Test: Checking /lib64/security
2026-09-22 07:07:34 Result: directory /lib64/security could not be found or is a symlink to another directory
2026-09-22 07:07:34 Test: Checking /usr/lib
2026-09-22 07:07:34 Result: directory /usr/lib exists
2026-09-22 07:07:34 Test: Checking /usr/lib/security
2026-09-22 07:07:34 Result: directory /usr/lib/security could not be found or is a symlink to another directory
2026-09-22 07:07:34 ====
2026-09-22 07:07:34 Performing test ID AUTH-9278 (Determine LDAP support in PAM files)
2026-09-22 07:07:34 Test: checking presence /etc/pam.d/common-auth
2026-09-22 07:07:34 Result: file /etc/pam.d/common-auth exists
2026-09-22 07:07:34 Test: checking presence LDAP module
2026-09-22 07:07:34 Result: LDAP module not found
2026-09-22 07:07:34 Test: checking presence /etc/pam.d/system-auth
2026-09-22 07:07:34 Result: file /etc/pam.d/system-auth not found, skipping test
2026-09-22 07:07:34 ====
2026-09-22 07:07:34 Performing test ID AUTH-9282 (Checking password protected account without expire date)
2026-09-22 07:07:34 Test: Checking Linux version and password expire date status
2026-09-22 07:07:34 Result: found one or more accounts without expire date set
2026-09-22 07:07:34 Account without expire date: thasina
2026-09-22 07:07:34 Suggestion: When possible set expire dates for all password protected accounts [test:AUTH-9282] [details:-] [solution:-]
2026-09-22 07:07:34 ====
2026-09-22 07:07:34 Performing test ID AUTH-9283 (Checking accounts without password)
2026-09-22 07:07:34 Test: Checking passwordless accounts
2026-09-22 07:07:34 Result: all accounts seem to have a password
2026-09-22 07:07:34 ====
2026-09-22 07:07:34 Performing test ID AUTH-9284 (Check locked user accounts in /etc/passwd)
2026-09-22 07:07:35 Test: Checking locked accounts
2026-09-22 07:07:35 Result: all accounts seem to be unlocked
2026-09-22 07:07:35 ====
2026-09-22 07:07:35 Performing test ID AUTH-9286 (Checking user password aging)
2026-09-22 07:07:35 Test: Checking PASS_MIN_DAYS option in /etc/login.defs
2026-09-22 07:07:35 Result: password needs to be at least 7 days old
2026-09-22 07:07:35 Hardening: assigned maximum number of hardening points for this item (3). Currently having 28 points (out of 44)
2026-09-22 07:07:35 Test: Checking PASS_MAX_DAYS option in /etc/login.defs 
2026-09-22 07:07:35 Result: max password age is 90 days
2026-09-22 07:07:35 Hardening: assigned maximum number of hardening points for this item (3). Currently having 31 points (out of 47)
2026-09-22 07:07:35 ====
2026-09-22 07:07:35 Performing test ID AUTH-9288 (Checking for expired passwords)
2026-09-22 07:07:35 Test: check if we can access /etc/shadow (escaped: /etc/shadow)
2026-09-22 07:07:35 Result: file is owned by our current user ID (0), checking if it is readable
2026-09-22 07:07:35 Result: file /etc/shadow is readable (or directory accessible).
2026-09-22 07:07:35 Data: Days since epoch is 20718
2026-09-22 07:07:35 Test: collecting accounts which have an expired password (last day changed + maximum change time)
2026-09-22 07:07:35 Result: good, no passwords have been expired
2026-09-22 07:07:35 Hardening: assigned maximum number of hardening points for this item (10). Currently having 41 points (out of 57)
2026-09-22 07:07:35 ====
2026-09-22 07:07:35 Skipped test AUTH-9304 (Check single user login configuration)
2026-09-22 07:07:35 Reason to skip: Incorrect guest OS (Solaris only)
2026-09-22 07:07:35 ====
2026-09-22 07:07:35 Skipped test AUTH-9306 (Check single boot authentication)
2026-09-22 07:07:35 Reason to skip: Incorrect guest OS (HP-UX only)
2026-09-22 07:07:35 ====
2026-09-22 07:07:35 Performing test ID AUTH-9308 (Check single user login configuration)
2026-09-22 07:07:35 Test: going to check several systemd targets now
2026-09-22 07:07:35 Test: checking if target console-shell.service is available (/lib/systemd/system/console-shell.service)
2026-09-22 07:07:35 Result: target console-shell.service not found
2026-09-22 07:07:35 Test: checking if target emergency.service is available (/lib/systemd/system/emergency.service)
2026-09-22 07:07:35 Result: found target emergency.service
2026-09-22 07:07:35 Result: sulogin was found, which is a good measure to protect single user mode
2026-09-22 07:07:35 Test: checking if target rescue.service is available (/lib/systemd/system/rescue.service)
2026-09-22 07:07:35 Result: found target rescue.service
2026-09-22 07:07:35 Result: sulogin was found, which is a good measure to protect single user mode
2026-09-22 07:07:35 Result: option set, password is needed at single user mode boot
2026-09-22 07:07:35 Hardening: assigned maximum number of hardening points for this item (2). Currently having 43 points (out of 59)
2026-09-22 07:07:35 ====
2026-09-22 07:07:35 Performing test ID AUTH-9328 (Default umask values)
2026-09-22 07:07:35 Test: Checking /etc/profile.d directory
2026-09-22 07:07:35 Result: found /etc/profile.d, with one or more files in it
2026-09-22 07:07:35 Test: Checking /etc/profile
2026-09-22 07:07:35 Result: file /etc/profile exists
2026-09-22 07:07:35 Test: Checking umask value in /etc/profile
2026-09-22 07:07:35 Result: did not find umask in /etc/profile
2026-09-22 07:07:35 Result: found no umask. Please check if this is correct
2026-09-22 07:07:35 Test: Checking umask entries in /etc/passwd (pam_umask)
2026-09-22 07:07:35 Result: file /etc/passwd exists
2026-09-22 07:07:35 Test: Checking umask value in /etc/passwd
2026-09-22 07:07:35 Manual: one or more manual actions are required for further testing of this control/plugin
2026-09-22 07:07:35 Test: Checking /etc/login.defs
2026-09-22 07:07:35 Result: file /etc/login.defs exists
2026-09-22 07:07:35 Test: Checking umask value in /etc/login.defs
2026-09-22 07:07:35 Result: umask is 027, which is fine
2026-09-22 07:07:35 Hardening: assigned maximum number of hardening points for this item (2). Currently having 45 points (out of 61)
2026-09-22 07:07:35 Test: Checking /etc/init.d/functions
2026-09-22 07:07:35 Result: file /etc/init.d/functions does not exist
2026-09-22 07:07:35 Test: Checking /etc/init.d/rc
2026-09-22 07:07:35 Result: file /etc/init.d/rc does not exist
2026-09-22 07:07:35 Test: Checking /etc/init.d/rcS
2026-09-22 07:07:35 Result: file /etc/init.d/rcS does not exist
2026-09-22 07:07:35 ====
2026-09-22 07:07:35 Skipped test AUTH-9340 (Solaris account locking)
2026-09-22 07:07:35 Reason to skip: Incorrect guest OS (Solaris only)
2026-09-22 07:07:35 ====
2026-09-22 07:07:35 Performing test ID AUTH-9402 (Query LDAP authentication support)
2026-09-22 07:07:35 Result: LDAP authentication not enabled
2026-09-22 07:07:35 ====
2026-09-22 07:07:35 Skipped test AUTH-9406 (Query LDAP servers in client configuration)
2026-09-22 07:07:35 Reason to skip: Prerequisites not met (ie missing tool, other type of Linux distribution)
2026-09-22 07:07:35 ====
2026-09-22 07:07:36 Performing test ID AUTH-9408 (Logging of failed login attempts)
2026-09-22 07:07:36 Result: did not find /var/run/faillock directory or /var/log/tallylog file on disk or its file size is zero bytes
2026-09-22 07:07:36 Result: found pam_faillock module on disk
2026-09-22 07:07:36 Outcome: it looks like pam_faillock or pam_tally2 is not configured to log failed login attempts
2026-09-22 07:07:36 Test: Checking FAILLOG_ENAB option in /etc/login.defs 
2026-09-22 07:07:36 Result: failed login attempts may not logged
2026-09-22 07:07:36 Hardening: assigned partial number of hardening points (0 of 1). Currently having 45 points (out of 62)
2026-09-22 07:07:36 ====
2026-09-22 07:07:36 Skipped test AUTH-9409 (Checking /etc/doas.conf file)
2026-09-22 07:07:36 Reason to skip: Incorrect guest OS (OpenBSD only)
2026-09-22 07:07:36 ====
2026-09-22 07:07:36 Skipped test AUTH-9410 (Check /etc/doas.conf file permissions)
2026-09-22 07:07:36 Reason to skip: Incorrect guest OS (OpenBSD only)
2026-09-22 07:07:36 Security check: file is normal
2026-09-22 07:07:36 Checking permissions of /usr/share/lynis/include/tests_kerberos
2026-09-22 07:07:36 File permissions are OK
2026-09-22 07:07:36 ====
2026-09-22 07:07:36 Action: Performing tests from category: Kerberos
2026-09-22 07:07:36 ====
2026-09-22 07:07:36 Performing test ID KRB-1000 (Check for Kerberos KDC tools)
2026-09-22 07:07:36 ====
2026-09-22 07:07:36 Skipped test KRB-1010 (Check that Kerberos principals have passwords that expire)
2026-09-22 07:07:36 Reason to skip: Prerequisites not met (ie missing tool, other type of Linux distribution)
2026-09-22 07:07:36 ====
2026-09-22 07:07:36 Skipped test KRB-1020 (Check last password change for Kerberos principals)
2026-09-22 07:07:36 Reason to skip: Prerequisites not met (ie missing tool, other type of Linux distribution)
2026-09-22 07:07:36 ====
2026-09-22 07:07:36 Skipped test KRB5-1030 (Check that Kerberos principals have a policy associated to them)
2026-09-22 07:07:36 Reason to skip: Prerequisites not met (ie missing tool, other type of Linux distribution)
2026-09-22 07:07:36 ====
2026-09-22 07:07:36 Skipped test KRB5-1040 (Check various attributes for Kerberos principals)
2026-09-22 07:07:36 Reason to skip: Prerequisites not met (ie missing tool, other type of Linux distribution)
2026-09-22 07:07:36 ====
2026-09-22 07:07:36 Skipped test KRB-1050 (Check for weak crypto)
2026-09-22 07:07:36 Reason to skip: Prerequisites not met (ie missing tool, other type of Linux distribution)
2026-09-22 07:07:36 Security check: file is normal
2026-09-22 07:07:36 Checking permissions of /usr/share/lynis/include/tests_shells
2026-09-22 07:07:36 File permissions are OK
2026-09-22 07:07:36 ====
2026-09-22 07:07:36 Action: Performing tests from category: Shells
2026-09-22 07:07:36 ====
2026-09-22 07:07:36 Skipped test SHLL-6202 (Check console TTYs)
2026-09-22 07:07:36 Reason to skip: Incorrect guest OS (FreeBSD only)
2026-09-22 07:07:36 ====
2026-09-22 07:07:36 Performing test ID SHLL-6211 (Available and valid shells)
2026-09-22 07:07:36 Test: Searching for /etc/shells
2026-09-22 07:07:36 Result: Found /etc/shells file
2026-09-22 07:07:36 Test: Reading available shells from /etc/shells
2026-09-22 07:07:36 Found installed shell: /bin/sh
2026-09-22 07:07:36 Found installed shell: /usr/bin/sh
2026-09-22 07:07:36 Found installed shell: /bin/bash
2026-09-22 07:07:36 Found installed shell: /usr/bin/bash
2026-09-22 07:07:36 Found installed shell: /bin/rbash
2026-09-22 07:07:36 Found installed shell: /usr/bin/rbash
2026-09-22 07:07:36 Found installed shell: /usr/bin/dash
2026-09-22 07:07:36 Found installed shell: /usr/bin/screen
2026-09-22 07:07:36 Found installed shell: /usr/bin/tmux
2026-09-22 07:07:36 ====
2026-09-22 07:07:36 Performing test ID SHLL-6220 (Idle session killing tools or settings)
2026-09-22 07:07:36 Test: Search for session timeout tools or settings in shell
2026-09-22 07:07:36 Performing pgrep scan without uid
2026-09-22 07:07:36 IsRunning: process 'timeoutd' not found
2026-09-22 07:07:36 Performing pgrep scan without uid
2026-09-22 07:07:36 IsRunning: process 'autolog' not found
2026-09-22 07:07:36 Result: could not find TMOUT setting in /etc/profile
2026-09-22 07:07:37 Result: could not find export, readonly or typeset -r in /etc/profile
2026-09-22 07:07:37 Result: could not find TMOUT setting in /etc/profile.d/*.sh
2026-09-22 07:07:37 Result: could not find export, readonly or typeset -r in /etc/profile
2026-09-22 07:07:37 Hardening: assigned partial number of hardening points (1 of 3). Currently having 46 points (out of 65)
2026-09-22 07:07:37 ====
2026-09-22 07:07:37 Performing test ID SHLL-6230 (Perform umask check for shell configurations)
2026-09-22 07:07:37 Result: file /etc/bashrc not found
2026-09-22 07:07:37 Result: file /etc/bash.bashrc exists
2026-09-22 07:07:37 Result: did not find umask configured in /etc/bash.bashrc
2026-09-22 07:07:37 Result: file /etc/bash.bashrc.local not found
2026-09-22 07:07:37 Result: file /etc/csh.cshrc not found
2026-09-22 07:07:37 Result: file /etc/profile exists
2026-09-22 07:07:37 Result: did not find umask configured in /etc/profile
2026-09-22 07:07:37 Security check: file is normal
2026-09-22 07:07:37 Checking permissions of /usr/share/lynis/include/tests_filesystems
2026-09-22 07:07:37 File permissions are OK
2026-09-22 07:07:37 ====
2026-09-22 07:07:37 Action: Performing tests from category: File systems
2026-09-22 07:07:37 ====
2026-09-22 07:07:37 Performing test ID FILE-6310 (Checking /tmp, /home and /var directory)
2026-09-22 07:07:37 Test: Checking if /home is mounted separately or mounted on / file system
2026-09-22 07:07:37 Result: directory /home exists
2026-09-22 07:07:37 Result: /home not found in mount list. Directory most likely stored on / file system
2026-09-22 07:07:37 Suggestion: To decrease the impact of a full /home file system, place /home on a separate partition [test:FILE-6310] [details:-] [solution:-]
2026-09-22 07:07:37 Hardening: assigned partial number of hardening points (9 of 10). Currently having 55 points (out of 75)
2026-09-22 07:07:37 Test: Checking if /tmp is mounted separately or mounted on / file system
2026-09-22 07:07:37 Result: directory /tmp exists
2026-09-22 07:07:37 Result: found /tmp as a separated mount point
2026-09-22 07:07:37 Hardening: assigned maximum number of hardening points for this item (10). Currently having 65 points (out of 85)
2026-09-22 07:07:37 Test: Checking if /var is mounted separately or mounted on / file system
2026-09-22 07:07:37 Result: directory /var exists
2026-09-22 07:07:37 Result: /var not found in mount list. Directory most likely stored on / file system
2026-09-22 07:07:37 Suggestion: To decrease the impact of a full /var file system, place /var on a separate partition [test:FILE-6310] [details:-] [solution:-]
2026-09-22 07:07:37 Hardening: assigned partial number of hardening points (9 of 10). Currently having 74 points (out of 95)
2026-09-22 07:07:37 ====
2026-09-22 07:07:37 Performing test ID FILE-6311 (Checking LVM volume groups)
2026-09-22 07:07:37 Test: Checking for LVM volume groups
2026-09-22 07:07:37 Result: found one or more volume groups
2026-09-22 07:07:37 Found LVM volume group: ubuntu-vg
2026-09-22 07:07:37 ====
2026-09-22 07:07:37 Performing test ID FILE-6312 (Checking LVM volumes)
2026-09-22 07:07:37 Test: Checking for LVM volumes
2026-09-22 07:07:37 Result: found one or more volumes
2026-09-22 07:07:37 Found LVM volume: ubuntu-lv
2026-09-22 07:07:37 ====
2026-09-22 07:07:37 Performing test ID FILE-6323 (Checking EXT file systems)
2026-09-22 07:07:37 Test: Checking for Linux EXT file systems
2026-09-22 07:07:37 Result: found one or more EXT file systems
2026-09-22 07:07:37 File system: / (type: ext4)
2026-09-22 07:07:37 File system: /boot (type: ext4)
2026-09-22 07:07:37 ====
2026-09-22 07:07:37 Performing test ID FILE-6324 (Checking XFS file systems)
2026-09-22 07:07:37 Test: Checking for Linux XFS file systems
2026-09-22 07:07:37 Result: no XFS file systems found
2026-09-22 07:07:37 ====
2026-09-22 07:07:37 Performing test ID FILE-6329 (Checking FFS/UFS file systems)
2026-09-22 07:07:37 Test: Query /etc/fstab for available FFS/UFS mount points
2026-09-22 07:07:37 Result: unable to find any single mount point (FFS/UFS)
2026-09-22 07:07:37 ====
2026-09-22 07:07:37 Skipped test FILE-6330 (Checking ZFS file systems)
2026-09-22 07:07:37 Reason to skip: Incorrect guest OS (FreeBSD only)
2026-09-22 07:07:37 ====
2026-09-22 07:07:38 Skipped test FILE-6439 (Checking HAMMER PFS mounts)
2026-09-22 07:07:38 Reason to skip: Incorrect guest OS (DragonFly only)
2026-09-22 07:07:38 ====
2026-09-22 07:07:38 Performing test ID FILE-6332 (Checking swap partitions)
2026-09-22 07:07:38 Test: query swap partitions from /etc/fstab file
2026-09-22 07:07:38 Swap partition found: /swap.img
2026-09-22 07:07:38 ====
2026-09-22 07:07:38 Performing test ID FILE-6336 (Checking swap mount options)
2026-09-22 07:07:38 Test: check swap partitions with incorrect mount options
2026-09-22 07:07:38 Result: all swap partitions have correct options (sw or swap)
2026-09-22 07:07:38 ====
2026-09-22 07:07:38 Performing test ID FILE-6344 (Checking proc mount options)
2026-09-22 07:07:38 Test: check proc mount with incorrect mount options
2026-09-22 07:07:38 Hardening: assigned partial number of hardening points (0 of 3). Currently having 74 points (out of 98)
2026-09-22 07:07:38 Result: /proc filesystem is not mounted with option hidepid=1 or hidepid=2
2026-09-22 07:07:38 ====
2026-09-22 07:07:38 Performing test ID FILE-6354 (Searching for old files in /tmp)
2026-09-22 07:07:38 Test: Searching for old files in /tmp
2026-09-22 07:07:38 Result: no files found in /tmp which are older than 3 months
2026-09-22 07:07:38 ====
2026-09-22 07:07:38 Performing test ID FILE-6362 (Checking /tmp sticky bit)
2026-09-22 07:07:38 Result: sticky bit found on /tmp directory
2026-09-22 07:07:38 Hardening: assigned maximum number of hardening points for this item (3). Currently having 77 points (out of 101)
2026-09-22 07:07:38 ====
2026-09-22 07:07:38 Performing test ID FILE-6363 (Checking /var/tmp sticky bit)
2026-09-22 07:07:38 Result: sticky bit found on /var/tmp directory
2026-09-22 07:07:38 Hardening: assigned maximum number of hardening points for this item (3). Currently having 80 points (out of 104)
2026-09-22 07:07:38 ====
2026-09-22 07:07:38 Performing test ID FILE-6368 (Checking ACL support on root file system)
2026-09-22 07:07:38 Test: Checking acl option on ext[2-4] root file system
2026-09-22 07:07:38 Result: mount point probably mounted with defaults
2026-09-22 07:07:38 Test: Checking device which holds root file system
2026-09-22 07:07:38 Result: found /dev/mapper/ubuntu--vg-ubuntu--lv
2026-09-22 07:07:38 Test: Checking default options on /dev/mapper/ubuntu--vg-ubuntu--lv
2026-09-22 07:07:38 Result: found ACL option in default mount options
2026-09-22 07:07:38 Test: Checking acl option on xfs root file system
2026-09-22 07:07:38 Result: ACL option enabled on root file system
2026-09-22 07:07:38 Hardening: assigned maximum number of hardening points for this item (3). Currently having 83 points (out of 107)
2026-09-22 07:07:38 ====
2026-09-22 07:07:38 Performing test ID FILE-6372 (Checking / mount options)
2026-09-22 07:07:38 Result: mount system / is configured with options: defaults
2026-09-22 07:07:38 ====
2026-09-22 07:07:38 Performing test ID FILE-6374 (Linux mount options)
2026-09-22 07:07:38 File system:    /boot
2026-09-22 07:07:38 Expected flags: nodev noexec nosuid
2026-09-22 07:07:38 Found flags:    defaults 
2026-09-22 07:07:38 Result: Could not find mount option nodev on file system /boot
2026-09-22 07:07:38 Result: Could not find mount option noexec on file system /boot
2026-09-22 07:07:38 Result: Could not find mount option nosuid on file system /boot
2026-09-22 07:07:38 Result: marked /boot options as default (not hardened)
2026-09-22 07:07:38 Hardening: assigned partial number of hardening points (3 of 5). Currently having 86 points (out of 112)
2026-09-22 07:07:38 File system:    /dev
2026-09-22 07:07:38 Expected flags: noexec nosuid
2026-09-22 07:07:38 Found flags:    (rw nosuid size=803056k nr_inodes=200764 mode=755 inode64) 
2026-09-22 07:07:38 Result: Could not find mount option noexec on file system /dev
2026-09-22 07:07:38 Result: GOOD, found mount option nosuid on file system /dev
2026-09-22 07:07:38 Result: marked /dev as partially hardened
2026-09-22 07:07:38 Hardening: assigned partial number of hardening points (4 of 5). Currently having 90 points (out of 117)
2026-09-22 07:07:38 File system:    /dev/shm
2026-09-22 07:07:38 Expected flags: nosuid nodev noexec
2026-09-22 07:07:38 Found flags:    (rw nosuid nodev inode64 usrquota) 
2026-09-22 07:07:38 Result: GOOD, found mount option nosuid on file system /dev/shm
2026-09-22 07:07:38 Result: GOOD, found mount option nodev on file system /dev/shm
2026-09-22 07:07:38 Result: Could not find mount option noexec on file system /dev/shm
2026-09-22 07:07:38 Result: marked /dev/shm as partially hardened
2026-09-22 07:07:38 Hardening: assigned partial number of hardening points (4 of 5). Currently having 94 points (out of 122)
2026-09-22 07:07:39 Result: file system /home not found in /etc/fstab
2026-09-22 07:07:39 File system:    /run
2026-09-22 07:07:39 Expected flags: nodev nosuid
2026-09-22 07:07:39 Found flags:    (rw nosuid nodev size=336396k nr_inodes=819200 mode=755 inode64) 
2026-09-22 07:07:39 Result: GOOD, found mount option nodev on file system /run
2026-09-22 07:07:39 Result: GOOD, found mount option nosuid on file system /run
2026-09-22 07:07:39 Result: marked /run as fully hardened
2026-09-22 07:07:39 Hardening: assigned maximum number of hardening points for this item (5). Currently having 99 points (out of 127)
2026-09-22 07:07:39 File system:    /tmp
2026-09-22 07:07:39 Expected flags: nodev noexec nosuid
2026-09-22 07:07:39 Found flags:    (rw nosuid nodev size=840988k nr_inodes=1048576 inode64 usrquota) 
2026-09-22 07:07:39 Result: GOOD, found mount option nodev on file system /tmp
2026-09-22 07:07:39 Result: Could not find mount option noexec on file system /tmp
2026-09-22 07:07:39 Result: GOOD, found mount option nosuid on file system /tmp
2026-09-22 07:07:39 Result: marked /tmp as partially hardened
2026-09-22 07:07:39 Hardening: assigned partial number of hardening points (4 of 5). Currently having 103 points (out of 132)
2026-09-22 07:07:39 Result: file system /var not found in /etc/fstab
2026-09-22 07:07:39 Result: file system /var/log not found in /etc/fstab
2026-09-22 07:07:39 Result: file system /var/log/audit not found in /etc/fstab
2026-09-22 07:07:39 Result: file system /var/tmp not found in /etc/fstab
2026-09-22 07:07:39 Result: Total without nodev:5 noexec:9 nosuid:3 ro or noexec (W^X): 9, of total 27
2026-09-22 07:07:39 ====
2026-09-22 07:07:39 Performing test ID FILE-6376 (Determine if /var/tmp is bound to /tmp)
2026-09-22 07:07:39 Result: no mount point /var/tmp or expected options found
2026-09-22 07:07:39 ====
2026-09-22 07:07:39 Performing test ID FILE-6394 (Determine level of swappiness.)
2026-09-22 07:07:39 Test: checking level of vm.swappiness: 60
2026-09-22 07:07:39 Result: vm.swappiness=60 which is the standard level of swappiness and works well for desktop systems.
2026-09-22 07:07:39 ====
2026-09-22 07:07:39 Skipped test FILE-6410 (Checking Locate database)
2026-09-22 07:07:39 Reason to skip: Prerequisites not met (ie missing tool, other type of Linux distribution)
2026-09-22 07:07:39 ====
2026-09-22 07:07:39 Performing test ID FILE-6430 (Disable mounting of some filesystems)
2026-09-22 07:07:39 Result: found cramfs support in the kernel (output = insmod /lib/modules/7.0.0-31-generic/kernel/fs/cramfs/cramfs.ko.zst )
2026-09-22 07:07:39 Test: Checking if cramfs is active
2026-09-22 07:07:39 Result: module cramfs is currently not loaded in the kernel.
2026-09-22 07:07:39 Hardening: assigned partial number of hardening points (2 of 3). Currently having 105 points (out of 135)
2026-09-22 07:07:39 Result: directory /etc/modprobe.d exists
2026-09-22 07:07:39 Result: directory /usr/lib/modprobe.d exists
2026-09-22 07:07:39 Result: found freevxfs support in the kernel (output = insmod /lib/modules/7.0.0-31-generic/kernel/fs/freevxfs/freevxfs.ko.zst )
2026-09-22 07:07:39 Test: Checking if freevxfs is active
2026-09-22 07:07:39 Result: module freevxfs is currently not loaded in the kernel.
2026-09-22 07:07:39 Hardening: assigned partial number of hardening points (2 of 3). Currently having 107 points (out of 138)
2026-09-22 07:07:39 Result: directory /etc/modprobe.d exists
2026-09-22 07:07:39 Result: directory /usr/lib/modprobe.d exists
2026-09-22 07:07:39 Result: found hfs support in the kernel (output = insmod /lib/modules/7.0.0-31-generic/kernel/fs/hfs/hfs.ko.zst )
2026-09-22 07:07:39 Test: Checking if hfs is active
2026-09-22 07:07:39 Result: module hfs is currently not loaded in the kernel.
2026-09-22 07:07:39 Hardening: assigned partial number of hardening points (2 of 3). Currently having 109 points (out of 141)
2026-09-22 07:07:39 Result: directory /etc/modprobe.d exists
2026-09-22 07:07:39 Result: directory /usr/lib/modprobe.d exists
2026-09-22 07:07:39 Result: found hfsplus support in the kernel (output = insmod /lib/modules/7.0.0-31-generic/kernel/fs/hfsplus/hfsplus.ko.zst )
2026-09-22 07:07:39 Test: Checking if hfsplus is active
2026-09-22 07:07:39 Result: module hfsplus is currently not loaded in the kernel.
2026-09-22 07:07:39 Hardening: assigned partial number of hardening points (2 of 3). Currently having 111 points (out of 144)
2026-09-22 07:07:39 Result: directory /etc/modprobe.d exists
2026-09-22 07:07:39 Result: directory /usr/lib/modprobe.d exists
2026-09-22 07:07:39 Result: found jffs2 support in the kernel (output = insmod /lib/modules/7.0.0-31-generic/kernel/fs/jffs2/jffs2.ko.zst )
2026-09-22 07:07:39 Test: Checking if jffs2 is active
2026-09-22 07:07:39 Result: module jffs2 is currently not loaded in the kernel.
2026-09-22 07:07:39 Hardening: assigned partial number of hardening points (2 of 3). Currently having 113 points (out of 147)
2026-09-22 07:07:39 Result: directory /etc/modprobe.d exists
2026-09-22 07:07:39 Result: directory /usr/lib/modprobe.d exists
2026-09-22 07:07:39 Hardening: assigned maximum number of hardening points for this item (3). Currently having 116 points (out of 150)
2026-09-22 07:07:39 Result: directory /etc/modprobe.d exists
2026-09-22 07:07:39 Result: directory /usr/lib/modprobe.d exists
2026-09-22 07:07:39 Result: found udf support in the kernel (output = insmod /lib/modules/7.0.0-31-generic/kernel/fs/udf/udf.ko.zst )
2026-09-22 07:07:39 Test: Checking if udf is active
2026-09-22 07:07:39 Result: module udf is currently not loaded in the kernel.
2026-09-22 07:07:39 Hardening: assigned partial number of hardening points (2 of 3). Currently having 118 points (out of 153)
2026-09-22 07:07:39 Result: directory /etc/modprobe.d exists
2026-09-22 07:07:39 Result: directory /usr/lib/modprobe.d exists
2026-09-22 07:07:39 Security check: file is normal
2026-09-22 07:07:39 Checking permissions of /usr/share/lynis/include/tests_usb
2026-09-22 07:07:40 File permissions are OK
2026-09-22 07:07:40 ====
2026-09-22 07:07:40 Action: Performing tests from category: USB Devices
2026-09-22 07:07:40 ====
2026-09-22 07:07:40 Performing test ID USB-1000 (Check if USB storage is disabled)
2026-09-22 07:07:40 Test: Checking USB storage driver in directory /etc/modprobe.d and configuration file /etc/modprobe.conf
2026-09-22 07:07:40 Result: usb-storage driver is not explicitly disabled
2026-09-22 07:07:40 Suggestion: Disable drivers like USB storage when not used, to prevent unauthorized storage or data theft [test:USB-1000] [details:-] [solution:-]
2026-09-22 07:07:40 Hardening: assigned partial number of hardening points (2 of 3). Currently having 120 points (out of 156)
2026-09-22 07:07:40 ====
2026-09-22 07:07:40 Performing test ID USB-2000 (Check USB authorizations)
2026-09-22 07:07:40 Test: checking presence of USB devices path (/sys/bus/usb/devices)
2026-09-22 07:07:40 Test: Checking USB devices authorization to connect to the system
2026-09-22 07:07:40 Test: /sys/bus/usb/devices/usb1 is authorized by default (authorized_default=1)
2026-09-22 07:07:40 Test: /sys/bus/usb/devices/usb1 is authorized currently (authorized=1)
2026-09-22 07:07:40 Test: /sys/bus/usb/devices/usb2 is authorized by default (authorized_default=1)
2026-09-22 07:07:40 Test: /sys/bus/usb/devices/usb2 is authorized currently (authorized=1)
2026-09-22 07:07:40 Result: Some USB devices are authorized by default (or temporary) to connect to the system
2026-09-22 07:07:40 Hardening: assigned partial number of hardening points (0 of 3). Currently having 120 points (out of 159)
2026-09-22 07:07:40 ====
2026-09-22 07:07:40 Performing test ID USB-3000 (Check for presence of USBGuard)
2026-09-22 07:07:40 Result: USBGuard not found
2026-09-22 07:07:40 Hardening: assigned partial number of hardening points (0 of 8). Currently having 120 points (out of 167)
2026-09-22 07:07:40 Security check: file is normal
2026-09-22 07:07:40 Checking permissions of /usr/share/lynis/include/tests_storage
2026-09-22 07:07:40 File permissions are OK
2026-09-22 07:07:40 ====
2026-09-22 07:07:40 Action: Performing tests from category: Storage
2026-09-22 07:07:40 ====
2026-09-22 07:07:40 Performing test ID STRG-1846 (Check if firewire storage is disabled)
2026-09-22 07:07:40 Test: Checking firewire storage driver in directory /etc/modprobe.d and configuration file /etc/modprobe.conf
2026-09-22 07:07:40 Result: found firewire ohci driver in disabled state
2026-09-22 07:07:40 Result: firewire ohci driver is disabled
2026-09-22 07:07:40 Hardening: assigned maximum number of hardening points for this item (3). Currently having 123 points (out of 170)
2026-09-22 07:07:40 Security check: file is normal
2026-09-22 07:07:40 Checking permissions of /usr/share/lynis/include/tests_storage_nfs
2026-09-22 07:07:40 File permissions are OK
2026-09-22 07:07:40 ====
2026-09-22 07:07:40 Action: Performing tests from category: NFS
2026-09-22 07:07:40 ====
2026-09-22 07:07:40 Skipped test STRG-1902 (Check rpcinfo registered programs)
2026-09-22 07:07:40 Reason to skip: Prerequisites not met (ie missing tool, other type of Linux distribution)
2026-09-22 07:07:40 ====
2026-09-22 07:07:40 Skipped test STRG-1904 (Check nfs rpc)
2026-09-22 07:07:40 Reason to skip: Prerequisites not met (ie missing tool, other type of Linux distribution)
2026-09-22 07:07:40 ====
2026-09-22 07:07:40 Skipped test STRG-1906 (Check nfs rpc)
2026-09-22 07:07:40 Reason to skip: Prerequisites not met (ie missing tool, other type of Linux distribution)
2026-09-22 07:07:40 ====
2026-09-22 07:07:40 Performing test ID STRG-1920 (Checking NFS daemon)
2026-09-22 07:07:40 Test: Checking running NFS daemon
2026-09-22 07:07:40 Output: NFS daemon is not running
2026-09-22 07:07:40 ====
2026-09-22 07:07:40 Skipped test STRG-1926 (Checking NFS exports)
2026-09-22 07:07:40 Reason to skip: Prerequisites not met (ie missing tool, other type of Linux distribution)
2026-09-22 07:07:40 ====
2026-09-22 07:07:40 Skipped test STRG-1928 (Checking empty /etc/exports)
2026-09-22 07:07:40 Reason to skip: Prerequisites not met (ie missing tool, other type of Linux distribution)
2026-09-22 07:07:40 ====
2026-09-22 07:07:40 Skipped test STRG-1930 (Check client access to nfs share)
2026-09-22 07:07:40 Reason to skip: Prerequisites not met (ie missing tool, other type of Linux distribution)
2026-09-22 07:07:40 Security check: file is normal
2026-09-22 07:07:40 Checking permissions of /usr/share/lynis/include/tests_nameservices
2026-09-22 07:07:40 File permissions are OK
2026-09-22 07:07:40 ====
2026-09-22 07:07:40 Action: Performing tests from category: Name services
2026-09-22 07:07:40 ====
2026-09-22 07:07:41 Performing test ID NAME-4016 (Check /etc/resolv.conf default domain)
2026-09-22 07:07:41 Test: check /etc/resolv.conf for default domain
2026-09-22 07:07:41 Result: /etc/resolv.conf found
2026-09-22 07:07:41 Result: no default domain found
2026-09-22 07:07:41 ====
2026-09-22 07:07:41 Performing test ID NAME-4018 (Check /etc/resolv.conf search domains)
2026-09-22 07:07:41 Test: check /etc/resolv.conf for search domains
2026-09-22 07:07:41 Result: /etc/resolv.conf found
2026-09-22 07:07:41 Found search domain: .
2026-09-22 07:07:41 Result: Found 1 search domains
2026-09-22 07:07:41 Result: found 1 line(s) with a search statement (expecting less than 2 lines)
2026-09-22 07:07:41 ====
2026-09-22 07:07:41 Performing test ID NAME-4020 (Check non default options)
2026-09-22 07:07:41 Test: check /etc/resolv.conf for non default options
2026-09-22 07:07:41 Result: /etc/resolv.conf found
2026-09-22 07:07:41 Found option: edns0
2026-09-22 07:07:41 ====
2026-09-22 07:07:41 Skipped test NAME-4024 (Solaris uname -n output)
2026-09-22 07:07:41 Reason to skip: Incorrect guest OS (Solaris only)
2026-09-22 07:07:41 ====
2026-09-22 07:07:41 Skipped test NAME-4026 (Check /etc/nodename)
2026-09-22 07:07:41 Reason to skip: Incorrect guest OS (Solaris only)
2026-09-22 07:07:41 ====
2026-09-22 07:07:41 Performing test ID NAME-4028 (Check domain name)
2026-09-22 07:07:41 Test: Checking if dnsdomainname command is available
2026-09-22 07:07:41 Result: dnsdomainname command returned no value
2026-09-22 07:07:41 Result: using domain name from FQDN hostname (thasina)
2026-09-22 07:07:41 Suggestion: Check DNS configuration for the dns domain name [test:NAME-4028] [details:-] [solution:-]
2026-09-22 07:07:41 ====
2026-09-22 07:07:41 Performing test ID NAME-4032 (Check nscd status)
2026-09-22 07:07:41 Test: checking nscd status
2026-09-22 07:07:41 Performing pgrep scan without uid
2026-09-22 07:07:41 IsRunning: process 'nscd' not found
2026-09-22 07:07:41 Result: nscd is not running
2026-09-22 07:07:41 ====
2026-09-22 07:07:41 Performing test ID NAME-4034 (Check Unbound status)
2026-09-22 07:07:41 Test: checking Unbound (unbound) status
2026-09-22 07:07:41 Performing pgrep scan without uid
2026-09-22 07:07:41 IsRunning: process 'unbound' not found
2026-09-22 07:07:41 Result: Unbound daemon is not running
2026-09-22 07:07:41 ====
2026-09-22 07:07:41 Skipped test NAME-4036 (Check Unbound configuration file)
2026-09-22 07:07:41 Reason to skip: Prerequisites not met (ie missing tool, other type of Linux distribution)
2026-09-22 07:07:41 ====
2026-09-22 07:07:41 Performing test ID NAME-4202 (Check BIND status)
2026-09-22 07:07:41 Test: Checking for running BIND instance
2026-09-22 07:07:41 Performing pgrep scan without uid
2026-09-22 07:07:41 IsRunning: process 'named' not found
2026-09-22 07:07:41 Result: BIND not running
2026-09-22 07:07:41 ====
2026-09-22 07:07:41 Skipped test NAME-4204 (Search BIND configuration file)
2026-09-22 07:07:41 Reason to skip: Prerequisites not met (ie missing tool, other type of Linux distribution)
2026-09-22 07:07:41 ====
2026-09-22 07:07:41 Skipped test NAME-4206 (Check BIND configuration consistency)
2026-09-22 07:07:41 Reason to skip: Prerequisites not met (ie missing tool, other type of Linux distribution)
2026-09-22 07:07:41 ====
2026-09-22 07:07:41 Skipped test NAME-4210 (Check DNS banner)
2026-09-22 07:07:41 Reason to skip: Prerequisites not met (ie missing tool, other type of Linux distribution)
2026-09-22 07:07:41 ====
2026-09-22 07:07:41 Performing test ID NAME-4230 (Check PowerDNS status)
2026-09-22 07:07:41 Test: Checking for running PowerDNS instance
2026-09-22 07:07:41 Performing pgrep scan without uid
2026-09-22 07:07:41 IsRunning: process 'pdns_server' not found
2026-09-22 07:07:41 Result: PowerDNS not running
2026-09-22 07:07:41 ====
2026-09-22 07:07:41 Skipped test NAME-4232 (Search PowerDNS configuration file)
2026-09-22 07:07:41 Reason to skip: Prerequisites not met (ie missing tool, other type of Linux distribution)
2026-09-22 07:07:41 ====
2026-09-22 07:07:41 Skipped test NAME-4236 (Check PowerDNS backends)
2026-09-22 07:07:41 Reason to skip: Prerequisites not met (ie missing tool, other type of Linux distribution)
2026-09-22 07:07:41 ====
2026-09-22 07:07:41 Skipped test NAME-4238 (Check PowerDNS authoritative status)
2026-09-22 07:07:41 Reason to skip: Prerequisites not met (ie missing tool, other type of Linux distribution)
2026-09-22 07:07:41 ====
2026-09-22 07:07:41 Performing test ID NAME-4304 (Check NIS ypbind status)
2026-09-22 07:07:41 Test: Checking status of ypbind daemon
2026-09-22 07:07:41 Performing pgrep scan without uid
2026-09-22 07:07:41 IsRunning: process 'ypbind' not found
2026-09-22 07:07:41 Result: ypbind is not active
2026-09-22 07:07:41 ====
2026-09-22 07:07:42 Skipped test NAME-4306 (Check NIS domain)
2026-09-22 07:07:42 Reason to skip: Prerequisites not met (ie missing tool, other type of Linux distribution)
2026-09-22 07:07:42 ====
2026-09-22 07:07:42 Performing test ID NAME-4402 (Check duplicate line in /etc/hosts)
2026-09-22 07:07:42 Test: check duplicate line in /etc/hosts
2026-09-22 07:07:42 Result: OK, no duplicate lines found
2026-09-22 07:07:42 ====
2026-09-22 07:07:42 Performing test ID NAME-4404 (Check /etc/hosts contains an entry for this server name)
2026-09-22 07:07:42 Test: Check /etc/hosts contains an entry for this server name
2026-09-22 07:07:42 Result: Found entry for thasina in /etc/hosts
2026-09-22 07:07:42 ====
2026-09-22 07:07:42 Performing test ID NAME-4406 (Check server hostname mapping)
2026-09-22 07:07:42 Test: Check server hostname not locally mapped in /etc/hosts
2026-09-22 07:07:42 Result: this server hostname is not mapped to a local address
2026-09-22 07:07:42 ====
2026-09-22 07:07:42 Performing test ID NAME-4408 (Check localhost entry)
2026-09-22 07:07:42 Test: Check server hostname not locally mapped in /etc/hosts
2026-09-22 07:07:42 Result: localhost mapped to ::1
2026-09-22 07:07:42 Security check: file is normal
2026-09-22 07:07:42 Checking permissions of /usr/share/lynis/include/tests_dns
2026-09-22 07:07:42 File permissions are OK
2026-09-22 07:07:42 Security check: file is normal
2026-09-22 07:07:42 Checking permissions of /usr/share/lynis/include/tests_ports_packages
2026-09-22 07:07:42 File permissions are OK
2026-09-22 07:07:42 ====
2026-09-22 07:07:42 Action: Performing tests from category: Ports and packages
2026-09-22 07:07:42 ====
2026-09-22 07:07:42 Skipped test PKGS-7200 (Querying apk)
2026-09-22 07:07:42 Reason to skip: Prerequisites not met (ie missing tool, other type of Linux distribution)
2026-09-22 07:07:42 Result: apk NOT
2026-09-22 07:07:42 ====
2026-09-22 07:07:42 Skipped test PKGS-7301 (Query FreeBSD pkg)
2026-09-22 07:07:42 Reason to skip: Prerequisites not met (ie missing tool, other type of Linux distribution)
2026-09-22 07:07:42 ====
2026-09-22 07:07:42 Skipped test PKGS-7302 (Query FreeBSD/NetBSD pkg_info)
2026-09-22 07:07:42 Reason to skip: Prerequisites not met (ie missing tool, other type of Linux distribution)
2026-09-22 07:07:42 ====
2026-09-22 07:07:42 Skipped test PKGS-7303 (Query brew package manager)
2026-09-22 07:07:42 Reason to skip: Prerequisites not met (ie missing tool, other type of Linux distribution)
2026-09-22 07:07:42 Result: brew can NOT be found on this system
2026-09-22 07:07:42 ====
2026-09-22 07:07:42 Skipped test PKGS-7304 (Querying Gentoo packages)
2026-09-22 07:07:42 Reason to skip: Prerequisites not met (ie missing tool, other type of Linux distribution)
2026-09-22 07:07:42 Result: emerge can NOT be found on this system
2026-09-22 07:07:42 ====
2026-09-22 07:07:42 Skipped test PKGS-7305 (Query macOS Apps in /Applications and CoreServices)
2026-09-22 07:07:42 Reason to skip: Incorrect guest OS (macOS only)
2026-09-22 07:07:42 ====
2026-09-22 07:07:42 Skipped test PKGS-7306 (Querying Solaris packages)
2026-09-22 07:07:42 Reason to skip: Incorrect guest OS (Solaris only)
2026-09-22 07:07:42 Result: pkginfo can NOT be found on this system
2026-09-22 07:07:42 ====
2026-09-22 07:07:42 Skipped test PKGS-7308 (Checking package list with RPM)
2026-09-22 07:07:42 Reason to skip: Prerequisites not met (ie missing tool, other type of Linux distribution)
2026-09-22 07:07:42 Result: RPM binary NOT found on this system, test skipped
2026-09-22 07:07:42 ====
2026-09-22 07:07:42 Skipped test PKGS-7310 (Checking package list with pacman)
2026-09-22 07:07:42 Reason to skip: Prerequisites not met (ie missing tool, other type of Linux distribution)
2026-09-22 07:07:42 ====
2026-09-22 07:07:42 Skipped test PKGS-7312 (Checking available updates for pacman based system)
2026-09-22 07:07:42 Reason to skip: Prerequisites not met (ie missing tool, other type of Linux distribution)
2026-09-22 07:07:42 Result: pacman binary NOT found on this system, test skipped
2026-09-22 07:07:42 ====
2026-09-22 07:07:42 Skipped test PKGS-7314 (Checking pacman configuration options)
2026-09-22 07:07:42 Reason to skip: Prerequisites not met (ie missing tool, other type of Linux distribution)
2026-09-22 07:07:42 ====
2026-09-22 07:07:42 Skipped test PKGS-7320 (Checking for arch-audit tooling)
2026-09-22 07:07:42 Reason to skip: Test only applies to Arch Linux and Garuda Linux
2026-09-22 07:07:42 ====
2026-09-22 07:07:43 Skipped test PKGS-7322 (Discover vulnerable packages with arch-audit)
2026-09-22 07:07:43 Reason to skip: arch-audit not found
2026-09-22 07:07:43 ====
2026-09-22 07:07:43 Skipped test PKGS-7328 (Querying Zypper for installed packages)
2026-09-22 07:07:43 Reason to skip: Prerequisites not met (ie missing tool, other type of Linux distribution)
2026-09-22 07:07:43 ====
2026-09-22 07:07:43 Skipped test PKGS-7330 (Querying Zypper for vulnerable packages)
2026-09-22 07:07:43 Reason to skip: Prerequisites not met (ie missing tool, other type of Linux distribution)
2026-09-22 07:07:43 ====
2026-09-22 07:07:43 Skipped test PKGS-7332 (Query macOS ports)
2026-09-22 07:07:43 Reason to skip: Incorrect guest OS (macOS only)
2026-09-22 07:07:43 ====
2026-09-22 07:07:43 Skipped test PKGS-7334 (Query port for port upgrades)
2026-09-22 07:07:43 Reason to skip: Incorrect guest OS (macOS only)
2026-09-22 07:07:43 ====
2026-09-22 07:07:43 Performing test ID PKGS-7345 (Querying dpkg)
2026-09-22 07:07:43 Result: Found dpkg binary
2026-09-22 07:07:43 Test: Querying dpkg -l to get package list
2026-09-22 07:07:43 Output:
2026-09-22 07:07:43 Found package: 3cpio (version: 0.14.0-1ubuntu1)
2026-09-22 07:07:43 Found package: adduser (version: 3.153ubuntu1)
2026-09-22 07:07:43 Found package: amd64-microcode (version: 3.20251202.1ubuntu2)
2026-09-22 07:07:43 Found package: ansible (version: 13.1.0+dfsg-1ubuntu1)
2026-09-22 07:07:43 Found package: ansible-core (version: 2.20.1-1)
2026-09-22 07:07:43 Found package: apparmor (version: 5.0.0~beta1-0ubuntu7)
2026-09-22 07:07:43 Found package: apport (version: 2.34.0-0ubuntu2)
2026-09-22 07:07:43 Found package: apport-core-dump-handler (version: 2.34.0-0ubuntu2)
2026-09-22 07:07:43 Found package: apport-symptoms (version: 0.25build1)
2026-09-22 07:07:43 Found package: appstream (version: 1.1.2-1)
2026-09-22 07:07:43 Found package: apt (version: 3.2.0)
2026-09-22 07:07:43 Found package: auditd (version: 1:4.1.2-1ubuntu0.1)
2026-09-22 07:07:43 Found package: base-files (version: 14ubuntu6)
2026-09-22 07:07:43 Found package: base-passwd (version: 3.6.8)
2026-09-22 07:07:43 Found package: bash (version: 5.3-2ubuntu1)
2026-09-22 07:07:43 Found package: bash-completion (version: 1:2.16.0-8build1)
2026-09-22 07:07:43 Found package: bc (version: 1.07.1-4build1)
2026-09-22 07:07:43 Found package: bcache-tools (version: 1.0.8-5ubuntu1)
2026-09-22 07:07:43 Found package: bind9-dnsutils (version: 1:9.20.24-1ubuntu0.3)
2026-09-22 07:07:43 Found package: bind9-host (version: 1:9.20.24-1ubuntu0.3)
2026-09-22 07:07:43 Found package: bind9-libs:amd64 (version: 1:9.20.24-1ubuntu0.3)
2026-09-22 07:07:43 Found package: binutils (version: 2.46-3ubuntu2)
2026-09-22 07:07:43 Found package: binutils-common:amd64 (version: 2.46-3ubuntu2)
2026-09-22 07:07:43 Found package: binutils-x86-64-linux-gnu (version: 2.46-3ubuntu2)
2026-09-22 07:07:43 Found package: bolt (version: 0.9.10-1)
2026-09-22 07:07:43 Found package: bpfcc-tools (version: 0.35.0+ds-1ubuntu2)
2026-09-22 07:07:43 Found package: bpftool (version: 7.7.0+7.0.0-31.31)
2026-09-22 07:07:43 Found package: bpftrace (version: 0.25.0-1ubuntu1)
2026-09-22 07:07:43 Found package: bsdextrautils (version: 2.41.3-3ubuntu2.2)
2026-09-22 07:07:43 Found package: bsdutils (version: 1:2.41.3-3ubuntu2.2)
2026-09-22 07:07:43 Found package: btrfs-progs (version: 6.17.1-1build1)
2026-09-22 07:07:43 Found package: busybox-initramfs (version: 1:1.37.0-7ubuntu1)
2026-09-22 07:07:43 Found package: busybox-static (version: 1:1.37.0-7ubuntu1)
2026-09-22 07:07:43 Found package: ca-certificates (version: 20260601~26.04.1)
2026-09-22 07:07:43 Found package: chrony (version: 4.8-2ubuntu1)
2026-09-22 07:07:43 Found package: cloud-guest-utils (version: 0.33-1build1)
2026-09-22 07:07:43 Found package: cloud-init (version: 26.1-0ubuntu2)
2026-09-22 07:07:43 Found package: cloud-init-base (version: 26.1-0ubuntu2)
2026-09-22 07:07:43 Found package: cloud-initramfs-copymods (version: 0.58ubuntu)
2026-09-22 07:07:43 Found package: cloud-initramfs-dyn-netconf (version: 0.58ubuntu)
2026-09-22 07:07:43 Found package: command-not-found (version: 23.04.0build1)
2026-09-22 07:07:43 Found package: console-setup (version: 1.237ubuntu3)
2026-09-22 07:07:43 Found package: console-setup-linux (version: 1.237ubuntu3)
2026-09-22 07:07:43 Found package: coreutils (version: 9.5-1ubuntu2+0.0.0~ubuntu25)
2026-09-22 07:07:44 Found package: coreutils-from-uutils (version: 0.0.0~ubuntu25)
2026-09-22 07:07:44 Found package: cpio (version: 2.15+dfsg-2.1ubuntu0.1)
2026-09-22 07:07:44 Found package: cracklib-runtime (version: 2.9.6-5.2build3)
2026-09-22 07:07:44 Found package: crash (version: 9.0.1+~16.3-1ubuntu1)
2026-09-22 07:07:44 Found package: cron (version: 3.0pl1-200ubuntu1)
2026-09-22 07:07:44 Found package: cron-daemon-common (version: 3.0pl1-200ubuntu1)
2026-09-22 07:07:44 Found package: cryptsetup (version: 2:2.8.4-1ubuntu4)
2026-09-22 07:07:44 Found package: cryptsetup-bin (version: 2:2.8.4-1ubuntu4)
2026-09-22 07:07:44 Found package: curl (version: 8.18.0-1ubuntu2.4)
2026-09-22 07:07:44 Found package: dash (version: 0.5.12-12ubuntu3)
2026-09-22 07:07:44 Found package: dbus (version: 1.16.2-2ubuntu4)
2026-09-22 07:07:44 Found package: dbus-bin (version: 1.16.2-2ubuntu4)
2026-09-22 07:07:44 Found package: dbus-daemon (version: 1.16.2-2ubuntu4)
2026-09-22 07:07:44 Found package: dbus-session-bus-common (version: 1.16.2-2ubuntu4)
2026-09-22 07:07:44 Found package: dbus-system-bus-common (version: 1.16.2-2ubuntu4)
2026-09-22 07:07:44 Found package: dbus-user-session (version: 1.16.2-2ubuntu4)
2026-09-22 07:07:44 Found package: debconf (version: 1.5.92)
2026-09-22 07:07:44 Found package: debconf-i18n (version: 1.5.92)
2026-09-22 07:07:44 Found package: debianutils (version: 5.23.2build1)
2026-09-22 07:07:44 Found package: dhcpcd-base (version: 1:10.3.0-7)
2026-09-22 07:07:44 Found package: diffutils (version: 1:3.12-1ubuntu0.1)
2026-09-22 07:07:44 Found package: dirmngr (version: 2.4.8-4ubuntu3.1)
2026-09-22 07:07:44 Found package: distro-info (version: 1.15)
2026-09-22 07:07:44 Found package: distro-info-data (version: 0.72-0ubuntu0.26.04.1)
2026-09-22 07:07:44 Found package: dmeventd (version: 2:1.02.205-2ubuntu3)
2026-09-22 07:07:44 Found package: dmidecode (version: 3.6-2build1)
2026-09-22 07:07:44 Found package: dmsetup (version: 2:1.02.205-2ubuntu3)
2026-09-22 07:07:44 Found package: dosfstools (version: 4.2-1.2build1)
2026-09-22 07:07:44 Found package: dpkg (version: 1.23.7ubuntu1)
2026-09-22 07:07:44 Found package: dracut (version: 110-11)
2026-09-22 07:07:44 Found package: dracut-core (version: 110-11)
2026-09-22 07:07:44 Found package: dracut-install (version: 110-11)
2026-09-22 07:07:44 Found package: dracut-network (version: 110-11)
2026-09-22 07:07:44 Found package: e2fsprogs (version: 1.47.2-3ubuntu4)
2026-09-22 07:07:44 Found package: eatmydata (version: 131-2build1)
2026-09-22 07:07:44 Found package: ed (version: 1.22.4-1)
2026-09-22 07:07:44 Found package: eject (version: 2.41.3-3ubuntu2.2)
2026-09-22 07:07:44 Found package: ethtool (version: 1:6.19-1)
2026-09-22 07:07:44 Found package: exfatprogs (version: 1.3.2-1)
2026-09-22 07:07:44 Found package: fail2ban (version: 1.1.0-9)
2026-09-22 07:07:44 Found package: fdisk (version: 2.41.3-3ubuntu2.2)
2026-09-22 07:07:44 Found package: file (version: 1:5.46-5build2)
2026-09-22 07:07:44 Found package: finalrd (version: 9build2)
2026-09-22 07:07:44 Found package: findutils (version: 4.10.0-3build2)
2026-09-22 07:07:44 Found package: firmware-sof-signed (version: 2025.12.2-1)
2026-09-22 07:07:44 Found package: fonts-ubuntu-console (version: 0.869+git20240321-0ubuntu2)
2026-09-22 07:07:44 Found package: friendly-recovery (version: 0.2.42build1)
2026-09-22 07:07:44 Found package: ftp (version: 20260211-1)
2026-09-22 07:07:44 Found package: fuse3 (version: 3.18.2-1)
2026-09-22 07:07:44 Found package: fwupd (version: 2.1.1-1ubuntu3)
2026-09-22 07:07:44 Found package: fwupd-signed (version: 1.55+1.7-1)
2026-09-22 07:07:44 Found package: gawk (version: 1:5.3.2-1ubuntu1.1)
2026-09-22 07:07:44 Found package: gcc-16-base:amd64 (version: 16-20260322-1ubuntu1)
2026-09-22 07:07:44 Found package: gdisk (version: 1.0.10-2build1)
2026-09-22 07:07:44 Found package: gettext-base (version: 0.23.2-1)
2026-09-22 07:07:44 Found package: gir1.2-girepository-3.0:amd64 (version: 2.88.0-1)
2026-09-22 07:07:44 Found package: gir1.2-glib-2.0:amd64 (version: 2.88.0-1)
2026-09-22 07:07:44 Found package: gir1.2-packagekitglib-1.0 (version: 1.3.4-3ubuntu1)
2026-09-22 07:07:44 Found package: git (version: 1:2.53.0-1ubuntu1)
2026-09-22 07:07:44 Found package: git-man (version: 1:2.53.0-1ubuntu1)
2026-09-22 07:07:44 Found package: gnu-coreutils (version: 9.7-3ubuntu2.1)
2026-09-22 07:07:44 Found package: gnupg (version: 2.4.8-4ubuntu3.1)
2026-09-22 07:07:44 Found package: gnupg-l10n (version: 2.4.8-4ubuntu3.1)
2026-09-22 07:07:45 Found package: gnupg-utils (version: 2.4.8-4ubuntu3.1)
2026-09-22 07:07:45 Found package: gpg (version: 2.4.8-4ubuntu3.1)
2026-09-22 07:07:45 Found package: gpg-agent (version: 2.4.8-4ubuntu3.1)
2026-09-22 07:07:45 Found package: gpg-wks-client (version: 2.4.8-4ubuntu3.1)
2026-09-22 07:07:45 Found package: gpgconf (version: 2.4.8-4ubuntu3.1)
2026-09-22 07:07:45 Found package: gpgsm (version: 2.4.8-4ubuntu3.1)
2026-09-22 07:07:45 Found package: gpgv (version: 2.4.8-4ubuntu3.1)
2026-09-22 07:07:45 Found package: grep (version: 3.12-1)
2026-09-22 07:07:45 Found package: groff-base (version: 1.23.0-10)
2026-09-22 07:07:45 Found package: grub-gfxpayload-lists (version: 0.7build3)
2026-09-22 07:07:45 Found package: grub-pc (version: 2.14-2ubuntu2)
2026-09-22 07:07:45 Found package: grub-pc-bin (version: 2.14-2ubuntu2)
2026-09-22 07:07:45 Found package: grub2-common (version: 2.14-2ubuntu2)
2026-09-22 07:07:45 Found package: gzip (version: 1.14-1~exp2ubuntu1.1)
2026-09-22 07:07:45 Found package: hdparm (version: 9.65+ds-1.1build1)
2026-09-22 07:07:45 Found package: hostname (version: 3.25build1)
2026-09-22 07:07:45 Found package: htop (version: 3.4.1-5build2)
2026-09-22 07:07:45 Found package: hwctl (version: 0.11.0-0ubuntu1)
2026-09-22 07:07:45 Found package: hwdata (version: 0.394-1build1)
2026-09-22 07:07:45 Found package: ibverbs-providers:amd64 (version: 61.0-2ubuntu3)
2026-09-22 07:07:45 Found package: ieee-data (version: 20240722build1)
2026-09-22 07:07:45 Found package: inetutils-telnet (version: 2:2.7-2ubuntu1.1)
2026-09-22 07:07:45 Found package: info (version: 7.2-5ubuntu2)
2026-09-22 07:07:45 Found package: init (version: 1.69)
2026-09-22 07:07:45 Found package: init-system-helpers (version: 1.69)
2026-09-22 07:07:45 Found package: initramfs-tools-bin (version: 0.151ubuntu1)
2026-09-22 07:07:45 Found package: initramfs-tools-core (version: 0.151ubuntu1)
2026-09-22 07:07:45 Found package: install-info (version: 7.2-5ubuntu2)
2026-09-22 07:07:45 Found package: intel-microcode (version: 3.20260210.1ubuntu2)
2026-09-22 07:07:45 Found package: iproute2 (version: 6.19.0-1ubuntu1)
2026-09-22 07:07:45 Found package: iptables (version: 1.8.11-2ubuntu3)
2026-09-22 07:07:45 Found package: iputils-ping (version: 3:20250605-1ubuntu1)
2026-09-22 07:07:45 Found package: iputils-tracepath (version: 3:20250605-1ubuntu1)
2026-09-22 07:07:45 Found package: iso-codes (version: 4.20.1-1)
2026-09-22 07:07:45 Found package: iucode-tool (version: 2.3.1-3build2)
2026-09-22 07:07:45 Found package: jq (version: 1.8.1-4ubuntu2)
2026-09-22 07:07:45 Found package: kbd (version: 2.7.1-2ubuntu2)
2026-09-22 07:07:45 Found package: kdump-tools (version: 1:1.10.7ubuntu3)
2026-09-22 07:07:45 Found package: kexec-tools (version: 1:2.0.32-3ubuntu1)
2026-09-22 07:07:45 Found package: keyboard-configuration (version: 1.237ubuntu3)
2026-09-22 07:07:45 Found package: klibc-utils (version: 2.0.14-1ubuntu2)
2026-09-22 07:07:45 Found package: kmod (version: 34.2-2ubuntu2)
2026-09-22 07:07:45 Found package: kpartx (version: 0.14.3-2ubuntu1)
2026-09-22 07:07:45 Found package: krb5-locales (version: 1.22.1-2ubuntu4.1)
2026-09-22 07:07:45 Found package: landscape-common (version: 26.02.2-0ubuntu1)
2026-09-22 07:07:45 Found package: less (version: 668-1build1)
2026-09-22 07:07:45 Found package: libacl1:amd64 (version: 2.3.2-2)
2026-09-22 07:07:45 Found package: libaio1t64:amd64 (version: 0.3.113-8build1)
2026-09-22 07:07:45 Found package: libapparmor1:amd64 (version: 5.0.0~beta1-0ubuntu7)
2026-09-22 07:07:45 Found package: libappstream5:amd64 (version: 1.1.2-1)
2026-09-22 07:07:45 Found package: libapt-pkg7.0:amd64 (version: 3.2.0)
2026-09-22 07:07:45 Found package: libassuan9:amd64 (version: 3.0.2-2build1)
2026-09-22 07:07:45 Found package: libatasmart4:amd64 (version: 0.19-6)
2026-09-22 07:07:45 Found package: libatomic1:amd64 (version: 16-20260322-1ubuntu1)
2026-09-22 07:07:45 Found package: libattr1:amd64 (version: 1:2.5.2-4ubuntu0.1)
2026-09-22 07:07:45 Found package: libaudit-common (version: 1:4.1.2-1ubuntu0.1)
2026-09-22 07:07:45 Found package: libaudit1:amd64 (version: 1:4.1.2-1ubuntu0.1)
2026-09-22 07:07:45 Found package: libauparse0t64:amd64 (version: 1:4.1.2-1ubuntu0.1)
2026-09-22 07:07:45 Found package: libauplugin1:amd64 (version: 1:4.1.2-1ubuntu0.1)
2026-09-22 07:07:45 Found package: libbinutils:amd64 (version: 2.46-3ubuntu2)
2026-09-22 07:07:45 Found package: libblkid1:amd64 (version: 2.41.3-3ubuntu2.2)
2026-09-22 07:07:45 Found package: libblockdev-crypto3:amd64 (version: 3.4.0-1)
2026-09-22 07:07:45 Found package: libblockdev-fs3:amd64 (version: 3.4.0-1)
2026-09-22 07:07:46 Found package: libblockdev-loop3:amd64 (version: 3.4.0-1)
2026-09-22 07:07:46 Found package: libblockdev-mdraid3:amd64 (version: 3.4.0-1)
2026-09-22 07:07:46 Found package: libblockdev-nvme3:amd64 (version: 3.4.0-1)
2026-09-22 07:07:46 Found package: libblockdev-part3:amd64 (version: 3.4.0-1)
2026-09-22 07:07:46 Found package: libblockdev-smart3:amd64 (version: 3.4.0-1)
2026-09-22 07:07:46 Found package: libblockdev-swap3:amd64 (version: 3.4.0-1)
2026-09-22 07:07:46 Found package: libblockdev-utils3:amd64 (version: 3.4.0-1)
2026-09-22 07:07:46 Found package: libblockdev3:amd64 (version: 3.4.0-1)
2026-09-22 07:07:46 Found package: libbpf1:amd64 (version: 1:1.6.3-1ubuntu1)
2026-09-22 07:07:46 Found package: libbpfcc:amd64 (version: 0.35.0+ds-1ubuntu2)
2026-09-22 07:07:46 Found package: libbrotli1:amd64 (version: 1.2.0-3build1)
2026-09-22 07:07:46 Found package: libbsd0:amd64 (version: 0.12.2-2build2)
2026-09-22 07:07:46 Found package: libbytesize-common (version: 2.12-1)
2026-09-22 07:07:46 Found package: libbytesize1:amd64 (version: 2.12-1)
2026-09-22 07:07:46 Found package: libbz2-1.0:amd64 (version: 1.0.8-6ubuntu0.1)
2026-09-22 07:07:46 Found package: libc-bin (version: 2.43-2ubuntu2.3)
2026-09-22 07:07:46 Found package: libc-dev-bin (version: 2.43-2ubuntu2.3)
2026-09-22 07:07:46 Found package: libc-gconv-modules-extra:amd64 (version: 2.43-2ubuntu2.3)
2026-09-22 07:07:46 Found package: libc6-dev:amd64 (version: 2.43-2ubuntu2.3)
2026-09-22 07:07:46 Found package: libc6:amd64 (version: 2.43-2ubuntu2.3)
2026-09-22 07:07:46 Found package: libcap-ng0:amd64 (version: 0.8.5-4build5)
2026-09-22 07:07:46 Found package: libcap2-bin (version: 1:2.75-10ubuntu2)
2026-09-22 07:07:46 Found package: libcap2:amd64 (version: 1:2.75-10ubuntu2)
2026-09-22 07:07:46 Found package: libcbor0.10:amd64 (version: 0.10.2-2ubuntu3)
2026-09-22 07:07:46 Found package: libclang-cpp21 (version: 1:21.1.8-6ubuntu1)
2026-09-22 07:07:46 Found package: libclang1-21 (version: 1:21.1.8-6ubuntu1)
2026-09-22 07:07:46 Found package: libcom-err2:amd64 (version: 1.47.2-3ubuntu4)
2026-09-22 07:07:46 Found package: libcrack2:amd64 (version: 2.9.6-5.2build3)
2026-09-22 07:07:46 Found package: libcrypt1:amd64 (version: 1:4.5.1-1)
2026-09-22 07:07:46 Found package: libcryptsetup12:amd64 (version: 2:2.8.4-1ubuntu4)
2026-09-22 07:07:46 Found package: libctf-nobfd0:amd64 (version: 2.46-3ubuntu2)
2026-09-22 07:07:46 Found package: libctf0:amd64 (version: 2.46-3ubuntu2)
2026-09-22 07:07:46 Found package: libcurl3t64-gnutls:amd64 (version: 8.18.0-1ubuntu2.4)
2026-09-22 07:07:46 Found package: libcurl4t64:amd64 (version: 8.18.0-1ubuntu2.4)
2026-09-22 07:07:46 Found package: libdb5.3t64:amd64 (version: 5.3.28+dfsg2-10ubuntu1)
2026-09-22 07:07:46 Found package: libdbus-1-3:amd64 (version: 1.16.2-2ubuntu4)
2026-09-22 07:07:46 Found package: libdebconfclient0:amd64 (version: 0.280ubuntu1)
2026-09-22 07:07:46 Found package: libdebuginfod-common (version: 0.194-4)
2026-09-22 07:07:46 Found package: libdebuginfod1t64:amd64 (version: 0.194-4)
2026-09-22 07:07:46 Found package: libdevmapper-event1.02.1:amd64 (version: 2:1.02.205-2ubuntu3)
2026-09-22 07:07:46 Found package: libdevmapper1.02.1:amd64 (version: 2:1.02.205-2ubuntu3)
2026-09-22 07:07:46 Found package: libdrm-amdgpu1:amd64 (version: 2.4.131-1)
2026-09-22 07:07:46 Found package: libdrm-common (version: 2.4.131-1)
2026-09-22 07:07:46 Found package: libdrm2:amd64 (version: 2.4.131-1)
2026-09-22 07:07:46 Found package: libduktape207:amd64 (version: 2.7.0+tests-0ubuntu4)
2026-09-22 07:07:46 Found package: libdw1t64:amd64 (version: 0.194-4)
2026-09-22 07:07:46 Found package: libeatmydata1:amd64 (version: 131-2build1)
2026-09-22 07:07:46 Found package: libedit2:amd64 (version: 3.1-20251016-1)
2026-09-22 07:07:46 Found package: libefiboot1t64:amd64 (version: 39-2)
2026-09-22 07:07:46 Found package: libefivar1t64:amd64 (version: 39-2)
2026-09-22 07:07:46 Found package: libelf1t64:amd64 (version: 0.194-4)
2026-09-22 07:07:46 Found package: liberror-perl (version: 0.17030-1)
2026-09-22 07:07:46 Found package: libestr0:amd64 (version: 0.1.11-2build1)
2026-09-22 07:07:46 Found package: libevdev2:amd64 (version: 1.13.6+dfsg-1)
2026-09-22 07:07:46 Found package: libevent-core-2.1-7t64:amd64 (version: 2.1.12-stable-10ubuntu0.1)
2026-09-22 07:07:46 Found package: libexpat1:amd64 (version: 2.7.4-1)
2026-09-22 07:07:46 Found package: libext2fs2t64:amd64 (version: 1.47.2-3ubuntu4)
2026-09-22 07:07:46 Found package: libfastjson4:amd64 (version: 1.2304.0-2build1)
2026-09-22 07:07:46 Found package: libfdisk1:amd64 (version: 2.41.3-3ubuntu2.2)
2026-09-22 07:07:46 Found package: libffi8:amd64 (version: 3.5.2-4)
2026-09-22 07:07:46 Found package: libfido2-1:amd64 (version: 1.16.0-2build1)
2026-09-22 07:07:46 Found package: libflashrom1:amd64 (version: 1.6.0-2ubuntu1)
2026-09-22 07:07:46 Found package: libfreetype6:amd64 (version: 2.14.2+dfsg-1ubuntu0.1)
2026-09-22 07:07:47 Found package: libfribidi0:amd64 (version: 1.0.16-5)
2026-09-22 07:07:47 Found package: libftdi1-2:amd64 (version: 1.6~rc1-1build1)
2026-09-22 07:07:47 Found package: libfuse3-4:amd64 (version: 3.18.2-1)
2026-09-22 07:07:47 Found package: libfwupd3:amd64 (version: 2.1.1-1ubuntu3)
2026-09-22 07:07:47 Found package: libfyaml0:amd64 (version: 0.9.4-1)
2026-09-22 07:07:47 Found package: libgcc-s1:amd64 (version: 16-20260322-1ubuntu1)
2026-09-22 07:07:47 Found package: libgcrypt20:amd64 (version: 1.12.0-2ubuntu1.1)
2026-09-22 07:07:47 Found package: libgdbm-compat4t64:amd64 (version: 1.26-1build1)
2026-09-22 07:07:47 Found package: libgdbm6t64:amd64 (version: 1.26-1build1)
2026-09-22 07:07:47 Found package: libgirepository-2.0-0:amd64 (version: 2.88.0-1)
2026-09-22 07:07:47 Found package: libglib2.0-0t64:amd64 (version: 2.88.0-1)
2026-09-22 07:07:47 Found package: libglib2.0-bin (version: 2.88.0-1)
2026-09-22 07:07:47 Found package: libglib2.0-data (version: 2.88.0-1)
2026-09-22 07:07:47 Found package: libgmp10:amd64 (version: 2:6.3.0+dfsg-5ubuntu2)
2026-09-22 07:07:47 Found package: libgnutls30t64:amd64 (version: 3.8.12-2ubuntu1.1)
2026-09-22 07:07:47 Found package: libgpg-error-l10n (version: 1.58-2)
2026-09-22 07:07:47 Found package: libgpg-error0:amd64 (version: 1.58-2)
2026-09-22 07:07:47 Found package: libgpgme45:amd64 (version: 2.0.1-2build1)
2026-09-22 07:07:47 Found package: libgpm2:amd64 (version: 1.20.7-12build1)
2026-09-22 07:07:47 Found package: libgprofng0:amd64 (version: 2.46-3ubuntu2)
2026-09-22 07:07:47 Found package: libgssapi-krb5-2:amd64 (version: 1.22.1-2ubuntu4.1)
2026-09-22 07:07:47 Found package: libgstreamer1.0-0:amd64 (version: 1.28.2-1)
2026-09-22 07:07:47 Found package: libgudev-1.0-0:amd64 (version: 1:238-7build1)
2026-09-22 07:07:47 Found package: libhogweed6t64:amd64 (version: 3.10.2-1)
2026-09-22 07:07:47 Found package: libibverbs1:amd64 (version: 61.0-2ubuntu3)
2026-09-22 07:07:47 Found package: libicu78:amd64 (version: 78.2-2ubuntu1)
2026-09-22 07:07:47 Found package: libidn2-0:amd64 (version: 2.3.8-4build1)
2026-09-22 07:07:47 Found package: libimobiledevice-1.0-6:amd64 (version: 1.4.0-1build1)
2026-09-22 07:07:47 Found package: libimobiledevice-glue-1.0-0 (version: 1.3.2-2build1)
2026-09-22 07:07:47 Found package: libinih1:amd64 (version: 61-1ubuntu1)
2026-09-22 07:07:47 Found package: libintl-perl (version: 1.37-1)
2026-09-22 07:07:47 Found package: libintl-xs-perl (version: 1.37-1)
2026-09-22 07:07:47 Found package: libip4tc2:amd64 (version: 1.8.11-2ubuntu3)
2026-09-22 07:07:47 Found package: libip6tc2:amd64 (version: 1.8.11-2ubuntu3)
2026-09-22 07:07:47 Found package: libisns0t64:amd64 (version: 0.101-2.1)
2026-09-22 07:07:47 Found package: libjansson4:amd64 (version: 2.14-2build4)
2026-09-22 07:07:47 Found package: libjcat1:amd64 (version: 0.2.5-1build1)
2026-09-22 07:07:47 Found package: libjemalloc2:amd64 (version: 5.3.0-4)
2026-09-22 07:07:47 Found package: libjq1:amd64 (version: 1.8.1-4ubuntu2)
2026-09-22 07:07:47 Found package: libjs-sphinxdoc (version: 8.2.3-12)
2026-09-22 07:07:47 Found package: libjson-c5:amd64 (version: 0.18+ds-3)
2026-09-22 07:07:47 Found package: libjson-glib-1.0-0:amd64 (version: 1.10.8+ds-2)
2026-09-22 07:07:47 Found package: libjson-glib-1.0-common (version: 1.10.8+ds-2)
2026-09-22 07:07:47 Found package: libk5crypto3:amd64 (version: 1.22.1-2ubuntu4.1)
2026-09-22 07:07:47 Found package: libkeyutils1:amd64 (version: 1.6.3-6ubuntu3)
2026-09-22 07:07:47 Found package: libklibc:amd64 (version: 2.0.14-1ubuntu2)
2026-09-22 07:07:47 Found package: libkmod2:amd64 (version: 34.2-2ubuntu2)
2026-09-22 07:07:47 Found package: libkrb5-3:amd64 (version: 1.22.1-2ubuntu4.1)
2026-09-22 07:07:47 Found package: libkrb5support0:amd64 (version: 1.22.1-2ubuntu4.1)
2026-09-22 07:07:47 Found package: libksba8:amd64 (version: 1.6.7-2build1)
2026-09-22 07:07:47 Found package: liblastlog2-2:amd64 (version: 2.41.3-3ubuntu2.2)
2026-09-22 07:07:47 Found package: libldap-common (version: 2.6.10+dfsg-1ubuntu5)
2026-09-22 07:07:47 Found package: libldap2:amd64 (version: 2.6.10+dfsg-1ubuntu5)
2026-09-22 07:07:47 Found package: libllvm21:amd64 (version: 1:21.1.8-6ubuntu1)
2026-09-22 07:07:47 Found package: liblmdb0:amd64 (version: 0.9.31-1build2)
2026-09-22 07:07:47 Found package: liblocale-gettext-perl (version: 1.07-8)
2026-09-22 07:07:47 Found package: liblsof0 (version: 4.99.4+dfsg-2build2)
2026-09-22 07:07:47 Found package: liblvm2cmd2.03:amd64 (version: 2.03.31-2ubuntu3)
2026-09-22 07:07:47 Found package: liblz4-1:amd64 (version: 1.10.0-8)
2026-09-22 07:07:47 Found package: liblzma5:amd64 (version: 5.8.3-1)
2026-09-22 07:07:47 Found package: liblzo2-2:amd64 (version: 2.10-3build2)
2026-09-22 07:07:47 Found package: libmagic-mgc (version: 1:5.46-5build2)
2026-09-22 07:07:47 Found package: libmagic1t64:amd64 (version: 1:5.46-5build2)
2026-09-22 07:07:47 Found package: libmaxminddb0:amd64 (version: 1.12.2-1build2)
2026-09-22 07:07:48 Found package: libmbim-glib4:amd64 (version: 1.32.0-2ubuntu1)
2026-09-22 07:07:48 Found package: libmbim-proxy (version: 1.32.0-2ubuntu1)
2026-09-22 07:07:48 Found package: libmbim-utils (version: 1.32.0-2ubuntu1)
2026-09-22 07:07:48 Found package: libmd0:amd64 (version: 1.1.0-2build4)
2026-09-22 07:07:48 Found package: libmm-glib0:amd64 (version: 1.25.95-1ubuntu1)
2026-09-22 07:07:48 Found package: libmnl0:amd64 (version: 1.0.5-3build1)
2026-09-22 07:07:48 Found package: libmodule-find-perl (version: 0.17-1)
2026-09-22 07:07:48 Found package: libmount1:amd64 (version: 2.41.3-3ubuntu2.2)
2026-09-22 07:07:48 Found package: libmpathcmd0 (version: 0.14.3-2ubuntu1)
2026-09-22 07:07:48 Found package: libmpathpersist0 (version: 0.14.3-2ubuntu1)
2026-09-22 07:07:48 Found package: libmpfr6:amd64 (version: 4.2.2-3)
2026-09-22 07:07:48 Found package: libmspack0t64:amd64 (version: 0.11-1.1build2)
2026-09-22 07:07:48 Found package: libmultipath0 (version: 0.14.3-2ubuntu1)
2026-09-22 07:07:48 Found package: libncurses6:amd64 (version: 6.6+20251231-1)
2026-09-22 07:07:48 Found package: libncursesw6:amd64 (version: 6.6+20251231-1)
2026-09-22 07:07:48 Found package: libnetfilter-conntrack3:amd64 (version: 1.1.1-1)
2026-09-22 07:07:48 Found package: libnetplan1:amd64 (version: 1.2-1ubuntu5)
2026-09-22 07:07:48 Found package: libnettle8t64:amd64 (version: 3.10.2-1)
2026-09-22 07:07:48 Found package: libnewt0.52:amd64 (version: 0.52.25-1ubuntu3)
2026-09-22 07:07:48 Found package: libnfnetlink0:amd64 (version: 1.0.2-3build1)
2026-09-22 07:07:48 Found package: libnftables1:amd64 (version: 1.1.6-1)
2026-09-22 07:07:48 Found package: libnftnl11:amd64 (version: 1.3.1-1)
2026-09-22 07:07:48 Found package: libnghttp2-14:amd64 (version: 1.68.0-2ubuntu0.2)
2026-09-22 07:07:48 Found package: libnl-3-200:amd64 (version: 3.12.0-2)
2026-09-22 07:07:48 Found package: libnl-genl-3-200:amd64 (version: 3.12.0-2)
2026-09-22 07:07:48 Found package: libnl-route-3-200:amd64 (version: 3.12.0-2)
2026-09-22 07:07:48 Found package: libnpth0t64:amd64 (version: 1.8-3build1)
2026-09-22 07:07:48 Found package: libnspr4:amd64 (version: 2:4.38.2-1ubuntu1)
2026-09-22 07:07:48 Found package: libnss-systemd:amd64 (version: 259.5-0ubuntu3.4)
2026-09-22 07:07:48 Found package: libnss3:amd64 (version: 2:3.120-1ubuntu2.1)
2026-09-22 07:07:48 Found package: libntfs-3g89t64:amd64 (version: 1:2022.10.3-5ubuntu1.1)
2026-09-22 07:07:48 Found package: libnuma1:amd64 (version: 2.0.19-1build1)
2026-09-22 07:07:48 Found package: libnvme1t64:amd64 (version: 1.16.1-4)
2026-09-22 07:07:48 Found package: libonig5:amd64 (version: 6.9.10-1build1)
2026-09-22 07:07:48 Found package: libopeniscsiusr (version: 2.1.11-3ubuntu3)
2026-09-22 07:07:48 Found package: libp11-kit0:amd64 (version: 0.26.2-2)
2026-09-22 07:07:48 Found package: libpackagekit-glib2-18:amd64 (version: 1.3.4-3ubuntu1)
2026-09-22 07:07:48 Found package: libpam-cap:amd64 (version: 1:2.75-10ubuntu2)
2026-09-22 07:07:48 Found package: libpam-modules-bin (version: 1.7.0-5ubuntu3.2)
2026-09-22 07:07:48 Found package: libpam-modules:amd64 (version: 1.7.0-5ubuntu3.2)
2026-09-22 07:07:48 Found package: libpam-pwquality:amd64 (version: 1.4.5-5build1)
2026-09-22 07:07:48 Found package: libpam-runtime (version: 1.7.0-5ubuntu3.2)
2026-09-22 07:07:48 Found package: libpam-systemd:amd64 (version: 259.5-0ubuntu3.4)
2026-09-22 07:07:48 Found package: libpam0g:amd64 (version: 1.7.0-5ubuntu3.2)
2026-09-22 07:07:48 Found package: libparted2t64:amd64 (version: 3.6-6)
2026-09-22 07:07:48 Found package: libpcap0.8t64:amd64 (version: 1.10.6-1ubuntu1)
2026-09-22 07:07:48 Found package: libpci3:amd64 (version: 1:3.14.0-1build2)
2026-09-22 07:07:48 Found package: libpcre2-8-0:amd64 (version: 10.46-1build1)
2026-09-22 07:07:48 Found package: libperl5.40:amd64 (version: 5.40.1-7ubuntu0.1)
2026-09-22 07:07:48 Found package: libpipeline1:amd64 (version: 1.5.8-2)
2026-09-22 07:07:48 Found package: libplist-2.0-4:amd64 (version: 2.7.0+git20250820-1build1)
2026-09-22 07:07:48 Found package: libplymouth5:amd64 (version: 24.004.60+git20250831.4a3c171d-0ubuntu8)
2026-09-22 07:07:48 Found package: libpng16-16t64:amd64 (version: 1.6.57-1)
2026-09-22 07:07:48 Found package: libpolkit-agent-1-0:amd64 (version: 127-2ubuntu1)
2026-09-22 07:07:48 Found package: libpolkit-gobject-1-0:amd64 (version: 127-2ubuntu1)
2026-09-22 07:07:48 Found package: libpopt0:amd64 (version: 1.19+dfsg-2build1)
2026-09-22 07:07:48 Found package: libproc-processtable-perl:amd64 (version: 0.637-1)
2026-09-22 07:07:48 Found package: libproc2-0:amd64 (version: 2:4.0.4-9ubuntu1)
2026-09-22 07:07:48 Found package: libpsl5t64:amd64 (version: 0.21.2-1.1build2)
2026-09-22 07:07:48 Found package: libpwquality-common (version: 1.4.5-5build1)
2026-09-22 07:07:48 Found package: libpwquality1:amd64 (version: 1.4.5-5build1)
2026-09-22 07:07:48 Found package: libpython3-stdlib:amd64 (version: 3.14.3-0ubuntu2)
2026-09-22 07:07:49 Found package: libpython3.14-minimal:amd64 (version: 3.14.4-1ubuntu0.1)
2026-09-22 07:07:49 Found package: libpython3.14-stdlib:amd64 (version: 3.14.4-1ubuntu0.1)
2026-09-22 07:07:49 Found package: libpython3.14:amd64 (version: 3.14.4-1ubuntu0.1)
2026-09-22 07:07:49 Found package: libqmi-glib5:amd64 (version: 1.38.0-1)
2026-09-22 07:07:49 Found package: libqmi-proxy (version: 1.38.0-1)
2026-09-22 07:07:49 Found package: libqmi-utils (version: 1.38.0-1)
2026-09-22 07:07:49 Found package: libqrtr-glib0:amd64 (version: 1.2.2-2ubuntu1)
2026-09-22 07:07:49 Found package: libreadline8t64:amd64 (version: 8.3-4)
2026-09-22 07:07:49 Found package: librtmp1:amd64 (version: 2.4+20151223.gitfa8646d.1-3)
2026-09-22 07:07:49 Found package: libsasl2-2:amd64 (version: 2.1.28+dfsg1-9ubuntu3)
2026-09-22 07:07:49 Found package: libsasl2-modules-db:amd64 (version: 2.1.28+dfsg1-9ubuntu3)
2026-09-22 07:07:49 Found package: libsasl2-modules:amd64 (version: 2.1.28+dfsg1-9ubuntu3)
2026-09-22 07:07:49 Found package: libseccomp2:amd64 (version: 2.6.0-2ubuntu5)
2026-09-22 07:07:49 Found package: libselinux1:amd64 (version: 3.9-4build1)
2026-09-22 07:07:49 Found package: libsemanage-common (version: 3.9-1build1)
2026-09-22 07:07:49 Found package: libsemanage2:amd64 (version: 3.9-1build1)
2026-09-22 07:07:49 Found package: libsensors-config (version: 1:3.6.2-2build1)
2026-09-22 07:07:49 Found package: libsensors5:amd64 (version: 1:3.6.2-2build1)
2026-09-22 07:07:49 Found package: libsepol2:amd64 (version: 3.9-2)
2026-09-22 07:07:49 Found package: libsframe3:amd64 (version: 2.46-3ubuntu2)
2026-09-22 07:07:49 Found package: libsgutils2-1.48:amd64 (version: 1.48-3ubuntu3)
2026-09-22 07:07:49 Found package: libslang2:amd64 (version: 2.3.3-5build1)
2026-09-22 07:07:49 Found package: libsmartcols1:amd64 (version: 2.41.3-3ubuntu2.2)
2026-09-22 07:07:49 Found package: libsnappy1v5:amd64 (version: 1.2.2-2)
2026-09-22 07:07:49 Found package: libsodium23:amd64 (version: 1.0.18-2)
2026-09-22 07:07:49 Found package: libsort-naturally-perl (version: 1.03-4)
2026-09-22 07:07:49 Found package: libsqlite3-0:amd64 (version: 3.46.1-9ubuntu0.2)
2026-09-22 07:07:49 Found package: libss2:amd64 (version: 1.47.2-3ubuntu4)
2026-09-22 07:07:49 Found package: libssh2-1t64:amd64 (version: 1.11.1-1ubuntu0.26.04.4)
2026-09-22 07:07:49 Found package: libssl3t64:amd64 (version: 3.5.5-1ubuntu3.5)
2026-09-22 07:07:49 Found package: libstdc++6:amd64 (version: 16-20260322-1ubuntu1)
2026-09-22 07:07:49 Found package: libstemmer0d:amd64 (version: 3.0.1-1)
2026-09-22 07:07:49 Found package: libsystemd-shared:amd64 (version: 259.5-0ubuntu3.4)
2026-09-22 07:07:49 Found package: libsystemd0:amd64 (version: 259.5-0ubuntu3.4)
2026-09-22 07:07:49 Found package: libtasn1-6:amd64 (version: 4.21.0-2)
2026-09-22 07:07:49 Found package: libtcl8.6:amd64 (version: 8.6.17+dfsg-1build1)
2026-09-22 07:07:49 Found package: libterm-readkey-perl (version: 2.38-2build5)
2026-09-22 07:07:49 Found package: libtext-charwidth-perl:amd64 (version: 0.04-11build4)
2026-09-22 07:07:49 Found package: libtext-iconv-perl:amd64 (version: 1.7-8.1)
2026-09-22 07:07:49 Found package: libtext-wrapi18n-perl (version: 0.06-10)
2026-09-22 07:07:49 Found package: libtinfo6:amd64 (version: 6.6+20251231-1)
2026-09-22 07:07:49 Found package: libtirpc-common (version: 1.3.7-0.1)
2026-09-22 07:07:49 Found package: libtirpc3t64:amd64 (version: 1.3.7-0.1)
2026-09-22 07:07:49 Found package: libtraceevent1-plugin:amd64 (version: 1:1.8.7-1)
2026-09-22 07:07:49 Found package: libtraceevent1:amd64 (version: 1:1.8.7-1)
2026-09-22 07:07:49 Found package: libtracefs1:amd64 (version: 1.8.2-1ubuntu1)
2026-09-22 07:07:49 Found package: libtss2-esys-3.0.2-0t64:amd64 (version: 4.1.3-6)
2026-09-22 07:07:49 Found package: libtss2-mu-4.0.1-0t64:amd64 (version: 4.1.3-6)
2026-09-22 07:07:49 Found package: libtss2-sys1t64:amd64 (version: 4.1.3-6)
2026-09-22 07:07:49 Found package: libtss2-tcti-cmd0t64:amd64 (version: 4.1.3-6)
2026-09-22 07:07:49 Found package: libtss2-tcti-device0t64:amd64 (version: 4.1.3-6)
2026-09-22 07:07:49 Found package: libtss2-tcti-mssim0t64:amd64 (version: 4.1.3-6)
2026-09-22 07:07:49 Found package: libtss2-tcti-swtpm0t64:amd64 (version: 4.1.3-6)
2026-09-22 07:07:49 Found package: libuchardet0:amd64 (version: 0.0.8-2)
2026-09-22 07:07:49 Found package: libudev1:amd64 (version: 259.5-0ubuntu3.4)
2026-09-22 07:07:49 Found package: libudisks2-0:amd64 (version: 2.10.91-1ubuntu2.1)
2026-09-22 07:07:49 Found package: libunistring5:amd64 (version: 1.3-2build1)
2026-09-22 07:07:49 Found package: libunwind8:amd64 (version: 1.8.3-0ubuntu1)
2026-09-22 07:07:49 Found package: libupower-glib3:amd64 (version: 1.91.1-1)
2026-09-22 07:07:49 Found package: liburcu8t64:amd64 (version: 0.15.6-1)
2026-09-22 07:07:49 Found package: libusb-1.0-0:amd64 (version: 2:1.0.29-2build1)
2026-09-22 07:07:49 Found package: libusbmuxd-2.0-7:amd64 (version: 2.1.1-1)
2026-09-22 07:07:49 Found package: libuuid1:amd64 (version: 2.41.3-3ubuntu2.2)
2026-09-22 07:07:50 Found package: libuv1t64:amd64 (version: 1.51.0-2ubuntu1)
2026-09-22 07:07:50 Found package: libvolume-key1:amd64 (version: 0.3.12-10build2)
2026-09-22 07:07:50 Found package: libwrap0:amd64 (version: 7.6.q-36build2)
2026-09-22 07:07:50 Found package: libx11-6:amd64 (version: 2:1.8.13-1)
2026-09-22 07:07:50 Found package: libx11-data (version: 2:1.8.13-1)
2026-09-22 07:07:50 Found package: libxau6:amd64 (version: 1:1.0.11-1build2)
2026-09-22 07:07:50 Found package: libxcb1:amd64 (version: 1.17.0-2ubuntu1)
2026-09-22 07:07:50 Found package: libxdmcp6:amd64 (version: 1:1.1.5-2)
2026-09-22 07:07:50 Found package: libxext6:amd64 (version: 2:1.3.4-1build3)
2026-09-22 07:07:50 Found package: libxkbcommon0:amd64 (version: 1.13.1-1)
2026-09-22 07:07:50 Found package: libxml2-16:amd64 (version: 2.15.2+dfsg-0.1ubuntu0.1)
2026-09-22 07:07:50 Found package: libxmlb2:amd64 (version: 0.3.24-2)
2026-09-22 07:07:50 Found package: libxmlsec1-1:amd64 (version: 1.3.9-1)
2026-09-22 07:07:50 Found package: libxmlsec1-openssl1:amd64 (version: 1.3.9-1)
2026-09-22 07:07:50 Found package: libxmuu1:amd64 (version: 2:1.1.3-4)
2026-09-22 07:07:50 Found package: libxslt1.1:amd64 (version: 1.1.45-0.1)
2026-09-22 07:07:50 Found package: libxtables12:amd64 (version: 1.8.11-2ubuntu3)
2026-09-22 07:07:50 Found package: libxxhash0:amd64 (version: 0.8.3-2build1)
2026-09-22 07:07:50 Found package: libyaml-0-2:amd64 (version: 0.2.5-2build3)
2026-09-22 07:07:50 Found package: libzstd1:amd64 (version: 1.5.7+dfsg-3)
2026-09-22 07:07:50 Found package: linux-base (version: 4.15ubuntu5)
2026-09-22 07:07:50 Found package: linux-firmware (version: 20260319.git217ca6e4.1ubuntu)
2026-09-22 07:07:50 Found package: linux-firmware-amd-graphics (version: 20260319.git217ca6e4-0ubuntu3)
2026-09-22 07:07:50 Found package: linux-firmware-amd-misc (version: 20260319.git217ca6e4-0ubuntu1)
2026-09-22 07:07:50 Found package: linux-firmware-broadcom-wireless (version: 20260319.git217ca6e4-0ubuntu1)
2026-09-22 07:07:50 Found package: linux-firmware-intel-graphics (version: 20260319.git217ca6e4-0ubuntu2)
2026-09-22 07:07:50 Found package: linux-firmware-intel-misc (version: 20260319.git217ca6e4-0ubuntu1)
2026-09-22 07:07:50 Found package: linux-firmware-intel-wireless (version: 20260319.git217ca6e4-0ubuntu2)
2026-09-22 07:07:50 Found package: linux-firmware-marvell-prestera (version: 20260319.git217ca6e4-0ubuntu1)
2026-09-22 07:07:50 Found package: linux-firmware-marvell-wireless (version: 20260319.git217ca6e4-0ubuntu1)
2026-09-22 07:07:50 Found package: linux-firmware-mediatek (version: 20260319.git217ca6e4-0ubuntu1)
2026-09-22 07:07:50 Found package: linux-firmware-mellanox-spectrum (version: 20260319.git217ca6e4-0ubuntu1)
2026-09-22 07:07:50 Found package: linux-firmware-misc (version: 20260319.git217ca6e4-0ubuntu2)
2026-09-22 07:07:50 Found package: linux-firmware-netronome (version: 20260319.git217ca6e4-0ubuntu1)
2026-09-22 07:07:50 Found package: linux-firmware-nvidia-graphics (version: 20260319.git217ca6e4-0ubuntu1)
2026-09-22 07:07:50 Found package: linux-firmware-qlogic (version: 20260319.git217ca6e4-0ubuntu1)
2026-09-22 07:07:50 Found package: linux-firmware-qualcomm-graphics (version: 20260319.git217ca6e4-0ubuntu1)
2026-09-22 07:07:50 Found package: linux-firmware-qualcomm-misc (version: 20260319.git217ca6e4-0ubuntu2)
2026-09-22 07:07:50 Found package: linux-firmware-qualcomm-wireless (version: 20260319.git217ca6e4-0ubuntu1)
2026-09-22 07:07:50 Found package: linux-firmware-realtek (version: 20260319.git217ca6e4-0ubuntu1)
2026-09-22 07:07:50 Found package: linux-generic (version: 7.0.0-31.31)
2026-09-22 07:07:50 Found package: linux-headers-7.0.0-31 (version: 7.0.0-31.31)
2026-09-22 07:07:50 Found package: linux-headers-7.0.0-31-generic (version: 7.0.0-31.31)
2026-09-22 07:07:50 Found package: linux-headers-generic (version: 7.0.0-31.31)
2026-09-22 07:07:50 Found package: linux-image-7.0.0-31-generic (version: 7.0.0-31.31)
2026-09-22 07:07:50 Found package: linux-image-generic (version: 7.0.0-31.31)
2026-09-22 07:07:50 Found package: linux-libc-dev:amd64 (version: 7.0.0-31.31)
2026-09-22 07:07:50 Found package: linux-main-modules-zfs-7.0.0-31-generic (version: 7.0.0-31.31+2)
2026-09-22 07:07:50 Found package: linux-modules-7.0.0-31-generic (version: 7.0.0-31.31)
2026-09-22 07:07:50 Found package: linux-perf (version: 7.0.0-31.31)
2026-09-22 07:07:50 Found package: linux-sysctl-defaults (version: 4.15ubuntu5)
2026-09-22 07:07:50 Found package: linux-tools-7.0.0-31 (version: 7.0.0-31.31)
2026-09-22 07:07:50 Found package: linux-tools-7.0.0-31-generic (version: 7.0.0-31.31)
2026-09-22 07:07:50 Found package: linux-tools-common (version: 7.0.0-31.31)
2026-09-22 07:07:50 Found package: locales (version: 2.43-2ubuntu2.3)
2026-09-22 07:07:50 Found package: login (version: 1:4.16.0-2+really2.41.3-3ubuntu2.2)
2026-09-22 07:07:50 Found package: login.defs (version: 1:4.17.4-2ubuntu3)
2026-09-22 07:07:50 Found package: logrotate (version: 3.22.0-1build1)
2026-09-22 07:07:50 Found package: logsave (version: 1.47.2-3ubuntu4)
2026-09-22 07:07:50 Found package: lsb-base (version: 11.6build1)
2026-09-22 07:07:50 Found package: lsb-release (version: 12.1-2build1)
2026-09-22 07:07:50 Found package: lshw (version: 02.19.git.2021.06.19.996aaad9c7-2.1ubuntu3)
2026-09-22 07:07:50 Found package: lsof (version: 4.99.4+dfsg-2build2)
2026-09-22 07:07:51 Found package: lvm2 (version: 2.03.31-2ubuntu3)
2026-09-22 07:07:51 Found package: lxd-agent-loader (version: 0.13ubuntu0)
2026-09-22 07:07:51 Found package: lxd-installer (version: 14ubuntu0)
2026-09-22 07:07:51 Found package: lynis (version: 3.1.6-1)
2026-09-22 07:07:51 Found package: makedumpfile (version: 1:1.7.7-1)
2026-09-22 07:07:51 Found package: man-db (version: 2.13.1-1build1)
2026-09-22 07:07:51 Found package: manpages (version: 6.17-1)
2026-09-22 07:07:51 Found package: manpages-dev (version: 6.17-1)
2026-09-22 07:07:51 Found package: mawk (version: 1.3.4.20260129-1)
2026-09-22 07:07:51 Found package: mdadm (version: 4.5-5ubuntu1)
2026-09-22 07:07:51 Found package: media-types (version: 14.0.0build1)
2026-09-22 07:07:51 Found package: menu (version: 2.1.51build1)
2026-09-22 07:07:51 Found package: modemmanager (version: 1.25.95-1ubuntu1)
2026-09-22 07:07:51 Found package: mokutil (version: 0.7.2-2)
2026-09-22 07:07:51 Found package: motd-news-config (version: 14ubuntu6)
2026-09-22 07:07:51 Found package: mount (version: 2.41.3-3ubuntu2.2)
2026-09-22 07:07:51 Found package: mtr-tiny (version: 0.95-1.1ubuntu2)
2026-09-22 07:07:51 Found package: multipath-tools (version: 0.14.3-2ubuntu1)
2026-09-22 07:07:51 Found package: nano (version: 8.7.1-1ubuntu0.1)
2026-09-22 07:07:51 Found package: ncurses-base (version: 6.6+20251231-1)
2026-09-22 07:07:51 Found package: ncurses-bin (version: 6.6+20251231-1)
2026-09-22 07:07:51 Found package: ncurses-term (version: 6.6+20251231-1)
2026-09-22 07:07:51 Found package: needrestart (version: 3.11-1ubuntu2)
2026-09-22 07:07:51 Found package: netbase (version: 6.5build1)
2026-09-22 07:07:51 Found package: netcat-openbsd (version: 1.234-1)
2026-09-22 07:07:51 Found package: netplan-generator (version: 1.2-1ubuntu5)
2026-09-22 07:07:51 Found package: netplan.io (version: 1.2-1ubuntu5)
2026-09-22 07:07:51 Found package: networkd-dispatcher (version: 2.2.4-1.1ubuntu1)
2026-09-22 07:07:51 Found package: nftables (version: 1.1.6-1)
2026-09-22 07:07:51 Found package: ntfs-3g (version: 1:2022.10.3-5ubuntu1.1)
2026-09-22 07:07:51 Found package: numactl (version: 2.0.19-1build1)
2026-09-22 07:07:51 Found package: open-iscsi (version: 2.1.11-3ubuntu3)
2026-09-22 07:07:51 Found package: open-vm-tools (version: 2:13.0.10-1ubuntu1)
2026-09-22 07:07:51 Found package: openssh-client (version: 1:10.2p1-2ubuntu3.6)
2026-09-22 07:07:51 Found package: openssh-server (version: 1:10.2p1-2ubuntu3.6)
2026-09-22 07:07:51 Found package: openssh-sftp-server (version: 1:10.2p1-2ubuntu3.6)
2026-09-22 07:07:51 Found package: openssl (version: 3.5.5-1ubuntu3.5)
2026-09-22 07:07:51 Found package: openssl-provider-legacy (version: 3.5.5-1ubuntu3.5)
2026-09-22 07:07:51 Found package: os-prober (version: 1.84ubuntu1)
2026-09-22 07:07:51 Found package: overlayroot (version: 0.58ubuntu)
2026-09-22 07:07:51 Found package: packagekit (version: 1.3.4-3ubuntu1)
2026-09-22 07:07:51 Found package: parted (version: 3.6-6)
2026-09-22 07:07:51 Found package: passwd (version: 1:4.17.4-2ubuntu3)
2026-09-22 07:07:51 Found package: patch (version: 2.8-2build1)
2026-09-22 07:07:51 Found package: pci.ids (version: 0.0~2026.02.12-1)
2026-09-22 07:07:51 Found package: pciutils (version: 1:3.14.0-1build2)
2026-09-22 07:07:51 Found package: perl (version: 5.40.1-7ubuntu0.1)
2026-09-22 07:07:51 Found package: perl-base (version: 5.40.1-7ubuntu0.1)
2026-09-22 07:07:51 Found package: perl-modules-5.40 (version: 5.40.1-7ubuntu0.1)
2026-09-22 07:07:51 Found package: pinentry-curses (version: 1.3.2-3ubuntu1)
2026-09-22 07:07:51 Found package: plymouth (version: 24.004.60+git20250831.4a3c171d-0ubuntu8)
2026-09-22 07:07:51 Found package: plymouth-theme-ubuntu-text (version: 24.004.60+git20250831.4a3c171d-0ubuntu8)
2026-09-22 07:07:51 Found package: pnp.ids (version: 0.394-1build1)
2026-09-22 07:07:51 Found package: polkitd (version: 127-2ubuntu1)
2026-09-22 07:07:51 Found package: pollinate (version: 4.33-4ubuntu6)
2026-09-22 07:07:51 Found package: powermgmt-base (version: 1.38ubuntu2)
2026-09-22 07:07:51 Found package: procps (version: 2:4.0.4-9ubuntu1)
2026-09-22 07:07:51 Found package: psmisc (version: 23.7-2ubuntu2)
2026-09-22 07:07:51 Found package: publicsuffix (version: 20260129.1928-1)
2026-09-22 07:07:51 Found package: python-apt-common (version: 3.1.0ubuntu1)
2026-09-22 07:07:51 Found package: python-babel-localedata (version: 2.17.0-2)
2026-09-22 07:07:51 Found package: python3 (version: 3.14.3-0ubuntu2)
2026-09-22 07:07:51 Found package: python3-apport (version: 2.34.0-0ubuntu2)
2026-09-22 07:07:51 Found package: python3-apt (version: 3.1.0ubuntu1)
2026-09-22 07:07:52 Found package: python3-argcomplete (version: 3.6.3-1)
2026-09-22 07:07:52 Found package: python3-attr (version: 25.4.0-1build1)
2026-09-22 07:07:52 Found package: python3-autocommand (version: 2.2.2-4)
2026-09-22 07:07:52 Found package: python3-automat (version: 25.4.16-1build1)
2026-09-22 07:07:52 Found package: python3-babel (version: 2.17.0-2)
2026-09-22 07:07:52 Found package: python3-bcrypt (version: 5.0.0-3build1)
2026-09-22 07:07:52 Found package: python3-blinker (version: 1.9.0-2build1)
2026-09-22 07:07:52 Found package: python3-boto3 (version: 1.40.72-1build1)
2026-09-22 07:07:52 Found package: python3-botocore (version: 1.40.72+repack-1build1)
2026-09-22 07:07:52 Found package: python3-bpfcc (version: 0.35.0+ds-1ubuntu2)
2026-09-22 07:07:52 Found package: python3-certifi (version: 2026.1.4+ds-1)
2026-09-22 07:07:52 Found package: python3-cffi-backend:amd64 (version: 2.0.0-3build1)
2026-09-22 07:07:52 Found package: python3-chardet (version: 5.2.0+dfsg-2build1)
2026-09-22 07:07:52 Found package: python3-click (version: 8.2.0+0.really.8.1.8-1build1)
2026-09-22 07:07:52 Found package: python3-commandnotfound (version: 23.04.0build1)
2026-09-22 07:07:52 Found package: python3-configobj (version: 5.0.9-1build1)
2026-09-22 07:07:52 Found package: python3-constantly (version: 23.10.4-2build1)
2026-09-22 07:07:52 Found package: python3-cryptography (version: 46.0.5-1ubuntu2)
2026-09-22 07:07:52 Found package: python3-dateutil (version: 2.9.0-4build1)
2026-09-22 07:07:52 Found package: python3-dbus (version: 1.4.0-1build2)
2026-09-22 07:07:52 Found package: python3-debconf (version: 1.5.92)
2026-09-22 07:07:52 Found package: python3-debian (version: 1.0.1ubuntu2)
2026-09-22 07:07:52 Found package: python3-decorator (version: 5.2.1-2)
2026-09-22 07:07:52 Found package: python3-distro (version: 1.9.0-1build1)
2026-09-22 07:07:52 Found package: python3-distro-info (version: 1.15)
2026-09-22 07:07:52 Found package: python3-distupgrade (version: 1:26.04.18)
2026-09-22 07:07:52 Found package: python3-dnspython (version: 2.8.0-1ubuntu1)
2026-09-22 07:07:52 Found package: python3-gdbm (version: 3.14.3-0ubuntu2)
2026-09-22 07:07:52 Found package: python3-gi (version: 3.56.2-1)
2026-09-22 07:07:52 Found package: python3-gssapi (version: 1.10.1-1build1)
2026-09-22 07:07:52 Found package: python3-hamcrest (version: 2.1.0-3)
2026-09-22 07:07:52 Found package: python3-httplib2 (version: 0.22.0-1ubuntu0.1)
2026-09-22 07:07:52 Found package: python3-hyperlink (version: 21.0.0-6build1)
2026-09-22 07:07:52 Found package: python3-idna (version: 3.11-1ubuntu0.1)
2026-09-22 07:07:52 Found package: python3-incremental (version: 24.7.2-4)
2026-09-22 07:07:52 Found package: python3-inflect (version: 7.5.0-1build1)
2026-09-22 07:07:52 Found package: python3-jaraco.context (version: 6.0.1-2)
2026-09-22 07:07:52 Found package: python3-jaraco.functools (version: 4.1.0-1build1)
2026-09-22 07:07:52 Found package: python3-jaraco.text (version: 4.0.0-1build1)
2026-09-22 07:07:52 Found package: python3-jinja2 (version: 3.1.6-1build1)
2026-09-22 07:07:52 Found package: python3-jmespath (version: 1.0.1-1build1)
2026-09-22 07:07:52 Found package: python3-json-pointer (version: 2.4-4)
2026-09-22 07:07:52 Found package: python3-jsonpatch (version: 1.32-6)
2026-09-22 07:07:52 Found package: python3-jsonschema (version: 4.19.2-6ubuntu2)
2026-09-22 07:07:52 Found package: python3-jsonschema-specifications (version: 2023.12.1-4)
2026-09-22 07:07:52 Found package: python3-jwt (version: 2.10.1-4ubuntu1)
2026-09-22 07:07:52 Found package: python3-kerberos (version: 1.1.14-3.1build13)
2026-09-22 07:07:52 Found package: python3-launchpadlib (version: 2.1.0-1build1)
2026-09-22 07:07:52 Found package: python3-lazr.restfulclient (version: 0.14.6-3build1)
2026-09-22 07:07:52 Found package: python3-lazr.uri (version: 1.0.6-7build1)
2026-09-22 07:07:52 Found package: python3-libcloud (version: 3.8.0+repack-5ubuntu1)
2026-09-22 07:07:52 Found package: python3-linkify-it (version: 2.0.3-1ubuntu3)
2026-09-22 07:07:52 Found package: python3-magic (version: 2:0.4.27-3build1)
2026-09-22 07:07:52 Found package: python3-markdown-it (version: 3.0.0-3build1)
2026-09-22 07:07:52 Found package: python3-markupsafe (version: 3.0.3-1build1)
2026-09-22 07:07:52 Found package: python3-mdurl (version: 0.1.2-1build1)
2026-09-22 07:07:52 Found package: python3-minimal (version: 3.14.3-0ubuntu2)
2026-09-22 07:07:52 Found package: python3-more-itertools (version: 10.8.0-1build1)
2026-09-22 07:07:52 Found package: python3-netaddr (version: 1.3.0-1build1)
2026-09-22 07:07:52 Found package: python3-netifaces:amd64 (version: 0.11.0-2build7)
2026-09-22 07:07:52 Found package: python3-netplan (version: 1.2-1ubuntu5)
2026-09-22 07:07:52 Found package: python3-oauthlib (version: 3.3.1-1build1)
2026-09-22 07:07:52 Found package: python3-openssl (version: 25.3.0-1ubuntu1)
2026-09-22 07:07:53 Found package: python3-packaging (version: 26.0-1)
2026-09-22 07:07:53 Found package: python3-passlib (version: 1.9.3-1ubuntu1)
2026-09-22 07:07:53 Found package: python3-pexpect (version: 4.9-4)
2026-09-22 07:07:53 Found package: python3-pkg-resources (version: 78.1.1-0.1build1)
2026-09-22 07:07:53 Found package: python3-problem-report (version: 2.34.0-0ubuntu2)
2026-09-22 07:07:53 Found package: python3-ptyprocess (version: 0.7.0-6build1)
2026-09-22 07:07:53 Found package: python3-pyasn1 (version: 0.6.3-1ubuntu0.1)
2026-09-22 07:07:53 Found package: python3-pyasn1-modules (version: 0.4.1-2build1)
2026-09-22 07:07:53 Found package: python3-pyasyncore (version: 1.0.2-3build1)
2026-09-22 07:07:53 Found package: python3-pygments (version: 2.19.2+dfsg-1)
2026-09-22 07:07:53 Found package: python3-pyinotify (version: 0.9.6-5build1)
2026-09-22 07:07:53 Found package: python3-pyparsing (version: 3.3.2-2)
2026-09-22 07:07:53 Found package: python3-pyspnego (version: 0.10.2-3)
2026-09-22 07:07:53 Found package: python3-referencing (version: 0.36.2-1ubuntu2)
2026-09-22 07:07:53 Found package: python3-requests (version: 2.32.5+dfsg-1ubuntu1)
2026-09-22 07:07:53 Found package: python3-requests-ntlm (version: 1.3.0-1)
2026-09-22 07:07:53 Found package: python3-resolvelib (version: 1.2.1-2)
2026-09-22 07:07:53 Found package: python3-rich (version: 13.9.4-1.2)
2026-09-22 07:07:53 Found package: python3-rpds-py (version: 0.27.1-2ubuntu3)
2026-09-22 07:07:53 Found package: python3-s3transfer (version: 0.14.0-1build1)
2026-09-22 07:07:53 Found package: python3-selinux (version: 3.9-4build1)
2026-09-22 07:07:53 Found package: python3-serial (version: 3.5-2build1)
2026-09-22 07:07:53 Found package: python3-service-identity (version: 24.2.0-1build1)
2026-09-22 07:07:53 Found package: python3-setuptools (version: 78.1.1-0.1build1)
2026-09-22 07:07:53 Found package: python3-six (version: 1.17.0-2build1)
2026-09-22 07:07:53 Found package: python3-software-properties (version: 0.120)
2026-09-22 07:07:53 Found package: python3-systemd (version: 235-1build9)
2026-09-22 07:07:53 Found package: python3-twisted (version: 25.5.0-5ubuntu0.1)
2026-09-22 07:07:53 Found package: python3-typeguard (version: 4.4.4-2)
2026-09-22 07:07:53 Found package: python3-typing-extensions (version: 4.15.0-2)
2026-09-22 07:07:53 Found package: python3-uc-micro (version: 1.0.3-1build1)
2026-09-22 07:07:53 Found package: python3-update-manager (version: 1:26.04.5)
2026-09-22 07:07:53 Found package: python3-urllib3 (version: 2.6.3-1ubuntu1.1)
2026-09-22 07:07:53 Found package: python3-wadllib (version: 2.0.0-3)
2026-09-22 07:07:53 Found package: python3-winrm (version: 0.5.0-2build1)
2026-09-22 07:07:53 Found package: python3-xkit (version: 0.5.0ubuntu8)
2026-09-22 07:07:53 Found package: python3-xmltodict (version: 1.0.3-1)
2026-09-22 07:07:53 Found package: python3-yaml (version: 6.0.3-1build1)
2026-09-22 07:07:53 Found package: python3-zipp (version: 3.23.0-1build1)
2026-09-22 07:07:53 Found package: python3-zope.interface (version: 8.2-1build1)
2026-09-22 07:07:53 Found package: python3.14 (version: 3.14.4-1ubuntu0.1)
2026-09-22 07:07:53 Found package: python3.14-gdbm (version: 3.14.4-1ubuntu0.1)
2026-09-22 07:07:53 Found package: python3.14-minimal (version: 3.14.4-1ubuntu0.1)
2026-09-22 07:07:53 Found package: readline-common (version: 8.3-4)
2026-09-22 07:07:53 Found package: rpcsvc-proto (version: 1.4.3-1build1)
2026-09-22 07:07:53 Found package: rsync (version: 3.4.1+ds1-7ubuntu0.3)
2026-09-22 07:07:53 Found package: rsyslog (version: 8.2512.0-1ubuntu4.1)
2026-09-22 07:07:53 Found package: rust-coreutils (version: 0.8.0-0ubuntu3)
2026-09-22 07:07:53 Found package: sbsigntool (version: 0.9.4-3.1ubuntu9)
2026-09-22 07:07:53 Found package: screen (version: 4.9.1-3ubuntu2)
2026-09-22 07:07:53 Found package: secureboot-db (version: 1.9build2)
2026-09-22 07:07:53 Found package: sed (version: 4.9-2ubuntu1)
2026-09-22 07:07:53 Found package: sensible-utils (version: 0.0.26build1)
2026-09-22 07:07:53 Found package: sg3-utils (version: 1.48-3ubuntu3)
2026-09-22 07:07:53 Found package: sg3-utils-udev (version: 1.48-3ubuntu3)
2026-09-22 07:07:53 Found package: sgml-base (version: 1.31+nmu1build1)
2026-09-22 07:07:53 Found package: shared-mime-info (version: 2.4-5build3)
2026-09-22 07:07:53 Found package: snapd (version: 2.76+ubuntu26.04.3)
2026-09-22 07:07:53 Found package: software-properties-common (version: 0.120)
2026-09-22 07:07:53 Found package: sos (version: 4.10.2-1)
2026-09-22 07:07:53 Found package: squashfs-tools (version: 1:4.7.5-1)
2026-09-22 07:07:53 Found package: ssh-import-id (version: 5.11-0ubuntu4)
2026-09-22 07:07:54 Found package: strace (version: 6.19+ds-0ubuntu5)
2026-09-22 07:07:54 Found package: sudo (version: 1.9.17p2-1ubuntu3)
2026-09-22 07:07:54 Found package: sudo-common (version: 1.2ubuntu)
2026-09-22 07:07:54 Found package: sudo-rs (version: 0.2.13-0ubuntu1.2)
2026-09-22 07:07:54 Found package: sysstat (version: 12.7.7-0ubuntu2)
2026-09-22 07:07:54 Found package: systemd (version: 259.5-0ubuntu3.4)
2026-09-22 07:07:54 Found package: systemd-cryptsetup (version: 259.5-0ubuntu3.4)
2026-09-22 07:07:54 Found package: systemd-hwe-hwdb (version: 259.5.3ubuntu)
2026-09-22 07:07:54 Found package: systemd-resolved (version: 259.5-0ubuntu3.4)
2026-09-22 07:07:54 Found package: systemd-sysv (version: 259.5-0ubuntu3.4)
2026-09-22 07:07:54 Found package: sysvinit-utils (version: 3.15-5ubuntu1)
2026-09-22 07:07:54 Found package: tar (version: 1.35+dfsg-4ubuntu0.4)
2026-09-22 07:07:54 Found package: tcl (version: 8.6.16build1)
2026-09-22 07:07:54 Found package: tcl8.6 (version: 8.6.17+dfsg-1build1)
2026-09-22 07:07:54 Found package: tcpdump (version: 4.99.6-1)
2026-09-22 07:07:54 Found package: telnet (version: 0.17+2.7-2ubuntu1.1)
2026-09-22 07:07:54 Found package: thermald (version: 2.5.11-0ubuntu1)
2026-09-22 07:07:54 Found package: thin-provisioning-tools (version: 1.1.0-4ubuntu2)
2026-09-22 07:07:54 Found package: time (version: 1.9-0.4)
2026-09-22 07:07:54 Found package: tmux (version: 3.6a-2ubuntu0.1)
2026-09-22 07:07:54 Found package: tnftp (version: 20260211-1)
2026-09-22 07:07:54 Found package: tpm-udev (version: 4.1.3-6)
2026-09-22 07:07:54 Found package: trace-cmd (version: 3.3.3-1ubuntu2)
2026-09-22 07:07:54 Found package: tzdata (version: 2026c-0ubuntu0.26.04.1)
2026-09-22 07:07:54 Found package: ubuntu-drivers-common (version: 1:0.10.9)
2026-09-22 07:07:54 Found package: ubuntu-kernel-accessories (version: 1.570)
2026-09-22 07:07:54 Found package: ubuntu-keyring (version: 2023.11.28.1build1)
2026-09-22 07:07:54 Found package: ubuntu-minimal (version: 1.570)
2026-09-22 07:07:54 Found package: ubuntu-pro-client (version: 37.2ubuntu0.1)
2026-09-22 07:07:54 Found package: ubuntu-pro-client-l10n (version: 37.2ubuntu0.1)
2026-09-22 07:07:54 Found package: ubuntu-release-upgrader-core (version: 1:26.04.18)
2026-09-22 07:07:54 Found package: ubuntu-server (version: 1.570)
2026-09-22 07:07:54 Found package: ubuntu-server-minimal (version: 1.570)
2026-09-22 07:07:54 Found package: ubuntu-standard (version: 1.570)
2026-09-22 07:07:54 Found package: ucf (version: 3.0052ubuntu1)
2026-09-22 07:07:54 Found package: udev (version: 259.5-0ubuntu3.4)
2026-09-22 07:07:54 Found package: udisks2 (version: 2.10.91-1ubuntu2.1)
2026-09-22 07:07:54 Found package: ufw (version: 0.36.2-9build1)
2026-09-22 07:07:54 Found package: unattended-upgrades (version: 2.12ubuntu9)
2026-09-22 07:07:54 Found package: unminimize (version: 0.5build1)
2026-09-22 07:07:54 Found package: update-manager-core (version: 1:26.04.5)
2026-09-22 07:07:54 Found package: update-notifier-common (version: 3.207.2)
2026-09-22 07:07:54 Found package: upower (version: 1.91.1-1)
2026-09-22 07:07:54 Found package: usb-modeswitch (version: 2.6.2-1ubuntu1)
2026-09-22 07:07:54 Found package: usb-modeswitch-data (version: 20191128-7build1)
2026-09-22 07:07:54 Found package: usb.ids (version: 2025.12.13-1)
2026-09-22 07:07:54 Found package: usbmuxd (version: 1.1.1-7)
2026-09-22 07:07:54 Found package: usbutils (version: 1:019-1)
2026-09-22 07:07:54 Found package: util-linux (version: 2.41.3-3ubuntu2.2)
2026-09-22 07:07:54 Found package: util-linux-extra (version: 2.41.3-3ubuntu2.2)
2026-09-22 07:07:54 Found package: uuid-runtime (version: 2.41.3-3ubuntu2.2)
2026-09-22 07:07:54 Found package: vim (version: 2:9.1.2141-1ubuntu4.8)
2026-09-22 07:07:54 Found package: vim-common (version: 2:9.1.2141-1ubuntu4.8)
2026-09-22 07:07:54 Found package: vim-runtime (version: 2:9.1.2141-1ubuntu4.8)
2026-09-22 07:07:54 Found package: vim-tiny (version: 2:9.1.2141-1ubuntu4.8)
2026-09-22 07:07:54 Found package: wamerican (version: 2020.12.07-4build1)
2026-09-22 07:07:54 Found package: wget (version: 1.25.0-2ubuntu4.4)
2026-09-22 07:07:54 Found package: whiptail (version: 0.52.25-1ubuntu3)
2026-09-22 07:07:54 Found package: whois (version: 5.6.6)
2026-09-22 07:07:54 Found package: wireless-regdb (version: 2026.02.04-0ubuntu1)
2026-09-22 07:07:54 Found package: xauth (version: 1:1.1.2-1.1build1)
2026-09-22 07:07:55 Found package: xdg-user-dirs (version: 0.19-1)
2026-09-22 07:07:55 Found package: xfsprogs (version: 6.18.0-3)
2026-09-22 07:07:55 Found package: xkb-data (version: 2.46-2)
2026-09-22 07:07:55 Found package: xml-core (version: 0.19build1)
2026-09-22 07:07:55 Found package: xxd (version: 2:9.1.2141-1ubuntu4.8)
2026-09-22 07:07:55 Found package: xz-utils (version: 5.8.3-1)
2026-09-22 07:07:55 Found package: zerofree (version: 1.1.1-1build6)
2026-09-22 07:07:55 Found package: zlib1g:amd64 (version: 1:1.3.dfsg+really1.3.1-1ubuntu3.1)
2026-09-22 07:07:55 Found package: zstd (version: 1.5.7+dfsg-3)
2026-09-22 07:07:55 ====
2026-09-22 07:07:55 Performing test ID PKGS-7346 (Search unpurged packages on system)
2026-09-22 07:07:55 Test: Querying dpkg -l to get unpurged packages
2026-09-22 07:07:55 Result: found one or more packages with left over configuration files, cron jobs etc
2026-09-22 07:07:55 Output:
2026-09-22 07:07:55 Found unpurged package: linux-image-unsigned-7.0.0-14-generic
2026-09-22 07:07:55 Found unpurged package: linux-main-modules-zfs-7.0.0-14-generic
2026-09-22 07:07:55 Found unpurged package: linux-modules-7.0.0-14-generic
2026-09-22 07:07:55 Suggestion: Purge old/removed packages (3 found) with aptitude purge or dpkg --purge command. This will cleanup old configuration files, cron jobs and startup scripts. [test:PKGS-7346] [details:-] [solution:-]
2026-09-22 07:07:55 ====
2026-09-22 07:07:55 Skipped test PKGS-7348 (Check for old distfiles)
2026-09-22 07:07:55 Reason to skip: Incorrect guest OS (FreeBSD only)
2026-09-22 07:07:55 ====
2026-09-22 07:07:55 Skipped test PKGS-7350 (Checking for installed packages with DNF utility)
2026-09-22 07:07:55 Reason to skip: Prerequisites not met (ie missing tool, other type of Linux distribution)
2026-09-22 07:07:55 ====
2026-09-22 07:07:55 Skipped test PKGS-7352 (Checking for security updates with DNF utility)
2026-09-22 07:07:55 Reason to skip: Prerequisites not met (ie missing tool, other type of Linux distribution)
2026-09-22 07:07:55 ====
2026-09-22 07:07:55 Skipped test PKGS-7354 (Checking package database integrity)
2026-09-22 07:07:55 Reason to skip: Prerequisites not met (ie missing tool, other type of Linux distribution)
2026-09-22 07:07:55 ====
2026-09-22 07:07:55 Skipped test PKGS-7366 (Checking for debsecan utility)
2026-09-22 07:07:55 Reason to skip: Prerequisites not met (ie missing tool, other type of Linux distribution)
2026-09-22 07:07:55 ====
2026-09-22 07:07:55 Performing test ID PKGS-7370 (Checking for debsums utility)
2026-09-22 07:07:55 Result: debsums utility is not installed.
2026-09-22 07:07:55 Hardening: assigned partial number of hardening points (0 of 2). Currently having 123 points (out of 172)
2026-09-22 07:07:55 Suggestion: Install debsums utility for the verification of packages with known good database. [test:PKGS-7370] [details:-] [solution:-]
2026-09-22 07:07:55 ====
2026-09-22 07:07:55 Skipped test PKGS-7378 (Query portmaster for port upgrades)
2026-09-22 07:07:55 Reason to skip: Prerequisites not met (ie missing tool, other type of Linux distribution)
2026-09-22 07:07:55 ====
2026-09-22 07:07:55 Skipped test PKGS-7380 (Check for vulnerable NetBSD packages)
2026-09-22 07:07:55 Reason to skip: Incorrect guest OS (NetBSD only)
2026-09-22 07:07:55 ====
2026-09-22 07:07:55 Skipped test PKGS-7381 (Check for vulnerable FreeBSD packages with pkg)
2026-09-22 07:07:55 Reason to skip: pkg tool not available
2026-09-22 07:07:55 ====
2026-09-22 07:07:55 Skipped test PKGS-7382 (Check for vulnerable FreeBSD packages with portaudit)
2026-09-22 07:07:55 Reason to skip: Prerequisites not met (ie missing tool, other type of Linux distribution)
2026-09-22 07:07:55 ====
2026-09-22 07:07:55 Skipped test PKGS-7383 (Check for YUM package update management)
2026-09-22 07:07:55 Reason to skip: Prerequisites not met (ie missing tool, other type of Linux distribution)
2026-09-22 07:07:55 ====
2026-09-22 07:07:55 Skipped test PKGS-7384 (Check for YUM utils package)
2026-09-22 07:07:55 Reason to skip: Prerequisites not met (ie missing tool, other type of Linux distribution)
2026-09-22 07:07:55 ====
2026-09-22 07:07:55 Skipped test PKGS-7386 (Check for YUM security package)
2026-09-22 07:07:55 Reason to skip: Prerequisites not met (ie missing tool, other type of Linux distribution)
2026-09-22 07:07:55 ====
2026-09-22 07:07:55 Skipped test PKGS-7387 (Check for GPG signing in YUM security package)
2026-09-22 07:07:55 Reason to skip: Prerequisites not met (ie missing tool, other type of Linux distribution)
2026-09-22 07:07:55 ====
2026-09-22 07:07:55 Performing test ID PKGS-7388 (Check security repository in apt sources.list file)
2026-09-22 07:07:55 Searching for security.debian.org/security.ubuntu.com or security repositories in /etc/apt/sources.list file
2026-09-22 07:07:55 Searching for security.debian.org/security.ubuntu.com or security repositories in /etc/apt/sources.list.d directory
2026-09-22 07:07:55 Result: Found security repository in one or more files in directory /etc/apt/sources.list.d
2026-09-22 07:07:55 Output: /etc/apt/sources.list.d/ubuntu.sources:URIs: http://security.ubuntu.com/ubuntu/
2026-09-22 07:07:55 Output: /etc/apt/sources.list.d/ubuntu.sources.curtin.orig:URIs: http://security.ubuntu.com/ubuntu/
2026-09-22 07:07:55 Result: security repository was found
2026-09-22 07:07:55 Hardening: assigned maximum number of hardening points for this item (3). Currently having 126 points (out of 175)
2026-09-22 07:07:55 ====
2026-09-22 07:07:55 Performing test ID PKGS-7390 (Check Ubuntu database consistency)
2026-09-22 07:07:55 Test: Package database consistency by running apt-get check
2026-09-22 07:07:56 Result: package database seems to be consistent.
2026-09-22 07:07:56 ====
2026-09-22 07:07:56 Performing test ID PKGS-7392 (Check for Debian/Ubuntu security updates)
2026-09-22 07:07:56 Action: updating package repository with apt-get
2026-09-22 07:08:02 Result: apt-get finished
2026-09-22 07:08:02 Test: Checking if /usr/lib/update-notifier/apt-check exists
2026-09-22 07:08:02 Result: found /usr/lib/update-notifier/apt-check
2026-09-22 07:08:02 Test: checking if any of the updates contain security updates
2026-09-22 07:08:03 Result: found 43 security updates via apt-check
2026-09-22 07:08:03 Hardening: assigned partial number of hardening points (0 of 25). Currently having 126 points (out of 200)
2026-09-22 07:08:05 Result: found vulnerable package(s) via apt-get (-security channel)
2026-09-22 07:08:05 Found vulnerable package: curl
2026-09-22 07:08:05 Found vulnerable package: dracut
2026-09-22 07:08:05 Found vulnerable package: dracut-core
2026-09-22 07:08:05 Found vulnerable package: dracut-install
2026-09-22 07:08:05 Found vulnerable package: dracut-network
2026-09-22 07:08:05 Found vulnerable package: gir1.2-girepository-3.0
2026-09-22 07:08:05 Found vulnerable package: gir1.2-glib-2.0
2026-09-22 07:08:05 Found vulnerable package: libc-bin
2026-09-22 07:08:05 Found vulnerable package: libc-dev-bin
2026-09-22 07:08:05 Found vulnerable package: libc-gconv-modules-extra
2026-09-22 07:08:05 Found vulnerable package: libc6
2026-09-22 07:08:05 Found vulnerable package: libc6-dev
2026-09-22 07:08:05 Found vulnerable package: libcurl3t64-gnutls
2026-09-22 07:08:05 Found vulnerable package: libcurl4t64
2026-09-22 07:08:05 Found vulnerable package: libexpat1
2026-09-22 07:08:05 Found vulnerable package: libgirepository-2.0-0
2026-09-22 07:08:05 Found vulnerable package: libglib2.0-0t64
2026-09-22 07:08:05 Found vulnerable package: libglib2.0-bin
2026-09-22 07:08:05 Found vulnerable package: libglib2.0-data
2026-09-22 07:08:05 Found vulnerable package: libperl5.40
2026-09-22 07:08:05 Found vulnerable package: libpolkit-agent-1-0
2026-09-22 07:08:05 Found vulnerable package: libpolkit-gobject-1-0
2026-09-22 07:08:05 Found vulnerable package: libpython3.14
2026-09-22 07:08:05 Found vulnerable package: libpython3.14-minimal
2026-09-22 07:08:05 Found vulnerable package: libpython3.14-stdlib
2026-09-22 07:08:05 Found vulnerable package: libsqlite3-0
2026-09-22 07:08:05 Found vulnerable package: libxml2-16
2026-09-22 07:08:05 Found vulnerable package: locales
2026-09-22 07:08:05 Found vulnerable package: perl
2026-09-22 07:08:05 Found vulnerable package: perl-base
2026-09-22 07:08:05 Found vulnerable package: perl-modules-5.40
2026-09-22 07:08:05 Found vulnerable package: polkitd
2026-09-22 07:08:05 Found vulnerable package: python3-cryptography
2026-09-22 07:08:05 Found vulnerable package: python3.14
2026-09-22 07:08:05 Found vulnerable package: python3.14-gdbm
2026-09-22 07:08:05 Found vulnerable package: python3.14-minimal
2026-09-22 07:08:05 Found vulnerable package: rsyslog
2026-09-22 07:08:05 Found vulnerable package: vim
2026-09-22 07:08:05 Found vulnerable package: vim-common
2026-09-22 07:08:05 Found vulnerable package: vim-runtime
2026-09-22 07:08:05 Found vulnerable package: vim-tiny
2026-09-22 07:08:05 Found vulnerable package: wireless-regdb
2026-09-22 07:08:05 Found vulnerable package: xxd
2026-09-22 07:08:05 Warning: Found one or more vulnerable packages. [test:PKGS-7392] [details:-] [solution:-]
2026-09-22 07:08:05 Suggestion: Update your system with apt-get update, apt-get upgrade, apt-get dist-upgrade and/or unattended-upgrades [test:PKGS-7392] [details:-] [solution:-]
2026-09-22 07:08:05 ====
2026-09-22 07:08:05 Skipped test PKGS-7393 (Check for Gentoo vulnerable packages)
2026-09-22 07:08:05 Reason to skip: Prerequisites not met (ie missing tool, other type of Linux distribution)
2026-09-22 07:08:05 ====
2026-09-22 07:08:05 Performing test ID PKGS-7394 (Check for Ubuntu updates)
2026-09-22 07:08:05 Test: checking /usr/bin/apt-show-versions
2026-09-22 07:08:05 Result: /usr/bin/apt-show-versions not found
2026-09-22 07:08:05 Suggestion: Install package apt-show-versions for patch management purposes [test:PKGS-7394] [details:-] [solution:-]
2026-09-22 07:08:05 ====
2026-09-22 07:08:06 Skipped test PKGS-7395 (Check for Alpine updates)
2026-09-22 07:08:06 Reason to skip: Prerequisites not met (ie missing tool, other type of Linux distribution)
2026-09-22 07:08:06 ====
2026-09-22 07:08:06 Performing test ID PKGS-7398 (Check for package audit tool)
2026-09-22 07:08:06 Test: checking for package audit tool
2026-09-22 07:08:06 Result: found package audit tool: apt-get
2026-09-22 07:08:06 ====
2026-09-22 07:08:06 Performing test ID PKGS-7410 (Count installed kernel packages)
2026-09-22 07:08:06 Test: Checking how many kernel packages are installed
2026-09-22 07:08:06 Result: found 1 kernel packages on the system, which is fine
2026-09-22 07:08:06 ====
2026-09-22 07:08:06 Performing test ID PKGS-7420 (Detect toolkit to automatically download and apply upgrades)
2026-09-22 07:08:06 Result: found unattended-upgrade
2026-09-22 07:08:06 Hardening: assigned maximum number of hardening points for this item (5). Currently having 131 points (out of 205)
2026-09-22 07:08:06 Security check: file is normal
2026-09-22 07:08:06 Checking permissions of /usr/share/lynis/include/tests_networking
2026-09-22 07:08:06 File permissions are OK
2026-09-22 07:08:06 ====
2026-09-22 07:08:06 Action: Performing tests from category: Networking
2026-09-22 07:08:06 ====
2026-09-22 07:08:06 Performing test ID NETW-2400 (Hostname length and value check)
2026-09-22 07:08:06 Result: FQDN is defined and not longer than 253 characters (7 characters)
2026-09-22 07:08:06 Result: hostnamed is defined and not longer than 63 characters
2026-09-22 07:08:06 Result: good, no unexpected characters discovered in hostname
2026-09-22 07:08:06 ====
2026-09-22 07:08:06 Performing test ID NETW-2600 (Checking IPv6 configuration)
2026-09-22 07:08:09 Result: IPV6 mode is auto
2026-09-22 07:08:09 Result: IPv6 only configuration: NO
2026-09-22 07:08:09 ====
2026-09-22 07:08:09 Performing test ID NETW-2704 (Basic nameserver configuration tests)
2026-09-22 07:08:09 Test: Checking /etc/resolv.conf file
2026-09-22 07:08:09 Result: Found /etc/resolv.conf file
2026-09-22 07:08:09 Test: Querying nameservers
2026-09-22 07:08:09 Found nameserver: 127.0.0.53
2026-09-22 07:08:09 Nameserver 127.0.0.53 seems to respond to queries from this host.
2026-09-22 07:08:09 ====
2026-09-22 07:08:09 Skipped test NETW-2705 (Check availability two nameservers)
2026-09-22 07:08:09 Reason to skip: Prerequisites not met (ie missing tool, other type of Linux distribution)
2026-09-22 07:08:09 Result: Test most likely skipped due having local resolver in /etc/resolv.conf
2026-09-22 07:08:09 ====
2026-09-22 07:08:09 Performing test ID NETW-2706 (Check systemd-resolved and upstream DNSSEC status)
2026-09-22 07:08:09 Result: command '/usr/bin/resolvectl statistics' returned an error. Please run command manually to check for details.
2026-09-22 07:08:09 ====
2026-09-22 07:08:09 Skipped test NETW-3001 (Find default gateway (route))
2026-09-22 07:08:09 Reason to skip: Prerequisites not met (ie missing tool, other type of Linux distribution)
2026-09-22 07:08:09 ====
2026-09-22 07:08:09 Performing test ID NETW-3004 (Search for available network interfaces)
2026-09-22 07:08:09 Found network interface: lo
2026-09-22 07:08:09 Found network interface: enp0s3
2026-09-22 07:08:09 Found network interface: enp0s8
2026-09-22 07:08:09 ====
2026-09-22 07:08:09 Performing test ID NETW-3006 (Get network MAC addresses)
2026-09-22 07:08:09 Test: Using ip binary to gather hardware addresses
2026-09-22 07:08:09 Found MAC address: 08:00:27:dc:55:c7
2026-09-22 07:08:09 Found MAC address: 08:00:27:0b:be:54
2026-09-22 07:08:09 ====
2026-09-22 07:08:10 Performing test ID NETW-3008 (Get network IP addresses)
2026-09-22 07:08:10 Test: Using ip binary to gather IP addresses
2026-09-22 07:08:10 Found IPv4 address: 127.0.0.1
2026-09-22 07:08:10 Found IPv4 address: 10.5.0.11
2026-09-22 07:08:10 Found IPv4 address: 10.0.3.15
2026-09-22 07:08:10 Found IPv6 address: ::1
2026-09-22 07:08:10 Found IPv6 address: fe80::a00:27ff:fedc:55c7
2026-09-22 07:08:10 Found IPv6 address: fd17:625c:f037:3:a00:27ff:fe0b:be54
2026-09-22 07:08:10 Found IPv6 address: fe80::a00:27ff:fe0b:be54
2026-09-22 07:08:10 ====
2026-09-22 07:08:10 Performing test ID NETW-3012 (Check listening ports)
2026-09-22 07:08:10 Test: Retrieving ss information to find listening ports
2026-09-22 07:08:10 ====
2026-09-22 07:08:10 Skipped test NETW-3014 (Checking promiscuous interfaces (BSD))
2026-09-22 07:08:10 Reason to skip: Prerequisites not met (ie missing tool, other type of Linux distribution)
2026-09-22 07:08:10 ====
2026-09-22 07:08:10 Performing test ID NETW-3015 (Checking promiscuous interfaces (Linux))
2026-09-22 07:08:10 Test: Using ip binary to retrieve network interfaces
2026-09-22 07:08:10 Test: Checking all interfaces to discover any with promiscuous mode enabled
2026-09-22 07:08:10 Result: No promiscuous interfaces found
2026-09-22 07:08:10 ====
2026-09-22 07:08:10 Skipped test NETW-3028 (Checking connections in WAIT state)
2026-09-22 07:08:10 Reason to skip: Prerequisites not met (ie missing tool, other type of Linux distribution)
2026-09-22 07:08:10 ====
2026-09-22 07:08:10 Performing test ID NETW-3030 (Checking DHCP client status)
2026-09-22 07:08:10 Performing pgrep scan without uid
2026-09-22 07:08:10 IsRunning: process 'dhclient' not found
2026-09-22 07:08:10 Performing pgrep scan without uid
2026-09-22 07:08:10 IsRunning: process 'dhcpcd' not found
2026-09-22 07:08:10 Performing pgrep scan without uid
2026-09-22 07:08:10 IsRunning: process 'udhcpc' not found
2026-09-22 07:08:10 ====
2026-09-22 07:08:10 Performing test ID NETW-3032 (Checking for ARP monitoring software)
2026-09-22 07:08:10 Performing pgrep scan without uid
2026-09-22 07:08:10 IsRunning: process 'addrwatch' not found
2026-09-22 07:08:10 Performing pgrep scan without uid
2026-09-22 07:08:10 IsRunning: process 'arpwatch' not found
2026-09-22 07:08:10 Performing pgrep scan without uid
2026-09-22 07:08:10 IsRunning: process 'arpon' not found
2026-09-22 07:08:10 ====
2026-09-22 07:08:10 Performing test ID NETW-3200 (Determine available network protocols)
2026-09-22 07:08:10 Test: checking the status of some network protocols that typically are not used
2026-09-22 07:08:10 Test: now checking module 'dccp'
2026-09-22 07:08:10 Suggestion: Determine if protocol 'dccp' is really needed on this system [test:NETW-3200] [details:-] [solution:-]
2026-09-22 07:08:10 Test: now checking module 'sctp'
2026-09-22 07:08:10 Suggestion: Determine if protocol 'sctp' is really needed on this system [test:NETW-3200] [details:-] [solution:-]
2026-09-22 07:08:10 Test: now checking module 'rds'
2026-09-22 07:08:10 Suggestion: Determine if protocol 'rds' is really needed on this system [test:NETW-3200] [details:-] [solution:-]
2026-09-22 07:08:10 Test: now checking module 'tipc'
2026-09-22 07:08:10 Suggestion: Determine if protocol 'tipc' is really needed on this system [test:NETW-3200] [details:-] [solution:-]
2026-09-22 07:08:10 Security check: file is normal
2026-09-22 07:08:10 Checking permissions of /usr/share/lynis/include/tests_printers_spoolers
2026-09-22 07:08:10 File permissions are OK
2026-09-22 07:08:10 ====
2026-09-22 07:08:10 Action: Performing tests from category: Printers and Spools
2026-09-22 07:08:10 ====
2026-09-22 07:08:10 Skipped test PRNT-2302 (Check for printcap consistency)
2026-09-22 07:08:10 Reason to skip: Incorrect guest OS (FreeBSD only)
2026-09-22 07:08:10 ====
2026-09-22 07:08:10 Performing test ID PRNT-2304 (Check cupsd status)
2026-09-22 07:08:10 Test: Checking cupsd status
2026-09-22 07:08:10 Performing pgrep scan without uid
2026-09-22 07:08:10 IsRunning: process 'cupsd' not found
2026-09-22 07:08:10 Result: cups daemon not running, cups daemon tests skipped
2026-09-22 07:08:10 ====
2026-09-22 07:08:10 Skipped test PRNT-2306 (Check CUPSd configuration file)
2026-09-22 07:08:10 Reason to skip: Prerequisites not met (ie missing tool, other type of Linux distribution)
2026-09-22 07:08:10 ====
2026-09-22 07:08:10 Skipped test PRNT-2307 (Check CUPSd configuration file permissions)
2026-09-22 07:08:10 Reason to skip: Prerequisites not met (ie missing tool, other type of Linux distribution)
2026-09-22 07:08:10 ====
2026-09-22 07:08:11 Skipped test PRNT-2308 (Check CUPSd network configuration)
2026-09-22 07:08:11 Reason to skip: Prerequisites not met (ie missing tool, other type of Linux distribution)
2026-09-22 07:08:11 ====
2026-09-22 07:08:11 Performing test ID PRNT-2314 (Check lpd status)
2026-09-22 07:08:11 Test: Checking lpd status
2026-09-22 07:08:11 Performing pgrep scan without uid
2026-09-22 07:08:11 IsRunning: process 'lpd' not found
2026-09-22 07:08:11 Result: lp daemon not running
2026-09-22 07:08:11 Hardening: assigned maximum number of hardening points for this item (4). Currently having 135 points (out of 209)
2026-09-22 07:08:11 ====
2026-09-22 07:08:11 Skipped test PRNT-2316 (Checking /etc/qconfig file)
2026-09-22 07:08:11 Reason to skip: Incorrect guest OS (AIX only)
2026-09-22 07:08:11 ====
2026-09-22 07:08:11 Skipped test PRNT-2418 (Checking qdaemon printer spooler status)
2026-09-22 07:08:11 Reason to skip: Incorrect guest OS (AIX only)
2026-09-22 07:08:11 ====
2026-09-22 07:08:11 Skipped test PRNT-2420 (Checking old print jobs)
2026-09-22 07:08:11 Reason to skip: Incorrect guest OS (AIX only)
2026-09-22 07:08:11 Security check: file is normal
2026-09-22 07:08:11 Checking permissions of /usr/share/lynis/include/tests_mail_messaging
2026-09-22 07:08:11 File permissions are OK
2026-09-22 07:08:11 ====
2026-09-22 07:08:11 Action: Performing tests from category: Software: e-mail and messaging
2026-09-22 07:08:11 ====
2026-09-22 07:08:11 Performing test ID MAIL-8802 (Check Exim status)
2026-09-22 07:08:11 Test: check Exim status
2026-09-22 07:08:11 Performing pgrep scan without uid
2026-09-22 07:08:11 IsRunning: process 'exim4' not found
2026-09-22 07:08:11 Performing pgrep scan without uid
2026-09-22 07:08:11 IsRunning: process 'exim' not found
2026-09-22 07:08:11 Result: no running Exim processes found
2026-09-22 07:08:11 ====
2026-09-22 07:08:11 Skipped test MAIL-8804 (Exim configuration options)
2026-09-22 07:08:11 Reason to skip: Prerequisites not met (ie missing tool, other type of Linux distribution)
2026-09-22 07:08:11 ====
2026-09-22 07:08:11 Performing test ID MAIL-8814 (Check postfix process status)
2026-09-22 07:08:11 Test: check Postfix status
2026-09-22 07:08:11 Result: no running Postfix processes found
2026-09-22 07:08:11 ====
2026-09-22 07:08:11 Skipped test MAIL-8816 (Check Postfix configuration)
2026-09-22 07:08:11 Reason to skip: Prerequisites not met (ie missing tool, other type of Linux distribution)
2026-09-22 07:08:11 ====
2026-09-22 07:08:11 Skipped test MAIL-8817 (Check Postfix configuration errors)
2026-09-22 07:08:11 Reason to skip: Prerequisites not met (ie missing tool, other type of Linux distribution)
2026-09-22 07:08:11 ====
2026-09-22 07:08:11 Skipped test MAIL-8818 (Check Postfix configuration: banner)
2026-09-22 07:08:11 Reason to skip: Prerequisites not met (ie missing tool, other type of Linux distribution)
2026-09-22 07:08:11 ====
2026-09-22 07:08:11 Performing test ID MAIL-8820 (Postfix configuration scan)
2026-09-22 07:08:11 ====
2026-09-22 07:08:11 Performing test ID MAIL-8838 (Check dovecot process)
2026-09-22 07:08:11 Test: check dovecot status
2026-09-22 07:08:11 Performing pgrep scan without uid
2026-09-22 07:08:11 IsRunning: process 'dovecot' not found
2026-09-22 07:08:11 Result: dovecot not found
2026-09-22 07:08:11 ====
2026-09-22 07:08:11 Performing test ID MAIL-8860 (Check Qmail status)
2026-09-22 07:08:11 Test: check Qmail status
2026-09-22 07:08:11 Performing pgrep scan without uid
2026-09-22 07:08:11 IsRunning: process 'qmail-smtpd' not found
2026-09-22 07:08:11 Result: no running Qmail processes found
2026-09-22 07:08:11 ====
2026-09-22 07:08:11 Performing test ID MAIL-8880 (Check Sendmail status)
2026-09-22 07:08:11 Test: check sendmail status
2026-09-22 07:08:11 Performing pgrep scan without uid
2026-09-22 07:08:11 IsRunning: process 'sendmail' not found
2026-09-22 07:08:11 Result: no running Sendmail processes found
2026-09-22 07:08:11 ====
2026-09-22 07:08:11 Skipped test MAIL-8920 (Check OpenSMTPD status)
2026-09-22 07:08:11 Reason to skip: Prerequisites not met (ie missing tool, other type of Linux distribution)
2026-09-22 07:08:11 Security check: file is normal
2026-09-22 07:08:11 Checking permissions of /usr/share/lynis/include/tests_firewalls
2026-09-22 07:08:11 File permissions are OK
2026-09-22 07:08:11 ====
2026-09-22 07:08:11 Action: Performing tests from category: Software: firewalls
2026-09-22 07:08:11 ====
2026-09-22 07:08:11 Performing test ID FIRE-4502 (Check iptables kernel module)
2026-09-22 07:08:12 Result: found kernel configuration file (/boot/config-7.0.0-31-generic)
2026-09-22 07:08:12 Result: no iptables found in Linux kernel config file
2026-09-22 07:08:12 ====
2026-09-22 07:08:12 Skipped test FIRE-4508 (Check used policies of iptables chains)
2026-09-22 07:08:12 Reason to skip: Prerequisites not met (ie missing tool, other type of Linux distribution)
2026-09-22 07:08:12 ====
2026-09-22 07:08:12 Skipped test FIRE-4512 (Check iptables for empty ruleset)
2026-09-22 07:08:12 Reason to skip: Prerequisites not met (ie missing tool, other type of Linux distribution)
2026-09-22 07:08:12 ====
2026-09-22 07:08:12 Skipped test FIRE-4513 (Check iptables for unused rules)
2026-09-22 07:08:12 Reason to skip: Prerequisites not met (ie missing tool, other type of Linux distribution)
2026-09-22 07:08:12 ====
2026-09-22 07:08:12 Skipped test FIRE-4518 (Check pf firewall components)
2026-09-22 07:08:12 Reason to skip: No /dev/pf device
2026-09-22 07:08:12 ====
2026-09-22 07:08:12 Skipped test FIRE-4520 (Check pf configuration consistency)
2026-09-22 07:08:12 Reason to skip: Prerequisites not met (ie missing tool, other type of Linux distribution)
2026-09-22 07:08:12 ====
2026-09-22 07:08:12 Performing test ID FIRE-4524 (Check for CSF presence)
2026-09-22 07:08:12 Test: check /etc/csf/csf.conf
2026-09-22 07:08:12 Result: /etc/csf/csf.conf does NOT exist
2026-09-22 07:08:12 ====
2026-09-22 07:08:12 Skipped test FIRE-4526 (Check ipf status)
2026-09-22 07:08:12 Reason to skip: Incorrect guest OS (Solaris only)
2026-09-22 07:08:12 ====
2026-09-22 07:08:12 Skipped test FIRE-4530 (Check IPFW status)
2026-09-22 07:08:12 Reason to skip: Incorrect guest OS (FreeBSD only)
2026-09-22 07:08:12 ====
2026-09-22 07:08:12 Skipped test FIRE-4532 (Check macOS application firewall)
2026-09-22 07:08:12 Reason to skip: Incorrect guest OS (macOS only)
2026-09-22 07:08:12 ====
2026-09-22 07:08:12 Skipped test FIRE-4534 (Check for presence of outbound firewalls on macOS)
2026-09-22 07:08:12 Reason to skip: Incorrect guest OS (macOS only)
2026-09-22 07:08:12 ====
2026-09-22 07:08:12 Performing test ID FIRE-4536 (Check nftables status)
2026-09-22 07:08:12 Result: found nftables kernel module
2026-09-22 07:08:12 ====
2026-09-22 07:08:12 Performing test ID FIRE-4538 (Check nftables basic configuration)
2026-09-22 07:08:12 Result: found version 1.1.6 of nft
2026-09-22 07:08:12 ====
2026-09-22 07:08:12 Performing test ID FIRE-4540 (Check for empty nftables configuration)
2026-09-22 07:08:12 Result: found 172 rules in nftables configuration
2026-09-22 07:08:12 ====
2026-09-22 07:08:12 Performing test ID FIRE-4586 (Check firewall logging)
2026-09-22 07:08:12 ====
2026-09-22 07:08:12 Performing test ID FIRE-4590 (Check firewall status)
2026-09-22 07:08:12 Result: host based firewall or packet filter is active
2026-09-22 07:08:12 Hardening: assigned maximum number of hardening points for this item (5). Currently having 140 points (out of 214)
2026-09-22 07:08:12 ====
2026-09-22 07:08:12 Performing test ID FIRE-4594 (Check for APF presence)
2026-09-22 07:08:12 Test: check /etc/apf/conf.apf
2026-09-22 07:08:12 Result: /etc/apf/conf.apf does NOT exist
2026-09-22 07:08:12 Security check: file is normal
2026-09-22 07:08:12 Checking permissions of /usr/share/lynis/include/tests_webservers
2026-09-22 07:08:12 File permissions are OK
2026-09-22 07:08:12 ====
2026-09-22 07:08:12 Action: Performing tests from category: Software: webserver
2026-09-22 07:08:12 Action: created temporary file /tmp/lynis.7kYzpCDrmu
2026-09-22 07:08:12 Action: created temporary file /tmp/lynis.EwAjzl1YI7
2026-09-22 07:08:12 Action: created temporary file /tmp/lynis.d5xuZ2XiHC
2026-09-22 07:08:12 ====
2026-09-22 07:08:12 Performing test ID HTTP-6622 (Checking Apache presence)
2026-09-22 07:08:12 ====
2026-09-22 07:08:12 Skipped test HTTP-6624 (Testing main Apache configuration file)
2026-09-22 07:08:12 Reason to skip: Prerequisites not met (ie missing tool, other type of Linux distribution)
2026-09-22 07:08:12 ====
2026-09-22 07:08:12 Skipped test HTTP-6626 (Testing other Apache configuration file)
2026-09-22 07:08:12 Reason to skip: Prerequisites not met (ie missing tool, other type of Linux distribution)
2026-09-22 07:08:12 ====
2026-09-22 07:08:13 Skipped test HTTP-6632 (Determining all available Apache modules)
2026-09-22 07:08:13 Reason to skip: Prerequisites not met (ie missing tool, other type of Linux distribution)
2026-09-22 07:08:13 ====
2026-09-22 07:08:13 Skipped test HTTP-6640 (Determining existence of specific Apache modules)
2026-09-22 07:08:13 Reason to skip: Prerequisites not met (ie missing tool, other type of Linux distribution)
2026-09-22 07:08:13 ====
2026-09-22 07:08:13 Skipped test HTTP-6641 (Determining existence of specific Apache modules)
2026-09-22 07:08:13 Reason to skip: Prerequisites not met (ie missing tool, other type of Linux distribution)
2026-09-22 07:08:13 ====
2026-09-22 07:08:13 Skipped test HTTP-6643 (Determining existence of specific Apache modules)
2026-09-22 07:08:13 Reason to skip: Prerequisites not met (ie missing tool, other type of Linux distribution)
2026-09-22 07:08:13 ====
2026-09-22 07:08:13 Skipped test HTTP-6660 (Checking Apache security setting: TraceEnable)
2026-09-22 07:08:13 Reason to skip: Prerequisites not met (ie missing tool, other type of Linux distribution)
2026-09-22 07:08:13 ====
2026-09-22 07:08:13 Performing test ID HTTP-6702 (Check nginx process)
2026-09-22 07:08:13 Test: searching running nginx process
2026-09-22 07:08:13 Performing pgrep scan without uid
2026-09-22 07:08:13 IsRunning: process 'nginx' not found
2026-09-22 07:08:13 Result: no running nginx process found
2026-09-22 07:08:13 ====
2026-09-22 07:08:13 Skipped test HTTP-6704 (Check nginx configuration file)
2026-09-22 07:08:13 Reason to skip: Prerequisites not met (ie missing tool, other type of Linux distribution)
2026-09-22 07:08:13 ====
2026-09-22 07:08:13 Skipped test HTTP-6706 (Check for additional nginx configuration files)
2026-09-22 07:08:13 Reason to skip: Prerequisites not met (ie missing tool, other type of Linux distribution)
2026-09-22 07:08:13 ====
2026-09-22 07:08:13 Skipped test HTTP-6708 (Check discovered nginx configuration settings)
2026-09-22 07:08:13 Reason to skip: Prerequisites not met (ie missing tool, other type of Linux distribution)
2026-09-22 07:08:13 ====
2026-09-22 07:08:13 Skipped test HTTP-6710 (Check nginx SSL configuration settings)
2026-09-22 07:08:13 Reason to skip: Prerequisites not met (ie missing tool, other type of Linux distribution)
2026-09-22 07:08:13 ====
2026-09-22 07:08:13 Skipped test HTTP-6712 (Check nginx access logging)
2026-09-22 07:08:13 Reason to skip: Prerequisites not met (ie missing tool, other type of Linux distribution)
2026-09-22 07:08:13 ====
2026-09-22 07:08:13 Skipped test HTTP-6714 (Check for missing error logs in nginx)
2026-09-22 07:08:13 Reason to skip: Prerequisites not met (ie missing tool, other type of Linux distribution)
2026-09-22 07:08:13 ====
2026-09-22 07:08:13 Skipped test HTTP-6716 (Check for debug mode on error log in nginx)
2026-09-22 07:08:13 Reason to skip: Prerequisites not met (ie missing tool, other type of Linux distribution)
2026-09-22 07:08:13 ====
2026-09-22 07:08:13 Skipped test HTTP-6720 (Check Nginx log files)
2026-09-22 07:08:13 Reason to skip: Prerequisites not met (ie missing tool, other type of Linux distribution)
2026-09-22 07:08:13 Security check: file is normal
2026-09-22 07:08:13 Checking permissions of /usr/share/lynis/include/tests_ssh
2026-09-22 07:08:13 File permissions are OK
2026-09-22 07:08:13 ====
2026-09-22 07:08:13 Action: Performing tests from category: SSH Support
2026-09-22 07:08:13 ====
2026-09-22 07:08:13 Performing test ID SSH-7402 (Check for running SSH daemon)
2026-09-22 07:08:13 Test: Searching for a SSH daemon
2026-09-22 07:08:13 Performing pgrep scan without uid
2026-09-22 07:08:13 IsRunning: process 'sshd' found (3081 )
2026-09-22 07:08:13 Action: created temporary file /tmp/lynis.dPsHZc4cC9
2026-09-22 07:08:13 ====
2026-09-22 07:08:13 Performing test ID SSH-7404 (Check SSH daemon file location)
2026-09-22 07:08:13 Test: searching for sshd_config file
2026-09-22 07:08:13 Result: /etc/ssh/sshd_config exists
2026-09-22 07:08:13 Test: check if we can access /etc/ssh/sshd_config (escaped: /etc/ssh/sshd_config)
2026-09-22 07:08:13 Result: file is owned by our current user ID (0), checking if it is readable
2026-09-22 07:08:13 Result: file /etc/ssh/sshd_config is readable (or directory accessible).
2026-09-22 07:08:13 Result: using last found configuration file: /etc/ssh/sshd_config
2026-09-22 07:08:13 ====
2026-09-22 07:08:13 Performing test ID SSH-7406 (Determine OpenSSH version)
2026-09-22 07:08:13 Result: discovered OpenSSH version is 10.2
2026-09-22 07:08:13 Result: OpenSSH major version: 10
2026-09-22 07:08:13 Result: OpenSSH minor version: 2
2026-09-22 07:08:13 ====
2026-09-22 07:08:13 Performing test ID SSH-7408 (Check SSH specific defined options)
2026-09-22 07:08:13 Test: Checking specific defined options in /tmp/lynis.dPsHZc4cC9
2026-09-22 07:08:14 Test: Checking AllowTcpForwarding in /tmp/lynis.dPsHZc4cC9
2026-09-22 07:08:14 Result: Option AllowTcpForwarding found
2026-09-22 07:08:14 Result: Option AllowTcpForwarding value is NO
2026-09-22 07:08:14 Result: OpenSSH option AllowTcpForwarding is configured very well
2026-09-22 07:08:14 Hardening: assigned maximum number of hardening points for this item (3). Currently having 143 points (out of 217)
2026-09-22 07:08:14 Test: Checking ClientAliveCountMax in /tmp/lynis.dPsHZc4cC9
2026-09-22 07:08:14 Result: Option ClientAliveCountMax found
2026-09-22 07:08:14 Result: Option ClientAliveCountMax value is 3
2026-09-22 07:08:14 Result: OpenSSH option ClientAliveCountMax is configured reasonably
2026-09-22 07:08:14 Suggestion: Consider hardening SSH configuration [test:SSH-7408] [details:ClientAliveCountMax (set 3 to 2)] [solution:-]
2026-09-22 07:08:14 Hardening: assigned partial number of hardening points (1 of 3). Currently having 144 points (out of 220)
2026-09-22 07:08:14 Test: Checking ClientAliveInterval in /tmp/lynis.dPsHZc4cC9
2026-09-22 07:08:14 Result: Option ClientAliveInterval found
2026-09-22 07:08:14 Result: Option ClientAliveInterval value is 0
2026-09-22 07:08:14 Result: OpenSSH option ClientAliveInterval is configured very well
2026-09-22 07:08:14 Hardening: assigned maximum number of hardening points for this item (3). Currently having 147 points (out of 223)
2026-09-22 07:08:14 Test: Checking FingerprintHash in /tmp/lynis.dPsHZc4cC9
2026-09-22 07:08:14 Result: Option FingerprintHash found
2026-09-22 07:08:14 Result: Option FingerprintHash value is SHA256
2026-09-22 07:08:14 Result: OpenSSH option FingerprintHash is configured very well
2026-09-22 07:08:14 Hardening: assigned maximum number of hardening points for this item (3). Currently having 150 points (out of 226)
2026-09-22 07:08:14 Test: Checking GatewayPorts in /tmp/lynis.dPsHZc4cC9
2026-09-22 07:08:14 Result: Option GatewayPorts found
2026-09-22 07:08:14 Result: Option GatewayPorts value is NO
2026-09-22 07:08:14 Result: OpenSSH option GatewayPorts is configured very well
2026-09-22 07:08:14 Hardening: assigned maximum number of hardening points for this item (3). Currently having 153 points (out of 229)
2026-09-22 07:08:14 Test: Checking IgnoreRhosts in /tmp/lynis.dPsHZc4cC9
2026-09-22 07:08:14 Result: Option IgnoreRhosts found
2026-09-22 07:08:14 Result: Option IgnoreRhosts value is YES
2026-09-22 07:08:14 Result: OpenSSH option IgnoreRhosts is configured very well
2026-09-22 07:08:14 Hardening: assigned maximum number of hardening points for this item (3). Currently having 156 points (out of 232)
2026-09-22 07:08:14 Test: Checking LoginGraceTime in /tmp/lynis.dPsHZc4cC9
2026-09-22 07:08:14 Result: Option LoginGraceTime found
2026-09-22 07:08:14 Result: Option LoginGraceTime value is 120
2026-09-22 07:08:14 Result: OpenSSH option LoginGraceTime is configured very well
2026-09-22 07:08:14 Hardening: assigned maximum number of hardening points for this item (3). Currently having 159 points (out of 235)
2026-09-22 07:08:14 Test: Checking LogLevel in /tmp/lynis.dPsHZc4cC9
2026-09-22 07:08:14 Result: Option LogLevel found
2026-09-22 07:08:14 Result: Option LogLevel value is VERBOSE
2026-09-22 07:08:14 Result: OpenSSH option LogLevel is configured very well
2026-09-22 07:08:14 Hardening: assigned maximum number of hardening points for this item (3). Currently having 162 points (out of 238)
2026-09-22 07:08:14 Test: Checking MaxAuthTries in /tmp/lynis.dPsHZc4cC9
2026-09-22 07:08:14 Result: Option MaxAuthTries found
2026-09-22 07:08:14 Result: Option MaxAuthTries value is 3
2026-09-22 07:08:14 Result: OpenSSH option MaxAuthTries is configured very well
2026-09-22 07:08:14 Hardening: assigned maximum number of hardening points for this item (3). Currently having 165 points (out of 241)
2026-09-22 07:08:14 Test: Checking MaxSessions in /tmp/lynis.dPsHZc4cC9
2026-09-22 07:08:14 Result: Option MaxSessions found
2026-09-22 07:08:14 Result: Option MaxSessions value is 2
2026-09-22 07:08:14 Result: OpenSSH option MaxSessions is configured very well
2026-09-22 07:08:14 Hardening: assigned maximum number of hardening points for this item (3). Currently having 168 points (out of 244)
2026-09-22 07:08:14 Test: Checking PermitRootLogin in /tmp/lynis.dPsHZc4cC9
2026-09-22 07:08:14 Result: Option PermitRootLogin found
2026-09-22 07:08:14 Result: Option PermitRootLogin value is PROHIBIT-PASSWORD
2026-09-22 07:08:14 Expected value has multiple values, testing if active value is in list ((FORCED-COMMANDS-ONLY|NO|PROHIBIT-PASSWORD|WITHOUT-PASSWORD))
2026-09-22 07:08:14 Result: found
2026-09-22 07:08:14 Result: OpenSSH option PermitRootLogin is configured very well
2026-09-22 07:08:14 Hardening: assigned maximum number of hardening points for this item (3). Currently having 171 points (out of 247)
2026-09-22 07:08:14 Test: Checking PermitUserEnvironment in /tmp/lynis.dPsHZc4cC9
2026-09-22 07:08:14 Result: Option PermitUserEnvironment found
2026-09-22 07:08:14 Result: Option PermitUserEnvironment value is NO
2026-09-22 07:08:15 Result: OpenSSH option PermitUserEnvironment is configured very well
2026-09-22 07:08:15 Hardening: assigned maximum number of hardening points for this item (3). Currently having 174 points (out of 250)
2026-09-22 07:08:15 Test: Checking PermitTunnel in /tmp/lynis.dPsHZc4cC9
2026-09-22 07:08:15 Result: Option PermitTunnel found
2026-09-22 07:08:15 Result: Option PermitTunnel value is NO
2026-09-22 07:08:15 Result: OpenSSH option PermitTunnel is configured very well
2026-09-22 07:08:15 Hardening: assigned maximum number of hardening points for this item (3). Currently having 177 points (out of 253)
2026-09-22 07:08:15 Test: Checking Port in /tmp/lynis.dPsHZc4cC9
2026-09-22 07:08:15 Result: Option Port found
2026-09-22 07:08:15 Result: Option Port value is 22
2026-09-22 07:08:15 Result: OpenSSH option Port is in a weak configuration state and should be fixed
2026-09-22 07:08:15 Suggestion: Consider hardening SSH configuration [test:SSH-7408] [details:Port (set 22 to )] [solution:-]
2026-09-22 07:08:15 Hardening: assigned partial number of hardening points (0 of 3). Currently having 177 points (out of 256)
2026-09-22 07:08:15 Test: Checking PrintLastLog in /tmp/lynis.dPsHZc4cC9
2026-09-22 07:08:15 Result: Option PrintLastLog found
2026-09-22 07:08:15 Result: Option PrintLastLog value is YES
2026-09-22 07:08:15 Result: OpenSSH option PrintLastLog is configured very well
2026-09-22 07:08:15 Hardening: assigned maximum number of hardening points for this item (3). Currently having 180 points (out of 259)
2026-09-22 07:08:15 Test: Checking StrictModes in /tmp/lynis.dPsHZc4cC9
2026-09-22 07:08:15 Result: Option StrictModes found
2026-09-22 07:08:15 Result: Option StrictModes value is YES
2026-09-22 07:08:15 Result: OpenSSH option StrictModes is configured very well
2026-09-22 07:08:15 Hardening: assigned maximum number of hardening points for this item (3). Currently having 183 points (out of 262)
2026-09-22 07:08:15 Test: Checking TCPKeepAlive in /tmp/lynis.dPsHZc4cC9
2026-09-22 07:08:15 Result: Option TCPKeepAlive found
2026-09-22 07:08:15 Result: Option TCPKeepAlive value is NO
2026-09-22 07:08:15 Result: OpenSSH option TCPKeepAlive is configured very well
2026-09-22 07:08:15 Hardening: assigned maximum number of hardening points for this item (3). Currently having 186 points (out of 265)
2026-09-22 07:08:15 Test: Checking UseDNS in /tmp/lynis.dPsHZc4cC9
2026-09-22 07:08:15 Result: Option UseDNS found
2026-09-22 07:08:15 Result: Option UseDNS value is NO
2026-09-22 07:08:15 Result: OpenSSH option UseDNS is configured very well
2026-09-22 07:08:15 Hardening: assigned maximum number of hardening points for this item (3). Currently having 189 points (out of 268)
2026-09-22 07:08:15 Test: Checking X11Forwarding in /tmp/lynis.dPsHZc4cC9
2026-09-22 07:08:15 Result: Option X11Forwarding found
2026-09-22 07:08:15 Result: Option X11Forwarding value is NO
2026-09-22 07:08:15 Result: OpenSSH option X11Forwarding is configured very well
2026-09-22 07:08:15 Hardening: assigned maximum number of hardening points for this item (3). Currently having 192 points (out of 271)
2026-09-22 07:08:15 Test: Checking AllowAgentForwarding in /tmp/lynis.dPsHZc4cC9
2026-09-22 07:08:15 Result: Option AllowAgentForwarding found
2026-09-22 07:08:15 Result: Option AllowAgentForwarding value is NO
2026-09-22 07:08:15 Result: OpenSSH option AllowAgentForwarding is configured very well
2026-09-22 07:08:15 Hardening: assigned maximum number of hardening points for this item (3). Currently having 195 points (out of 274)
2026-09-22 07:08:15 ====
2026-09-22 07:08:15 Performing test ID SSH-7440 (Check OpenSSH option: AllowUsers and AllowGroups)
2026-09-22 07:08:15 Result: AllowUsers is not set
2026-09-22 07:08:15 Result: AllowGroups is not set
2026-09-22 07:08:15 Result: SSH has no specific user or group limitation. Most likely all valid users can SSH to this machine.
2026-09-22 07:08:15 Hardening: assigned partial number of hardening points (0 of 1). Currently having 195 points (out of 275)
2026-09-22 07:08:15 Security check: file is normal
2026-09-22 07:08:15 Checking permissions of /usr/share/lynis/include/tests_snmp
2026-09-22 07:08:15 File permissions are OK
2026-09-22 07:08:15 ====
2026-09-22 07:08:15 Action: Performing tests from category: SNMP Support
2026-09-22 07:08:15 ====
2026-09-22 07:08:15 Performing test ID SNMP-3302 (Check for running SNMP daemon)
2026-09-22 07:08:15 Test: Searching for a SNMP daemon
2026-09-22 07:08:15 Performing pgrep scan without uid
2026-09-22 07:08:15 IsRunning: process 'snmpd' not found
2026-09-22 07:08:15 Result: No running SNMP daemon found
2026-09-22 07:08:15 ====
2026-09-22 07:08:16 Skipped test SNMP-3304 (Check SNMP daemon file location)
2026-09-22 07:08:16 Reason to skip: Prerequisites not met (ie missing tool, other type of Linux distribution)
2026-09-22 07:08:16 ====
2026-09-22 07:08:16 Skipped test SNMP-3306 (Check SNMP communities)
2026-09-22 07:08:16 Reason to skip: Prerequisites not met (ie missing tool, other type of Linux distribution)
2026-09-22 07:08:16 Security check: file is normal
2026-09-22 07:08:16 Checking permissions of /usr/share/lynis/include/tests_databases
2026-09-22 07:08:16 File permissions are OK
2026-09-22 07:08:16 ====
2026-09-22 07:08:16 Action: Performing tests from category: Databases
2026-09-22 07:08:16 ====
2026-09-22 07:08:16 Performing test ID DBS-1804 (Checking active MySQL process)
2026-09-22 07:08:16 Result: MySQL process not active
2026-09-22 07:08:16 ====
2026-09-22 07:08:16 Skipped test DBS-1816 (Checking MySQL root password)
2026-09-22 07:08:16 Reason to skip: MySQL not installed, or not running
2026-09-22 07:08:16 Test skipped, MySQL daemon not running or no MySQL client available
2026-09-22 07:08:16 ====
2026-09-22 07:08:16 Performing test ID DBS-1818 (Check status of MongoDB server)
2026-09-22 07:08:16 Performing pgrep scan without uid
2026-09-22 07:08:16 IsRunning: process 'mongod' not found
2026-09-22 07:08:16 ====
2026-09-22 07:08:16 Performing test ID DBS-1820 (Check for authorization in MongoDB)
2026-09-22 07:08:16 ====
2026-09-22 07:08:16 Performing test ID DBS-1826 (Checking active PostgreSQL processes)
2026-09-22 07:08:16 Performing pgrep scan without uid
2026-09-22 07:08:16 IsRunning: process 'postgres' not found
2026-09-22 07:08:16 Result: PostgreSQL process postgres not active
2026-09-22 07:08:16 Performing pgrep scan without uid
2026-09-22 07:08:16 IsRunning: process 'postmaster' not found
2026-09-22 07:08:16 Result: PostgreSQL process postmaster not active
2026-09-22 07:08:16 ====
2026-09-22 07:08:16 Skipped test DBS-1828 (Test PostgreSQL configuration)
2026-09-22 07:08:16 Reason to skip: Prerequisites not met (ie missing tool, other type of Linux distribution)
2026-09-22 07:08:16 ====
2026-09-22 07:08:16 Performing test ID DBS-1840 (Checking active Oracle processes)
2026-09-22 07:08:16 Result: Oracle process(es) not active
2026-09-22 07:08:16 ====
2026-09-22 07:08:16 Performing test ID DBS-1860 (Checking active DB2 instances)
2026-09-22 07:08:16 Performing pgrep scan without uid
2026-09-22 07:08:16 IsRunning: process 'db2sysc' not found
2026-09-22 07:08:16 Result: No DB2 instances are running
2026-09-22 07:08:16 ====
2026-09-22 07:08:16 Performing test ID DBS-1880 (Check for active Redis server)
2026-09-22 07:08:16 Performing pgrep scan without uid
2026-09-22 07:08:16 IsRunning: process 'redis-server' not found
2026-09-22 07:08:16 Result: No Redis processes are running
2026-09-22 07:08:16 ====
2026-09-22 07:08:16 Skipped test DBS-1882 (Redis configuration file)
2026-09-22 07:08:16 Reason to skip: Redis not running
2026-09-22 07:08:16 ====
2026-09-22 07:08:16 Skipped test DBS-1884 (Redis: requirepass option configured)
2026-09-22 07:08:16 Reason to skip: Redis not running, or no configuration file found
2026-09-22 07:08:16 ====
2026-09-22 07:08:16 Skipped test DBS-1886 (Redis: rename-command CONFIG used)
2026-09-22 07:08:16 Reason to skip: Redis not running, or no configuration found
2026-09-22 07:08:16 ====
2026-09-22 07:08:16 Skipped test DBS-1888 (Redis: bind on localhost)
2026-09-22 07:08:16 Reason to skip: Redis not running, or no configuration found
2026-09-22 07:08:16 Security check: file is normal
2026-09-22 07:08:16 Checking permissions of /usr/share/lynis/include/tests_ldap
2026-09-22 07:08:16 File permissions are OK
2026-09-22 07:08:16 ====
2026-09-22 07:08:16 Action: Performing tests from category: LDAP Services
2026-09-22 07:08:16 ====
2026-09-22 07:08:16 Performing test ID LDAP-2219 (Check running OpenLDAP instance)
2026-09-22 07:08:16 Performing pgrep scan without uid
2026-09-22 07:08:16 IsRunning: process 'slapd' not found
2026-09-22 07:08:16 Result: No running slapd process found.
2026-09-22 07:08:16 ====
2026-09-22 07:08:16 Skipped test LDAP-2224 (Check presence slapd.conf)
2026-09-22 07:08:16 Reason to skip: Prerequisites not met (ie missing tool, other type of Linux distribution)
2026-09-22 07:08:16 Security check: file is normal
2026-09-22 07:08:16 Checking permissions of /usr/share/lynis/include/tests_php
2026-09-22 07:08:17 File permissions are OK
2026-09-22 07:08:17 ====
2026-09-22 07:08:17 Action: Performing tests from category: PHP
2026-09-22 07:08:17 ====
2026-09-22 07:08:17 Performing test ID PHP-2211 (Check php.ini presence)
2026-09-22 07:08:17 Test: Checking for presence php.ini
2026-09-22 07:08:17 Test: checking presence /etc/php.ini
2026-09-22 07:08:17 Result: file /etc/php.ini not found
2026-09-22 07:08:17 Test: checking presence /etc/php.ini.default
2026-09-22 07:08:17 Result: file /etc/php.ini.default not found
2026-09-22 07:08:17 Test: checking presence /etc/php/php.ini
2026-09-22 07:08:17 Result: file /etc/php/php.ini not found
2026-09-22 07:08:17 Test: checking presence /etc/php7.0/php.ini
2026-09-22 07:08:17 Result: file /etc/php7.0/php.ini not found
2026-09-22 07:08:17 Test: checking presence /etc/php7.1/php.ini
2026-09-22 07:08:17 Result: file /etc/php7.1/php.ini not found
2026-09-22 07:08:17 Test: checking presence /etc/php7.2/php.ini
2026-09-22 07:08:17 Result: file /etc/php7.2/php.ini not found
2026-09-22 07:08:17 Test: checking presence /etc/php7.3/php.ini
2026-09-22 07:08:17 Result: file /etc/php7.3/php.ini not found
2026-09-22 07:08:17 Test: checking presence /etc/php7.4/php.ini
2026-09-22 07:08:17 Result: file /etc/php7.4/php.ini not found
2026-09-22 07:08:17 Test: checking presence /etc/php8.0/php.ini
2026-09-22 07:08:17 Result: file /etc/php8.0/php.ini not found
2026-09-22 07:08:17 Test: checking presence /etc/php8.1/php.ini
2026-09-22 07:08:17 Result: file /etc/php8.1/php.ini not found
2026-09-22 07:08:17 Test: checking presence /etc/php8.2/php.ini
2026-09-22 07:08:17 Result: file /etc/php8.2/php.ini not found
2026-09-22 07:08:17 Test: checking presence /etc/php8.3/php.ini
2026-09-22 07:08:17 Result: file /etc/php8.3/php.ini not found
2026-09-22 07:08:17 Test: checking presence /etc/php8.4/php.ini
2026-09-22 07:08:17 Result: file /etc/php8.4/php.ini not found
2026-09-22 07:08:17 Test: checking presence /etc/php/apache2-php7.0/php.ini
2026-09-22 07:08:17 Result: file /etc/php/apache2-php7.0/php.ini not found
2026-09-22 07:08:17 Test: checking presence /etc/php/apache2-php7.1/php.ini
2026-09-22 07:08:17 Result: file /etc/php/apache2-php7.1/php.ini not found
2026-09-22 07:08:17 Test: checking presence /etc/php/apache2-php7.2/php.ini
2026-09-22 07:08:17 Result: file /etc/php/apache2-php7.2/php.ini not found
2026-09-22 07:08:17 Test: checking presence /etc/php/apache2-php7.3/php.ini
2026-09-22 07:08:17 Result: file /etc/php/apache2-php7.3/php.ini not found
2026-09-22 07:08:17 Test: checking presence /etc/php/apache2-php7.4/php.ini
2026-09-22 07:08:17 Result: file /etc/php/apache2-php7.4/php.ini not found
2026-09-22 07:08:17 Test: checking presence /etc/php/apache2-php8.0/php.ini
2026-09-22 07:08:17 Result: file /etc/php/apache2-php8.0/php.ini not found
2026-09-22 07:08:17 Test: checking presence /etc/php/apache2-php8.1/php.ini
2026-09-22 07:08:17 Result: file /etc/php/apache2-php8.1/php.ini not found
2026-09-22 07:08:17 Test: checking presence /etc/php/apache2-php8.2/php.ini
2026-09-22 07:08:17 Result: file /etc/php/apache2-php8.2/php.ini not found
2026-09-22 07:08:17 Test: checking presence /etc/php/apache2-php8.3/php.ini
2026-09-22 07:08:17 Result: file /etc/php/apache2-php8.3/php.ini not found
2026-09-22 07:08:17 Test: checking presence /etc/php/apache2-php8.4/php.ini
2026-09-22 07:08:17 Result: file /etc/php/apache2-php8.4/php.ini not found
2026-09-22 07:08:17 Test: checking presence /etc/php/cgi-php7.0/php.ini
2026-09-22 07:08:17 Result: file /etc/php/cgi-php7.0/php.ini not found
2026-09-22 07:08:17 Test: checking presence /etc/php/cgi-php7.1/php.ini
2026-09-22 07:08:17 Result: file /etc/php/cgi-php7.1/php.ini not found
2026-09-22 07:08:17 Test: checking presence /etc/php/cgi-php7.2/php.ini
2026-09-22 07:08:17 Result: file /etc/php/cgi-php7.2/php.ini not found
2026-09-22 07:08:17 Test: checking presence /etc/php/cgi-php7.3/php.ini
2026-09-22 07:08:17 Result: file /etc/php/cgi-php7.3/php.ini not found
2026-09-22 07:08:17 Test: checking presence /etc/php/cgi-php7.4/php.ini
2026-09-22 07:08:17 Result: file /etc/php/cgi-php7.4/php.ini not found
2026-09-22 07:08:17 Test: checking presence /etc/php/cli-php5.5/php.ini
2026-09-22 07:08:17 Result: file /etc/php/cli-php5.5/php.ini not found
2026-09-22 07:08:17 Test: checking presence /etc/php/cli-php5.6/php.ini
2026-09-22 07:08:17 Result: file /etc/php/cli-php5.6/php.ini not found
2026-09-22 07:08:17 Test: checking presence /etc/php/cli-php7.0/php.ini
2026-09-22 07:08:17 Result: file /etc/php/cli-php7.0/php.ini not found
2026-09-22 07:08:17 Test: checking presence /etc/php/cli-php7.1/php.ini
2026-09-22 07:08:17 Result: file /etc/php/cli-php7.1/php.ini not found
2026-09-22 07:08:17 Test: checking presence /etc/php/cli-php7.2/php.ini
2026-09-22 07:08:17 Result: file /etc/php/cli-php7.2/php.ini not found
2026-09-22 07:08:17 Test: checking presence /etc/php/cli-php7.3/php.ini
2026-09-22 07:08:17 Result: file /etc/php/cli-php7.3/php.ini not found
2026-09-22 07:08:17 Test: checking presence /etc/php/cli-php7.4/php.ini
2026-09-22 07:08:17 Result: file /etc/php/cli-php7.4/php.ini not found
2026-09-22 07:08:17 Test: checking presence /etc/php/cli-php8.0/php.ini
2026-09-22 07:08:17 Result: file /etc/php/cli-php8.0/php.ini not found
2026-09-22 07:08:17 Test: checking presence /etc/php/cli-php8.1/php.ini
2026-09-22 07:08:17 Result: file /etc/php/cli-php8.1/php.ini not found
2026-09-22 07:08:17 Test: checking presence /etc/php/cli-php8.2/php.ini
2026-09-22 07:08:17 Result: file /etc/php/cli-php8.2/php.ini not found
2026-09-22 07:08:17 Test: checking presence /etc/php/cli-php8.3/php.ini
2026-09-22 07:08:17 Result: file /etc/php/cli-php8.3/php.ini not found
2026-09-22 07:08:17 Test: checking presence /etc/php/cli-php8.4/php.ini
2026-09-22 07:08:17 Result: file /etc/php/cli-php8.4/php.ini not found
2026-09-22 07:08:17 Test: checking presence /etc/php/embed-php7.0/php.ini
2026-09-22 07:08:17 Result: file /etc/php/embed-php7.0/php.ini not found
2026-09-22 07:08:17 Test: checking presence /etc/php/embed-php7.1/php.ini
2026-09-22 07:08:17 Result: file /etc/php/embed-php7.1/php.ini not found
2026-09-22 07:08:17 Test: checking presence /etc/php/embed-php7.2/php.ini
2026-09-22 07:08:17 Result: file /etc/php/embed-php7.2/php.ini not found
2026-09-22 07:08:17 Test: checking presence /etc/php/embed-php7.3/php.ini
2026-09-22 07:08:17 Result: file /etc/php/embed-php7.3/php.ini not found
2026-09-22 07:08:17 Test: checking presence /etc/php/embed-php7.4/php.ini
2026-09-22 07:08:17 Result: file /etc/php/embed-php7.4/php.ini not found
2026-09-22 07:08:17 Test: checking presence /etc/php/embed-php8.0/php.ini
2026-09-22 07:08:17 Result: file /etc/php/embed-php8.0/php.ini not found
2026-09-22 07:08:17 Test: checking presence /etc/php/embed-php8.1/php.ini
2026-09-22 07:08:17 Result: file /etc/php/embed-php8.1/php.ini not found
2026-09-22 07:08:17 Test: checking presence /etc/php/embed-php8.2/php.ini
2026-09-22 07:08:17 Result: file /etc/php/embed-php8.2/php.ini not found
2026-09-22 07:08:17 Test: checking presence /etc/php/embed-php8.3/php.ini
2026-09-22 07:08:17 Result: file /etc/php/embed-php8.3/php.ini not found
2026-09-22 07:08:17 Test: checking presence /etc/php/embed-php8.4/php.ini
2026-09-22 07:08:17 Result: file /etc/php/embed-php8.4/php.ini not found
2026-09-22 07:08:17 Test: checking presence /etc/php/fpm-php7.0/php.ini
2026-09-22 07:08:17 Result: file /etc/php/fpm-php7.0/php.ini not found
2026-09-22 07:08:17 Test: checking presence /etc/php/fpm-php7.1/php.ini
2026-09-22 07:08:17 Result: file /etc/php/fpm-php7.1/php.ini not found
2026-09-22 07:08:17 Test: checking presence /etc/php/fpm-php7.2/php.ini
2026-09-22 07:08:17 Result: file /etc/php/fpm-php7.2/php.ini not found
2026-09-22 07:08:17 Test: checking presence /etc/php/fpm-php7.3/php.ini
2026-09-22 07:08:17 Result: file /etc/php/fpm-php7.3/php.ini not found
2026-09-22 07:08:17 Test: checking presence /etc/php/fpm-php7.4/php.ini
2026-09-22 07:08:17 Result: file /etc/php/fpm-php7.4/php.ini not found
2026-09-22 07:08:17 Test: checking presence /etc/php/fpm-php8.0/php.ini
2026-09-22 07:08:17 Result: file /etc/php/fpm-php8.0/php.ini not found
2026-09-22 07:08:17 Test: checking presence /etc/php/fpm-php8.1/php.ini
2026-09-22 07:08:17 Result: file /etc/php/fpm-php8.1/php.ini not found
2026-09-22 07:08:17 Test: checking presence /etc/php/fpm-php8.2/php.ini
2026-09-22 07:08:17 Result: file /etc/php/fpm-php8.2/php.ini not found
2026-09-22 07:08:17 Test: checking presence /etc/php/7.0/apache2/php.ini
2026-09-22 07:08:17 Result: file /etc/php/7.0/apache2/php.ini not found
2026-09-22 07:08:17 Test: checking presence /etc/php/7.1/apache2/php.ini
2026-09-22 07:08:17 Result: file /etc/php/7.1/apache2/php.ini not found
2026-09-22 07:08:17 Test: checking presence /etc/php/7.2/apache2/php.ini
2026-09-22 07:08:17 Result: file /etc/php/7.2/apache2/php.ini not found
2026-09-22 07:08:17 Test: checking presence /etc/php/7.3/apache2/php.ini
2026-09-22 07:08:17 Result: file /etc/php/7.3/apache2/php.ini not found
2026-09-22 07:08:17 Test: checking presence /etc/php/7.4/apache2/php.ini
2026-09-22 07:08:17 Result: file /etc/php/7.4/apache2/php.ini not found
2026-09-22 07:08:17 Test: checking presence /etc/php/8.0/apache2/php.ini
2026-09-22 07:08:17 Result: file /etc/php/8.0/apache2/php.ini not found
2026-09-22 07:08:17 Test: checking presence /etc/php/8.1/apache2/php.ini
2026-09-22 07:08:17 Result: file /etc/php/8.1/apache2/php.ini not found
2026-09-22 07:08:17 Test: checking presence /etc/php/8.2/apache2/php.ini
2026-09-22 07:08:17 Result: file /etc/php/8.2/apache2/php.ini not found
2026-09-22 07:08:17 Test: checking presence /etc/php/8.3/apache2/php.ini
2026-09-22 07:08:17 Result: file /etc/php/8.3/apache2/php.ini not found
2026-09-22 07:08:17 Test: checking presence /etc/php/8.4/apache2/php.ini
2026-09-22 07:08:17 Result: file /etc/php/8.4/apache2/php.ini not found
2026-09-22 07:08:17 Test: checking presence /etc/php/7.0/cli/php.ini
2026-09-22 07:08:17 Result: file /etc/php/7.0/cli/php.ini not found
2026-09-22 07:08:17 Test: checking presence /etc/php/7.0/fpm/php.ini
2026-09-22 07:08:17 Result: file /etc/php/7.0/fpm/php.ini not found
2026-09-22 07:08:17 Test: checking presence /etc/php/7.1/cli/php.ini
2026-09-22 07:08:17 Result: file /etc/php/7.1/cli/php.ini not found
2026-09-22 07:08:17 Test: checking presence /etc/php/7.1/fpm/php.ini
2026-09-22 07:08:17 Result: file /etc/php/7.1/fpm/php.ini not found
2026-09-22 07:08:17 Test: checking presence /etc/php/7.2/cli/php.ini
2026-09-22 07:08:17 Result: file /etc/php/7.2/cli/php.ini not found
2026-09-22 07:08:17 Test: checking presence /etc/php/7.2/fpm/php.ini
2026-09-22 07:08:17 Result: file /etc/php/7.2/fpm/php.ini not found
2026-09-22 07:08:17 Test: checking presence /etc/php/7.3/cli/php.ini
2026-09-22 07:08:17 Result: file /etc/php/7.3/cli/php.ini not found
2026-09-22 07:08:17 Test: checking presence /etc/php/7.3/fpm/php.ini
2026-09-22 07:08:17 Result: file /etc/php/7.3/fpm/php.ini not found
2026-09-22 07:08:17 Test: checking presence /etc/php/7.4/cli/php.ini
2026-09-22 07:08:17 Result: file /etc/php/7.4/cli/php.ini not found
2026-09-22 07:08:17 Test: checking presence /etc/php/7.4/fpm/php.ini
2026-09-22 07:08:17 Result: file /etc/php/7.4/fpm/php.ini not found
2026-09-22 07:08:18 Test: checking presence /etc/php/8.0/cli/php.ini
2026-09-22 07:08:18 Result: file /etc/php/8.0/cli/php.ini not found
2026-09-22 07:08:18 Test: checking presence /etc/php/8.0/fpm/php.ini
2026-09-22 07:08:18 Result: file /etc/php/8.0/fpm/php.ini not found
2026-09-22 07:08:18 Test: checking presence /etc/php/8.1/cli/php.ini
2026-09-22 07:08:18 Result: file /etc/php/8.1/cli/php.ini not found
2026-09-22 07:08:18 Test: checking presence /etc/php/8.1/fpm/php.ini
2026-09-22 07:08:18 Result: file /etc/php/8.1/fpm/php.ini not found
2026-09-22 07:08:18 Test: checking presence /etc/php/8.2/cli/php.ini
2026-09-22 07:08:18 Result: file /etc/php/8.2/cli/php.ini not found
2026-09-22 07:08:18 Test: checking presence /etc/php/8.2/fpm/php.ini
2026-09-22 07:08:18 Result: file /etc/php/8.2/fpm/php.ini not found
2026-09-22 07:08:18 Test: checking presence /etc/php/8.3/cli/php.ini
2026-09-22 07:08:18 Result: file /etc/php/8.3/cli/php.ini not found
2026-09-22 07:08:18 Test: checking presence /etc/php/8.3/fpm/php.ini
2026-09-22 07:08:18 Result: file /etc/php/8.3/fpm/php.ini not found
2026-09-22 07:08:18 Test: checking presence /etc/php/8.4/cli/php.ini
2026-09-22 07:08:18 Result: file /etc/php/8.4/cli/php.ini not found
2026-09-22 07:08:18 Test: checking presence /etc/php/8.4/fpm/php.ini
2026-09-22 07:08:18 Result: file /etc/php/8.4/fpm/php.ini not found
2026-09-22 07:08:18 Test: checking presence /opt/alt/php70/etc/php.ini
2026-09-22 07:08:18 Result: file /opt/alt/php70/etc/php.ini not found
2026-09-22 07:08:18 Test: checking presence /opt/alt/php71/etc/php.ini
2026-09-22 07:08:18 Result: file /opt/alt/php71/etc/php.ini not found
2026-09-22 07:08:18 Test: checking presence /opt/alt/php72/etc/php.ini
2026-09-22 07:08:18 Result: file /opt/alt/php72/etc/php.ini not found
2026-09-22 07:08:18 Test: checking presence /opt/alt/php73/etc/php.ini
2026-09-22 07:08:18 Result: file /opt/alt/php73/etc/php.ini not found
2026-09-22 07:08:18 Test: checking presence /opt/alt/php74/etc/php.ini
2026-09-22 07:08:18 Result: file /opt/alt/php74/etc/php.ini not found
2026-09-22 07:08:18 Test: checking presence /opt/alt/php80/etc/php.ini
2026-09-22 07:08:18 Result: file /opt/alt/php80/etc/php.ini not found
2026-09-22 07:08:18 Test: checking presence /opt/alt/php81/etc/php.ini
2026-09-22 07:08:18 Result: file /opt/alt/php81/etc/php.ini not found
2026-09-22 07:08:18 Test: checking presence /opt/alt/php82/etc/php.ini
2026-09-22 07:08:18 Result: file /opt/alt/php82/etc/php.ini not found
2026-09-22 07:08:18 Test: checking presence /opt/alt/php83/etc/php.ini
2026-09-22 07:08:18 Result: file /opt/alt/php83/etc/php.ini not found
2026-09-22 07:08:18 Test: checking presence /opt/alt/php84/etc/php.ini
2026-09-22 07:08:18 Result: file /opt/alt/php84/etc/php.ini not found
2026-09-22 07:08:18 Test: checking presence /opt/cpanel/ea-php70/root/etc/php.ini
2026-09-22 07:08:18 Result: file /opt/cpanel/ea-php70/root/etc/php.ini not found
2026-09-22 07:08:18 Test: checking presence /opt/cpanel/ea-php71/root/etc/php.ini
2026-09-22 07:08:18 Result: file /opt/cpanel/ea-php71/root/etc/php.ini not found
2026-09-22 07:08:18 Test: checking presence /opt/cpanel/ea-php72/root/etc/php.ini
2026-09-22 07:08:18 Result: file /opt/cpanel/ea-php72/root/etc/php.ini not found
2026-09-22 07:08:18 Test: checking presence /opt/cpanel/ea-php73/root/etc/php.ini
2026-09-22 07:08:18 Result: file /opt/cpanel/ea-php73/root/etc/php.ini not found
2026-09-22 07:08:18 Test: checking presence /opt/cpanel/ea-php74/root/etc/php.ini
2026-09-22 07:08:18 Result: file /opt/cpanel/ea-php74/root/etc/php.ini not found
2026-09-22 07:08:18 Test: checking presence /opt/cpanel/ea-php80/root/etc/php.ini
2026-09-22 07:08:18 Result: file /opt/cpanel/ea-php80/root/etc/php.ini not found
2026-09-22 07:08:18 Test: checking presence /opt/cpanel/ea-php81/root/etc/php.ini
2026-09-22 07:08:18 Result: file /opt/cpanel/ea-php81/root/etc/php.ini not found
2026-09-22 07:08:18 Test: checking presence /opt/cpanel/ea-php82/root/etc/php.ini
2026-09-22 07:08:18 Result: file /opt/cpanel/ea-php82/root/etc/php.ini not found
2026-09-22 07:08:18 Test: checking presence /opt/cpanel/ea-php83/root/etc/php.ini
2026-09-22 07:08:18 Result: file /opt/cpanel/ea-php83/root/etc/php.ini not found
2026-09-22 07:08:18 Test: checking presence /opt/cpanel/ea-php84/root/etc/php.ini
2026-09-22 07:08:18 Result: file /opt/cpanel/ea-php84/root/etc/php.ini not found
2026-09-22 07:08:18 Test: checking presence /private/etc/php.ini
2026-09-22 07:08:18 Result: file /private/etc/php.ini not found
2026-09-22 07:08:18 Test: checking presence /var/www/conf/php.ini
2026-09-22 07:08:18 Result: file /var/www/conf/php.ini not found
2026-09-22 07:08:18 Test: checking presence /usr/local/etc/php.ini
2026-09-22 07:08:18 Result: file /usr/local/etc/php.ini not found
2026-09-22 07:08:18 Test: checking presence /usr/local/lib/php.ini
2026-09-22 07:08:18 Result: file /usr/local/lib/php.ini not found
2026-09-22 07:08:18 Test: checking presence /usr/local/php70/lib/php.ini
2026-09-22 07:08:18 Result: file /usr/local/php70/lib/php.ini not found
2026-09-22 07:08:18 Test: checking presence /usr/local/php71/lib/php.ini
2026-09-22 07:08:18 Result: file /usr/local/php71/lib/php.ini not found
2026-09-22 07:08:18 Test: checking presence /usr/local/php72/lib/php.ini
2026-09-22 07:08:18 Result: file /usr/local/php72/lib/php.ini not found
2026-09-22 07:08:18 Test: checking presence /usr/local/php73/lib/php.ini
2026-09-22 07:08:18 Result: file /usr/local/php73/lib/php.ini not found
2026-09-22 07:08:18 Test: checking presence /usr/local/php74/lib/php.ini
2026-09-22 07:08:18 Result: file /usr/local/php74/lib/php.ini not found
2026-09-22 07:08:18 Test: checking presence /usr/local/php80/lib/php.ini
2026-09-22 07:08:18 Result: file /usr/local/php80/lib/php.ini not found
2026-09-22 07:08:18 Test: checking presence /usr/local/php81/lib/php.ini
2026-09-22 07:08:18 Result: file /usr/local/php81/lib/php.ini not found
2026-09-22 07:08:18 Test: checking presence /usr/local/php82/lib/php.ini
2026-09-22 07:08:18 Result: file /usr/local/php82/lib/php.ini not found
2026-09-22 07:08:18 Test: checking presence /usr/local/php83/lib/php.ini
2026-09-22 07:08:18 Result: file /usr/local/php83/lib/php.ini not found
2026-09-22 07:08:18 Test: checking presence /usr/local/php84/lib/php.ini
2026-09-22 07:08:18 Result: file /usr/local/php84/lib/php.ini not found
2026-09-22 07:08:18 Test: checking presence /usr/local/zend/etc/php.ini
2026-09-22 07:08:18 Result: file /usr/local/zend/etc/php.ini not found
2026-09-22 07:08:18 Test: checking presence /usr/pkg/etc/php.ini
2026-09-22 07:08:18 Result: file /usr/pkg/etc/php.ini not found
2026-09-22 07:08:18 Test: checking presence /etc/opt/remi/php56/php.ini
2026-09-22 07:08:18 Result: file /etc/opt/remi/php56/php.ini not found
2026-09-22 07:08:18 Test: checking presence /etc/opt/remi/php70/php.ini
2026-09-22 07:08:18 Result: file /etc/opt/remi/php70/php.ini not found
2026-09-22 07:08:18 Test: checking presence /etc/opt/remi/php71/php.ini
2026-09-22 07:08:18 Result: file /etc/opt/remi/php71/php.ini not found
2026-09-22 07:08:18 Test: checking presence /etc/opt/remi/php72/php.ini
2026-09-22 07:08:18 Result: file /etc/opt/remi/php72/php.ini not found
2026-09-22 07:08:18 Test: checking presence /etc/opt/remi/php73/php.ini
2026-09-22 07:08:18 Result: file /etc/opt/remi/php73/php.ini not found
2026-09-22 07:08:18 Test: checking presence /etc/opt/remi/php74/php.ini
2026-09-22 07:08:18 Result: file /etc/opt/remi/php74/php.ini not found
2026-09-22 07:08:18 Test: checking presence /etc/opt/remi/php80/php.ini
2026-09-22 07:08:18 Result: file /etc/opt/remi/php80/php.ini not found
2026-09-22 07:08:18 Test: checking presence /etc/opt/remi/php81/php.ini
2026-09-22 07:08:18 Result: file /etc/opt/remi/php81/php.ini not found
2026-09-22 07:08:18 Test: checking presence /etc/opt/remi/php82/php.ini
2026-09-22 07:08:18 Result: file /etc/opt/remi/php82/php.ini not found
2026-09-22 07:08:18 Test: checking presence /etc/opt/remi/php83/php.ini
2026-09-22 07:08:18 Result: file /etc/opt/remi/php83/php.ini not found
2026-09-22 07:08:18 Test: checking presence /etc/opt/remi/php84/php.ini
2026-09-22 07:08:18 Result: file /etc/opt/remi/php84/php.ini not found
2026-09-22 07:08:18 Result: no files found for /etc/php/7.0/cli/conf.d
2026-09-22 07:08:18 Result: no files found for /etc/php/7.1/cli/conf.d
2026-09-22 07:08:18 Result: no files found for /etc/php/7.2/cli/conf.d
2026-09-22 07:08:18 Result: no files found for /etc/php/7.3/cli/conf.d
2026-09-22 07:08:18 Result: no files found for /etc/php/7.4/cli/conf.d
2026-09-22 07:08:18 Result: no files found for /etc/php/7.0/fpm/conf.d
2026-09-22 07:08:18 Result: no files found for /etc/php/7.1/fpm/conf.d
2026-09-22 07:08:18 Result: no files found for /etc/php/7.2/fpm/conf.d
2026-09-22 07:08:18 Result: no files found for /etc/php/7.3/fpm/conf.d
2026-09-22 07:08:18 Result: no files found for /etc/php/7.4/fpm/conf.d
2026-09-22 07:08:18 Result: no files found for /etc/php/8.0/fpm/conf.d
2026-09-22 07:08:18 Result: no files found for /etc/php/8.1/fpm/conf.d
2026-09-22 07:08:18 Result: no files found for /etc/php/8.2/fpm/conf.d
2026-09-22 07:08:18 Result: no files found for /etc/php/8.3/fpm/conf.d
2026-09-22 07:08:18 Result: no files found for /etc/php/8.4/fpm/conf.d
2026-09-22 07:08:18 Result: no files found for /etc/php.d
2026-09-22 07:08:18 Result: no files found for /opt/cpanel/ea-php70/root/etc/php.d
2026-09-22 07:08:18 Result: no files found for /opt/cpanel/ea-php71/root/etc/php.d
2026-09-22 07:08:18 Result: no files found for /opt/cpanel/ea-php72/root/etc/php.d
2026-09-22 07:08:18 Result: no files found for /opt/cpanel/ea-php73/root/etc/php.d
2026-09-22 07:08:18 Result: no files found for /opt/cpanel/ea-php74/root/etc/php.d
2026-09-22 07:08:18 Result: no files found for /opt/cpanel/ea-php80/root/etc/php.d
2026-09-22 07:08:18 Result: no files found for /opt/cpanel/ea-php81/root/etc/php.d
2026-09-22 07:08:18 Result: no files found for /opt/cpanel/ea-php82/root/etc/php.d
2026-09-22 07:08:18 Result: no files found for /opt/cpanel/ea-php83/root/etc/php.d
2026-09-22 07:08:18 Result: no files found for /opt/cpanel/ea-php84/root/etc/php.d
2026-09-22 07:08:18 Result: no files found for /opt/alt/php70/etc/php.d.all
2026-09-22 07:08:18 Result: no files found for /opt/alt/php71/etc/php.d.all
2026-09-22 07:08:18 Result: no files found for /opt/alt/php72/etc/php.d.all
2026-09-22 07:08:18 Result: no files found for /opt/alt/php73/etc/php.d.all
2026-09-22 07:08:18 Result: no files found for /opt/alt/php74/etc/php.d.all
2026-09-22 07:08:18 Result: no files found for /opt/alt/php80/etc/php.d.all
2026-09-22 07:08:18 Result: no files found for /opt/alt/php81/etc/php.d.all
2026-09-22 07:08:18 Result: no files found for /opt/alt/php82/etc/php.d.all
2026-09-22 07:08:19 Result: no files found for /opt/alt/php83/etc/php.d.all
2026-09-22 07:08:19 Result: no files found for /opt/alt/php84/etc/php.d.all
2026-09-22 07:08:19 Result: no files found for /usr/local/lib/php.conf.d
2026-09-22 07:08:19 Result: no files found for /usr/local/php70/lib/php.conf.d
2026-09-22 07:08:19 Result: no files found for /usr/local/php71/lib/php.conf.d
2026-09-22 07:08:19 Result: no files found for /usr/local/php72/lib/php.conf.d
2026-09-22 07:08:19 Result: no files found for /usr/local/php73/lib/php.conf.d
2026-09-22 07:08:19 Result: no files found for /usr/local/php74/lib/php.conf.d
2026-09-22 07:08:19 Result: no files found for /usr/local/php80/lib/php.conf.d
2026-09-22 07:08:19 Result: no files found for /usr/local/php81/lib/php.conf.d
2026-09-22 07:08:19 Result: no files found for /usr/local/php82/lib/php.conf.d
2026-09-22 07:08:19 Result: no files found for /usr/local/php83/lib/php.conf.d
2026-09-22 07:08:19 Result: no files found for /usr/local/php84/lib/php.conf.d
2026-09-22 07:08:19 Result: no files found for /etc/php-7.0
2026-09-22 07:08:19 Result: no files found for /etc/php-7.1
2026-09-22 07:08:19 Result: no files found for /etc/php-7.2
2026-09-22 07:08:19 Result: no files found for /etc/php-7.3
2026-09-22 07:08:19 Result: no files found for /etc/php-7.4
2026-09-22 07:08:19 Result: no files found for /etc/php-8.0
2026-09-22 07:08:19 Result: no files found for /etc/php-8.1
2026-09-22 07:08:19 Result: no files found for /etc/php-8.2
2026-09-22 07:08:19 Result: no files found for /etc/php-8.3
2026-09-22 07:08:19 Result: no files found for /etc/php-8.4
2026-09-22 07:08:19 Result: no php.ini file found
2026-09-22 07:08:19 ====
2026-09-22 07:08:19 Skipped test PHP-2320 (Check PHP disabled functions)
2026-09-22 07:08:19 Reason to skip: Prerequisites not met (ie missing tool, other type of Linux distribution)
2026-09-22 07:08:19 ====
2026-09-22 07:08:19 Skipped test PHP-2368 (Check PHP register_globals option)
2026-09-22 07:08:19 Reason to skip: Prerequisites not met (ie missing tool, other type of Linux distribution)
2026-09-22 07:08:19 ====
2026-09-22 07:08:19 Skipped test PHP-2372 (Check PHP expose_php option)
2026-09-22 07:08:19 Reason to skip: Prerequisites not met (ie missing tool, other type of Linux distribution)
2026-09-22 07:08:19 ====
2026-09-22 07:08:19 Skipped test PHP-2374 (Check PHP enable_dl option)
2026-09-22 07:08:19 Reason to skip: Prerequisites not met (ie missing tool, other type of Linux distribution)
2026-09-22 07:08:19 ====
2026-09-22 07:08:19 Skipped test PHP-2376 (Check PHP allow_url_fopen option)
2026-09-22 07:08:19 Reason to skip: Prerequisites not met (ie missing tool, other type of Linux distribution)
2026-09-22 07:08:19 ====
2026-09-22 07:08:19 Skipped test PHP-2378 (Check PHP allow_url_include option)
2026-09-22 07:08:19 Reason to skip: Prerequisites not met (ie missing tool, other type of Linux distribution)
2026-09-22 07:08:19 ====
2026-09-22 07:08:19 Skipped test PHP-2382 (Check PHP expose_php option)
2026-09-22 07:08:19 Reason to skip: Prerequisites not met (ie missing tool, other type of Linux distribution)
2026-09-22 07:08:19 Security check: file is normal
2026-09-22 07:08:19 Checking permissions of /usr/share/lynis/include/tests_squid
2026-09-22 07:08:19 File permissions are OK
2026-09-22 07:08:19 ====
2026-09-22 07:08:19 Action: Performing tests from category: Squid Support
2026-09-22 07:08:19 ====
2026-09-22 07:08:19 Performing test ID SQD-3602 (Check for running Squid daemon)
2026-09-22 07:08:19 Test: Searching for a Squid daemon
2026-09-22 07:08:19 Result: No running Squid daemon found
2026-09-22 07:08:19 ====
2026-09-22 07:08:19 Skipped test SQD-3604 (Check Squid daemon file location)
2026-09-22 07:08:19 Reason to skip: Prerequisites not met (ie missing tool, other type of Linux distribution)
2026-09-22 07:08:19 ====
2026-09-22 07:08:19 Skipped test SQD-3606 (Check Squid version)
2026-09-22 07:08:19 Reason to skip: Prerequisites not met (ie missing tool, other type of Linux distribution)
2026-09-22 07:08:19 ====
2026-09-22 07:08:19 Skipped test SQD-3610 (Gather Squid settings)
2026-09-22 07:08:19 Reason to skip: Prerequisites not met (ie missing tool, other type of Linux distribution)
2026-09-22 07:08:19 ====
2026-09-22 07:08:19 Skipped test SQD-3613 (Check Squid file permissions)
2026-09-22 07:08:19 Reason to skip: Prerequisites not met (ie missing tool, other type of Linux distribution)
2026-09-22 07:08:19 ====
2026-09-22 07:08:19 Skipped test SQD-3614 (Check Squid authentication methods)
2026-09-22 07:08:19 Reason to skip: Prerequisites not met (ie missing tool, other type of Linux distribution)
2026-09-22 07:08:19 ====
2026-09-22 07:08:19 Skipped test SQD-3616 (Check external Squid authentication)
2026-09-22 07:08:19 Reason to skip: Prerequisites not met (ie missing tool, other type of Linux distribution)
2026-09-22 07:08:19 ====
2026-09-22 07:08:19 Skipped test SQD-3620 (Check Squid access control lists)
2026-09-22 07:08:19 Reason to skip: Prerequisites not met (ie missing tool, other type of Linux distribution)
2026-09-22 07:08:19 ====
2026-09-22 07:08:19 Skipped test SQD-3624 (Check Squid safe ports)
2026-09-22 07:08:19 Reason to skip: Prerequisites not met (ie missing tool, other type of Linux distribution)
2026-09-22 07:08:19 ====
2026-09-22 07:08:20 Skipped test SQD-3630 (Check Squid reply_body_max_size option)
2026-09-22 07:08:20 Reason to skip: Prerequisites not met (ie missing tool, other type of Linux distribution)
2026-09-22 07:08:20 ====
2026-09-22 07:08:20 Skipped test SQD-3680 (Check Squid version suppression)
2026-09-22 07:08:20 Reason to skip: Prerequisites not met (ie missing tool, other type of Linux distribution)
2026-09-22 07:08:20 Security check: file is normal
2026-09-22 07:08:20 Checking permissions of /usr/share/lynis/include/tests_logging
2026-09-22 07:08:20 File permissions are OK
2026-09-22 07:08:20 ====
2026-09-22 07:08:20 Action: Performing tests from category: Logging and files
2026-09-22 07:08:20 ====
2026-09-22 07:08:20 Performing test ID LOGG-2130 (Check for running syslog daemon)
2026-09-22 07:08:20 Test: Searching for a logging daemon
2026-09-22 07:08:20 Result: Found a logging daemon
2026-09-22 07:08:20 Hardening: assigned maximum number of hardening points for this item (3). Currently having 198 points (out of 278)
2026-09-22 07:08:20 ====
2026-09-22 07:08:20 Performing test ID LOGG-2132 (Check for running syslog-ng daemon)
2026-09-22 07:08:20 Test: Searching for syslog-ng daemon in process list
2026-09-22 07:08:20 Performing pgrep scan without uid
2026-09-22 07:08:20 IsRunning: process 'syslog-ng' not found
2026-09-22 07:08:20 Result: Syslog-ng NOT found in process list
2026-09-22 07:08:20 ====
2026-09-22 07:08:20 Skipped test LOGG-2134 (Checking Syslog-NG configuration file consistency)
2026-09-22 07:08:20 Reason to skip: Prerequisites not met (ie missing tool, other type of Linux distribution)
2026-09-22 07:08:20 ====
2026-09-22 07:08:20 Performing test ID LOGG-2136 (Check for running systemd journal daemon)
2026-09-22 07:08:20 Test: Searching for systemd journal daemon in process list
2026-09-22 07:08:20 Performing pgrep scan without uid
2026-09-22 07:08:20 IsRunning: process 'systemd-journal' found (1788 )
2026-09-22 07:08:20 ====
2026-09-22 07:08:20 Performing test ID LOGG-2210 (Check for running metalog daemon)
2026-09-22 07:08:20 Test: Searching for metalog daemon in process list
2026-09-22 07:08:20 Performing pgrep scan without uid
2026-09-22 07:08:20 IsRunning: process 'metalog' not found
2026-09-22 07:08:20 Result: metalog NOT found in process list
2026-09-22 07:08:20 ====
2026-09-22 07:08:20 Performing test ID LOGG-2230 (Check for running RSyslog daemon)
2026-09-22 07:08:20 Test: Searching for RSyslog daemon in process list
2026-09-22 07:08:20 Performing pgrep scan without uid
2026-09-22 07:08:20 IsRunning: process 'rsyslogd' found (2375 )
2026-09-22 07:08:20 Result: Found rsyslogd in process list
2026-09-22 07:08:20 ====
2026-09-22 07:08:20 Performing test ID LOGG-2240 (Check for running RFC 3195 compliant daemon)
2026-09-22 07:08:20 Test: Searching for RFC 3195 daemon (alias syslog reliable) in process list
2026-09-22 07:08:20 Performing pgrep scan without uid
2026-09-22 07:08:20 IsRunning: process 'rfc3195d' not found
2026-09-22 07:08:20 Result: rfc3195d NOT found in process list
2026-09-22 07:08:20 ====
2026-09-22 07:08:20 Performing test ID LOGG-2138 (Checking kernel logger daemon on Linux)
2026-09-22 07:08:20 Test: Searching kernel logger daemon (klogd)
2026-09-22 07:08:20 Result: test skipped, because other facility is being used to log kernel messages
2026-09-22 07:08:20 ====
2026-09-22 07:08:20 Performing test ID LOGG-2142 (Checking minilog daemon)
2026-09-22 07:08:20 Result: Checking for unkilled minilogd instances
2026-09-22 07:08:20 Performing pgrep scan without uid
2026-09-22 07:08:20 IsRunning: process 'minilogd' not found
2026-09-22 07:08:20 Result: No minilogd is running
2026-09-22 07:08:20 ====
2026-09-22 07:08:20 Performing test ID LOGG-2144 (Checking wazuh-agent)
2026-09-22 07:08:20 Result: Searching for wazuh-agent instances in the process list
2026-09-22 07:08:20 Performing pgrep scan without uid
2026-09-22 07:08:20 IsRunning: process 'wazuh-agentd' not found
2026-09-22 07:08:20 Result: wazuh-agent NOT found in process list
2026-09-22 07:08:20 ====
2026-09-22 07:08:20 Performing test ID LOGG-2146 (Checking logrotate.conf and logrotate.d)
2026-09-22 07:08:20 Test: Checking for /etc/logrotate.conf
2026-09-22 07:08:20 Result: /etc/logrotate.conf found (file)
2026-09-22 07:08:20 Test: Checking for /etc/logrotate.d (directory)
2026-09-22 07:08:20 Result: /etc/logrotate.d found
2026-09-22 07:08:20 Result: logrotate configuration found
2026-09-22 07:08:20 ====
2026-09-22 07:08:21 Performing test ID LOGG-2148 (Checking logrotated files)
2026-09-22 07:08:21 Test: Checking which files are rotated with logrotate and if they exist
2026-09-22 07:08:21 Result: found one or more files which are rotated via logrotate
2026-09-22 07:08:21 Output: File:/var/log/boot.log:does_not_exist
2026-09-22 07:08:21 Output: File:/var/log/cron.log:does_not_exist
2026-09-22 07:08:21 Output: File:/var/log/dracut.log:does_not_exist
2026-09-22 07:08:21 Output: File:/var/log/mail.log:does_not_exist
2026-09-22 07:08:21 Output: File:/var/log/ufw.log:does_not_exist
2026-09-22 07:08:21 Output: File:/var/log/user.log:does_not_exist
2026-09-22 07:08:21 Output: File:/var/log/alternatives.log:exists
2026-09-22 07:08:21 Output: File:/var/log/apport.log:exists
2026-09-22 07:08:21 Output: File:/var/log/apt/history.log:exists
2026-09-22 07:08:21 Output: File:/var/log/apt/term.log:exists
2026-09-22 07:08:21 Output: File:/var/log/auth.log:exists
2026-09-22 07:08:21 Output: File:/var/log/boot.log:exists
2026-09-22 07:08:21 Output: File:/var/log/btmp:exists
2026-09-22 07:08:21 Output: File:/var/log/cloud-init-output.log:exists
2026-09-22 07:08:21 Output: File:/var/log/cloud-init.log:exists
2026-09-22 07:08:21 Output: File:/var/log/cron.log:exists
2026-09-22 07:08:21 Output: File:/var/log/dpkg.log:exists
2026-09-22 07:08:21 Output: File:/var/log/dracut.log:exists
2026-09-22 07:08:21 Output: File:/var/log/fail2ban.log:exists
2026-09-22 07:08:21 Output: File:/var/log/kern.log:exists
2026-09-22 07:08:21 Output: File:/var/log/mail.log:exists
2026-09-22 07:08:21 Output: File:/var/log/syslog:exists
2026-09-22 07:08:21 Output: File:/var/log/ufw.log:exists
2026-09-22 07:08:21 Output: File:/var/log/unattended-upgrades/unattended-upgrades-dpkg.log:exists
2026-09-22 07:08:21 Output: File:/var/log/unattended-upgrades/unattended-upgrades-shutdown.log:exists
2026-09-22 07:08:21 Output: File:/var/log/unattended-upgrades/unattended-upgrades.log:exists
2026-09-22 07:08:21 Output: File:/var/log/user.log:exists
2026-09-22 07:08:21 Output: File:/var/log/wtmp:exists
2026-09-22 07:08:21 ====
2026-09-22 07:08:21 Performing test ID LOGG-2150 (Checking directories in logrotate configuration)
2026-09-22 07:08:21 Test: Checking which directories can be found in logrotate configuration
2026-09-22 07:08:21 Result: found one or more directories (via logrotate configuration)
2026-09-22 07:08:21 Directory found: /var/log
2026-09-22 07:08:21 Directory found: /var/log/apt
2026-09-22 07:08:21 Directory found: /var/log/unattended-upgrades
2026-09-22 07:08:21 ====
2026-09-22 07:08:21 Skipped test LOGG-2152 (Checking loghost)
2026-09-22 07:08:21 Reason to skip: Incorrect guest OS (Solaris only)
2026-09-22 07:08:21 ====
2026-09-22 07:08:21 Skipped test LOGG-2153 (Checking loghost is localhost)
2026-09-22 07:08:21 Reason to skip: Prerequisites not met (ie missing tool, other type of Linux distribution)
2026-09-22 07:08:21 ====
2026-09-22 07:08:21 Performing test ID LOGG-2154 (Checking syslog configuration file)
2026-09-22 07:08:21 Test: analyzing file /etc/rsyslog.conf for remote target
2026-09-22 07:08:21 Result: no remote target found
2026-09-22 07:08:21 Test: analyzing file /etc/rsyslog.d/21-cloudinit.conf for remote target
2026-09-22 07:08:21 Result: no remote target found
2026-09-22 07:08:21 Test: analyzing file /etc/rsyslog.d/20-ufw.conf for remote target
2026-09-22 07:08:21 Result: no remote target found
2026-09-22 07:08:21 Test: analyzing file /etc/rsyslog.d/50-default.conf for remote target
2026-09-22 07:08:21 Result: no remote target found
2026-09-22 07:08:21 Result: no remote logging found
2026-09-22 07:08:21 Suggestion: Enable logging to an external logging host for archiving purposes and additional protection [test:LOGG-2154] [details:-] [solution:-]
2026-09-22 07:08:21 Hardening: assigned partial number of hardening points (1 of 3). Currently having 199 points (out of 281)
2026-09-22 07:08:21 ====
2026-09-22 07:08:21 Skipped test LOGG-2160 (Checking /etc/newsyslog.conf)
2026-09-22 07:08:21 Reason to skip: Prerequisites not met (ie missing tool, other type of Linux distribution)
2026-09-22 07:08:21 ====
2026-09-22 07:08:21 Skipped test LOGG-2162 (Checking directories in /etc/newsyslog.conf)
2026-09-22 07:08:21 Reason to skip: Prerequisites not met (ie missing tool, other type of Linux distribution)
2026-09-22 07:08:21 ====
2026-09-22 07:08:21 Skipped test LOGG-2164 (Checking files specified /etc/newsyslog.conf)
2026-09-22 07:08:21 Reason to skip: Prerequisites not met (ie missing tool, other type of Linux distribution)
2026-09-22 07:08:21 ====
2026-09-22 07:08:21 Performing test ID LOGG-2170 (Checking log paths)
2026-09-22 07:08:21 Test: Searching log paths
2026-09-22 07:08:21 Result: directory /var/log exists
2026-09-22 07:08:21 Result: directory /var/adm can't be found
2026-09-22 07:08:21 ====
2026-09-22 07:08:21 Performing test ID LOGG-2180 (Checking open log files)
2026-09-22 07:08:21 Test: checking open log files with lsof
2026-09-22 07:08:21 Found logfile: /var/log/audit/audit.log
2026-09-22 07:08:21 Found logfile: /var/log/auth.log
2026-09-22 07:08:21 Found logfile: /var/log/fail2ban.log
2026-09-22 07:08:21 Found logfile: /var/log/kern.log
2026-09-22 07:08:21 Found logfile: /var/log/syslog
2026-09-22 07:08:21 Found logfile: /var/log/unattended-upgrades/unattended-upgrades-shutdown.log
2026-09-22 07:08:21 ====
2026-09-22 07:08:21 Performing test ID LOGG-2190 (Checking for deleted files in use)
2026-09-22 07:08:21 Test: checking deleted files that are still in use
2026-09-22 07:08:21 Result: found one or more files which are deleted, but still in use
2026-09-22 07:08:21 Found deleted file: /memfd:systemd-udevd(systemd)
2026-09-22 07:08:22 Suggestion: Check what deleted files are still in use and why. [test:LOGG-2190] [details:-] [solution:-]
2026-09-22 07:08:22 ====
2026-09-22 07:08:22 Performing test ID LOGG-2192 (Checking for open log files that are empty)
2026-09-22 07:08:22 Found an opened logfile that is empty: unattende,/var/log/unattended-upgrades/unattended-upgrades-shutdown.log
2026-09-22 07:08:22 Security check: file is normal
2026-09-22 07:08:22 Checking permissions of /usr/share/lynis/include/tests_insecure_services
2026-09-22 07:08:22 File permissions are OK
2026-09-22 07:08:22 ====
2026-09-22 07:08:22 Action: Performing tests from category: Insecure services
2026-09-22 07:08:22 ====
2026-09-22 07:08:22 Performing test ID INSE-8000 (Installed inetd package)
2026-09-22 07:08:22 Test: Checking if inetd is installed
2026-09-22 07:08:22 Result: inetd is NOT installed
2026-09-22 07:08:22 ====
2026-09-22 07:08:22 Skipped test INSE-8002 (Check for enabled inet daemon)
2026-09-22 07:08:22 Reason to skip: Prerequisites not met (ie missing tool, other type of Linux distribution)
2026-09-22 07:08:22 ====
2026-09-22 07:08:22 Skipped test INSE-8004 (Presence of inetd configuration file)
2026-09-22 07:08:22 Reason to skip: Prerequisites not met (ie missing tool, other type of Linux distribution)
2026-09-22 07:08:22 ====
2026-09-22 07:08:22 Skipped test INSE-8006 (Check configuration of inetd when disabled)
2026-09-22 07:08:22 Reason to skip: Prerequisites not met (ie missing tool, other type of Linux distribution)
2026-09-22 07:08:22 ====
2026-09-22 07:08:22 Skipped test INSE-8016 (Check for telnet via inetd)
2026-09-22 07:08:22 Reason to skip: Prerequisites not met (ie missing tool, other type of Linux distribution)
2026-09-22 07:08:22 ====
2026-09-22 07:08:22 Performing test ID INSE-8100 (Check for installed xinetd daemon)
2026-09-22 07:08:22 Test: Checking for installed xinetd daemon
2026-09-22 07:08:22 Result: xinetd is NOT installed
2026-09-22 07:08:22 ====
2026-09-22 07:08:22 Performing test ID INSE-8102 (Check for active xinet daemon)
2026-09-22 07:08:22 Test: Searching for active extended internet services daemon (xinetd)
2026-09-22 07:08:22 Performing pgrep scan without uid
2026-09-22 07:08:22 IsRunning: process 'xinetd' not found
2026-09-22 07:08:22 Result: xinetd is NOT running
2026-09-22 07:08:22 ====
2026-09-22 07:08:22 Skipped test INSE-8104 (Check for enabled xinet daemon)
2026-09-22 07:08:22 Reason to skip: Prerequisites not met (ie missing tool, other type of Linux distribution)
2026-09-22 07:08:22 ====
2026-09-22 07:08:22 Skipped test INSE-8106 (Check configuration of xinetd when disabled)
2026-09-22 07:08:22 Reason to skip: Prerequisites not met (ie missing tool, other type of Linux distribution)
2026-09-22 07:08:22 ====
2026-09-22 07:08:22 Skipped test INSE-8116 (Insecure services enabled via xinetd)
2026-09-22 07:08:22 Reason to skip: Prerequisites not met (ie missing tool, other type of Linux distribution)
2026-09-22 07:08:22 ====
2026-09-22 07:08:22 Skipped test INSE-8200 (Check if tcp_wrappers is installed when inetd/xinetd is active)
2026-09-22 07:08:22 Reason to skip: Prerequisites not met (ie missing tool, other type of Linux distribution)
2026-09-22 07:08:22 ====
2026-09-22 07:08:22 Performing test ID INSE-8300 (Check if rsh client is installed)
2026-09-22 07:08:22 Test: Checking if rsh client is installed
2026-09-22 07:08:22 Result: rsh client is NOT installed
2026-09-22 07:08:22 ====
2026-09-22 07:08:22 Performing test ID INSE-8304 (Check if rsh server is installed)
2026-09-22 07:08:22 Test: Checking if rsh server is installed
2026-09-22 07:08:22 Result: rsh server is NOT installed
2026-09-22 07:08:22 ====
2026-09-22 07:08:22 Performing test ID INSE-8310 (Check if telnet client is installed)
2026-09-22 07:08:22 Test: Checking if telnet client is installed
2026-09-22 07:08:23 Result: telnet client is NOT installed
2026-09-22 07:08:23 ====
2026-09-22 07:08:23 Performing test ID INSE-8322 (Check if telnet server is installed)
2026-09-22 07:08:23 Test: Checking if telnet server is installed
2026-09-22 07:08:23 Result: telnet server is NOT installed
2026-09-22 07:08:23 ====
2026-09-22 07:08:23 Performing test ID INSE-8314 (Check if NIS client is installed)
2026-09-22 07:08:23 Test: Checking if NIS client is installed
2026-09-22 07:08:23 Result: NIS client is NOT installed
2026-09-22 07:08:23 ====
2026-09-22 07:08:23 Performing test ID INSE-8316 (Check if NIS server is installed)
2026-09-22 07:08:23 Test: Checking if NIS server is installed
2026-09-22 07:08:23 Result: NIS server is NOT installed
2026-09-22 07:08:23 ====
2026-09-22 07:08:23 Performing test ID INSE-8318 (Check if TFTP client is installed)
2026-09-22 07:08:23 Test: Checking if TFTP client is installed
2026-09-22 07:08:23 Result: TFTP client is NOT installed
2026-09-22 07:08:23 ====
2026-09-22 07:08:23 Performing test ID INSE-8320 (Check if TFTP server is installed)
2026-09-22 07:08:23 Test: Checking if TFTP server is installed
2026-09-22 07:08:23 Result: TFTP server is NOT installed
2026-09-22 07:08:23 ====
2026-09-22 07:08:23 Skipped test INSE-8050 (Check for insecure services on macOS)
2026-09-22 07:08:23 Reason to skip: Incorrect guest OS (macOS only)
2026-09-22 07:08:23 Security check: file is normal
2026-09-22 07:08:23 Checking permissions of /usr/share/lynis/include/tests_banners
2026-09-22 07:08:23 File permissions are OK
2026-09-22 07:08:23 ====
2026-09-22 07:08:23 Action: Performing tests from category: Banners and identification
2026-09-22 07:08:23 ====
2026-09-22 07:08:23 Skipped test BANN-7113 (Check COPYRIGHT banner file)
2026-09-22 07:08:23 Reason to skip: Incorrect guest OS (FreeBSD only)
2026-09-22 07:08:23 ====
2026-09-22 07:08:23 Performing test ID BANN-7124 (Check issue banner file)
2026-09-22 07:08:23 Test: Checking file /etc/issue
2026-09-22 07:08:23 ====
2026-09-22 07:08:23 Performing test ID BANN-7126 (Check issue banner file contents)
2026-09-22 07:08:23 Test: Checking file /etc/issue contents for legal key words
2026-09-22 07:08:23 Result: Found only 0 key words (5 or more suggested), to warn unauthorized users and could be increased
2026-09-22 07:08:23 Suggestion: Add a legal banner to /etc/issue, to warn unauthorized users [test:BANN-7126] [details:-] [solution:-]
2026-09-22 07:08:23 Hardening: assigned partial number of hardening points (0 of 1). Currently having 199 points (out of 282)
2026-09-22 07:08:23 ====
2026-09-22 07:08:23 Performing test ID BANN-7128 (Check issue.net banner file)
2026-09-22 07:08:23 Test: Checking file /etc/issue.net
2026-09-22 07:08:23 Result: file /etc/issue.net exists
2026-09-22 07:08:23 ====
2026-09-22 07:08:23 Performing test ID BANN-7130 (Check issue.net banner file contents)
2026-09-22 07:08:23 Test: Checking file /etc/issue.net contents for legal key words
2026-09-22 07:08:24 Result: Found only 0 key words, to warn unauthorized users and could be increased
2026-09-22 07:08:24 Suggestion: Add legal banner to /etc/issue.net, to warn unauthorized users [test:BANN-7130] [details:-] [solution:-]
2026-09-22 07:08:24 Hardening: assigned partial number of hardening points (0 of 1). Currently having 199 points (out of 283)
2026-09-22 07:08:24 Security check: file is normal
2026-09-22 07:08:24 Checking permissions of /usr/share/lynis/include/tests_scheduling
2026-09-22 07:08:24 File permissions are OK
2026-09-22 07:08:24 ====
2026-09-22 07:08:24 Action: Performing tests from category: Scheduled tasks
2026-09-22 07:08:24 ====
2026-09-22 07:08:24 Performing test ID SCHD-7702 (Check status of cron daemon)
2026-09-22 07:08:24 Result: cron daemon running
2026-09-22 07:08:24 ====
2026-09-22 07:08:24 Performing test ID SCHD-7704 (Check crontab/cronjobs)
2026-09-22 07:08:24 Found cronjob (/etc/crontab): 17,*,*,*,*,root,cd,/,&&,run-parts,--report,/etc/cron.hourly
2026-09-22 07:08:24 Found cronjob (/etc/crontab): 25,6,*,*,*,root,test,-x,/usr/sbin/anacron,||,{,cd,/,&&,run-parts,--report,/etc/cron.daily;,}
2026-09-22 07:08:24 Found cronjob (/etc/crontab): 47,6,*,*,7,root,test,-x,/usr/sbin/anacron,||,{,cd,/,&&,run-parts,--report,/etc/cron.weekly;,}
2026-09-22 07:08:24 Found cronjob (/etc/crontab): 52,6,1,*,*,root,test,-x,/usr/sbin/anacron,||,{,cd,/,&&,run-parts,--report,/etc/cron.monthly;,}
2026-09-22 07:08:24 Test: checking directory /etc/cron.d
2026-09-22 07:08:24 Test: check if we can access /etc/cron.d (escaped: /etc/cron.d)
2026-09-22 07:08:24 Result: file is owned by our current user ID (0), checking if it is readable
2026-09-22 07:08:24 Result: file /etc/cron.d is readable (or directory accessible).
2026-09-22 07:08:24 Result: found directory /etc/cron.d
2026-09-22 07:08:24 Test: searching files in /etc/cron.d
2026-09-22 07:08:24 Result: found one or more files in /etc/cron.d. Analyzing files..
2026-09-22 07:08:24 Result: Found cronjob (/etc/cron.d/e2scrub_all): 10,3,*,*,*,root,test,-e,/run/systemd/system,||,SERVICE_MODE=1,/sbin/e2scrub_all,-A,-r
2026-09-22 07:08:24 Result: Found cronjob (/etc/cron.d/e2scrub_all): 30,3,*,*,0,root,test,-e,/run/systemd/system,||,SERVICE_MODE=1,/usr/libexec/e2fsprogs/e2scrub_all_cron
2026-09-22 07:08:24 Result: done with analyzing files in /etc/cron.d
2026-09-22 07:08:24 Test: checking directory /etc/cron.hourly
2026-09-22 07:08:24 Result: found directory /etc/cron.hourly
2026-09-22 07:08:24 Test: check if we can access /etc/cron.hourly (escaped: /etc/cron.hourly)
2026-09-22 07:08:24 Result: file is owned by our current user ID (0), checking if it is readable
2026-09-22 07:08:24 Result: file /etc/cron.hourly is readable (or directory accessible).
2026-09-22 07:08:24 Test: searching files in /etc/cron.hourly
2026-09-22 07:08:24 Result: no files found in /etc/cron.hourly
2026-09-22 07:08:24 Test: checking directory /etc/cron.daily
2026-09-22 07:08:24 Result: found directory /etc/cron.daily
2026-09-22 07:08:24 Test: check if we can access /etc/cron.daily (escaped: /etc/cron.daily)
2026-09-22 07:08:24 Result: file is owned by our current user ID (0), checking if it is readable
2026-09-22 07:08:24 Result: file /etc/cron.daily is readable (or directory accessible).
2026-09-22 07:08:24 Test: searching files in /etc/cron.daily
2026-09-22 07:08:24 Result: found one or more files in /etc/cron.daily. Analyzing files..
2026-09-22 07:08:24 Result: Found cronjob (/etc/cron.daily): /etc/cron.daily/apt-compat
2026-09-22 07:08:24 Result: Found cronjob (/etc/cron.daily): /etc/cron.daily/apport
2026-09-22 07:08:24 Result: Found cronjob (/etc/cron.daily): /etc/cron.daily/logrotate
2026-09-22 07:08:24 Result: Found cronjob (/etc/cron.daily): /etc/cron.daily/man-db
2026-09-22 07:08:24 Result: Found cronjob (/etc/cron.daily): /etc/cron.daily/dpkg
2026-09-22 07:08:24 Result: done with analyzing files in /etc/cron.daily
2026-09-22 07:08:24 Test: checking directory /etc/cron.weekly
2026-09-22 07:08:24 Result: found directory /etc/cron.weekly
2026-09-22 07:08:24 Test: check if we can access /etc/cron.weekly (escaped: /etc/cron.weekly)
2026-09-22 07:08:24 Result: file is owned by our current user ID (0), checking if it is readable
2026-09-22 07:08:24 Result: file /etc/cron.weekly is readable (or directory accessible).
2026-09-22 07:08:24 Test: searching files in /etc/cron.weekly
2026-09-22 07:08:24 Result: found one or more files in /etc/cron.weekly. Analyzing files..
2026-09-22 07:08:24 Result: Found cronjob (/etc/cron.weekly): /etc/cron.weekly/man-db
2026-09-22 07:08:24 Result: done with analyzing files in /etc/cron.weekly
2026-09-22 07:08:24 Test: checking directory /etc/cron.monthly
2026-09-22 07:08:24 Result: found directory /etc/cron.monthly
2026-09-22 07:08:24 Test: check if we can access /etc/cron.monthly (escaped: /etc/cron.monthly)
2026-09-22 07:08:24 Result: file is owned by our current user ID (0), checking if it is readable
2026-09-22 07:08:24 Result: file /etc/cron.monthly is readable (or directory accessible).
2026-09-22 07:08:24 Test: searching files in /etc/cron.monthly
2026-09-22 07:08:24 Result: no files found in /etc/cron.monthly
2026-09-22 07:08:24 ====
2026-09-22 07:08:24 Performing test ID SCHD-7718 (Check at users)
2026-09-22 07:08:24 Test: Checking atd status
2026-09-22 07:08:24 Result: at daemon not active
2026-09-22 07:08:24 ====
2026-09-22 07:08:24 Skipped test SCHD-7720 (Check at users)
2026-09-22 07:08:24 Reason to skip: Prerequisites not met (ie missing tool, other type of Linux distribution)
2026-09-22 07:08:24 ====
2026-09-22 07:08:24 Skipped test SCHD-7724 (Check at jobs)
2026-09-22 07:08:25 Reason to skip: Prerequisites not met (ie missing tool, other type of Linux distribution)
2026-09-22 07:08:25 Result: no scheduled Lynis execution found (e.g. crontab, cronjob)
2026-09-22 07:08:25 Security check: file is normal
2026-09-22 07:08:25 Checking permissions of /usr/share/lynis/include/tests_accounting
2026-09-22 07:08:25 File permissions are OK
2026-09-22 07:08:25 ====
2026-09-22 07:08:25 Action: Performing tests from category: Accounting
2026-09-22 07:08:25 ====
2026-09-22 07:08:25 Skipped test ACCT-2754 (Check for available FreeBSD accounting information)
2026-09-22 07:08:25 Reason to skip: Incorrect guest OS (FreeBSD only)
2026-09-22 07:08:25 ====
2026-09-22 07:08:25 Skipped test ACCT-2760 (Check for available OpenBSD accounting information)
2026-09-22 07:08:25 Reason to skip: Incorrect guest OS (OpenBSD only)
2026-09-22 07:08:25 ====
2026-09-22 07:08:25 Performing test ID ACCT-9622 (Check for available Linux accounting information)
2026-09-22 07:08:25 Test: Check accounting information
2026-09-22 07:08:25 Result: No accounting information available (/var/account/pacct, /var/log/account/pacct nor /var/log/pacct exist)
2026-09-22 07:08:25 Remark: Possibly there is another location where the accounting data is stored
2026-09-22 07:08:25 Suggestion: Enable process accounting [test:ACCT-9622] [details:-] [solution:-]
2026-09-22 07:08:25 Hardening: assigned partial number of hardening points (2 of 3). Currently having 201 points (out of 286)
2026-09-22 07:08:25 ====
2026-09-22 07:08:25 Performing test ID ACCT-9626 (Check for sysstat accounting data)
2026-09-22 07:08:25 Test: check /etc/default/sysstat presence
2026-09-22 07:08:25 Result: /etc/default/sysstat found
2026-09-22 07:08:25 Result: sysstat enabled via /etc/default/sysstat
2026-09-22 07:08:25 ====
2026-09-22 07:08:25 Performing test ID ACCT-9628 (Check for auditd)
2026-09-22 07:08:25 Test: Check auditd status
2026-09-22 07:08:25 Performing pgrep scan without uid
2026-09-22 07:08:25 IsRunning: process 'auditd' found (2002 )
2026-09-22 07:08:25 Result: auditd running
2026-09-22 07:08:25 Hardening: assigned maximum number of hardening points for this item (4). Currently having 205 points (out of 290)
2026-09-22 07:08:25 ====
2026-09-22 07:08:25 Performing test ID ACCT-9630 (Check for auditd rules)
2026-09-22 07:08:25 Test: Checking auditd rules
2026-09-22 07:08:25 Result: auditd rules empty
2026-09-22 07:08:25 Hardening: assigned partial number of hardening points (0 of 2). Currently having 205 points (out of 292)
2026-09-22 07:08:25 Suggestion: Audit daemon is enabled with an empty ruleset. Disable the daemon or define rules [test:ACCT-9630] [details:-] [solution:-]
2026-09-22 07:08:25 ====
2026-09-22 07:08:25 Performing test ID ACCT-9632 (Check for auditd configuration file)
2026-09-22 07:08:25 Test: Checking auditd configuration file
2026-09-22 07:08:25 Result: /etc/auditd.conf not found
2026-09-22 07:08:25 Result: Found /etc/audit/auditd.conf
2026-09-22 07:08:25 ====
2026-09-22 07:08:25 Performing test ID ACCT-9634 (Check for auditd log file)
2026-09-22 07:08:25 Test: Checking auditd log file
2026-09-22 07:08:25 Result: log file is defined
2026-09-22 07:08:25 Defined value: /var/log/audit/audit.log
2026-09-22 07:08:25 Result: log file /var/log/audit/audit.log exists on disk
2026-09-22 07:08:25 ====
2026-09-22 07:08:25 Performing test ID ACCT-9636 (Check for Snoopy wrapper and logger)
2026-09-22 07:08:25 ====
2026-09-22 07:08:25 Skipped test ACCT-9650 (Check Solaris audit daemon)
2026-09-22 07:08:25 Reason to skip: Incorrect guest OS (Solaris only)
2026-09-22 07:08:25 ====
2026-09-22 07:08:25 Skipped test ACCT-9652 (Check auditd SMF status)
2026-09-22 07:08:25 Reason to skip: Incorrect guest OS (Solaris only)
2026-09-22 07:08:25 ====
2026-09-22 07:08:25 Skipped test ACCT-9654 (Check BSM auditing in /etc/system)
2026-09-22 07:08:25 Reason to skip: Incorrect guest OS (Solaris only)
2026-09-22 07:08:25 ====
2026-09-22 07:08:25 Skipped test ACCT-9656 (Check BSM auditing in module list)
2026-09-22 07:08:25 Reason to skip: Incorrect guest OS (Solaris only)
2026-09-22 07:08:25 ====
2026-09-22 07:08:25 Skipped test ACCT-9660 (Check location of audit events)
2026-09-22 07:08:25 Reason to skip: Incorrect guest OS (Solaris only)
2026-09-22 07:08:25 ====
2026-09-22 07:08:26 Skipped test ACCT-9662 (Check Solaris auditing stats)
2026-09-22 07:08:26 Reason to skip: Incorrect guest OS (Solaris only)
2026-09-22 07:08:26 ====
2026-09-22 07:08:26 Skipped test ACCT-9670 (Check for cmd)
2026-09-22 07:08:26 Reason to skip: Prerequisites not met (ie missing tool, other type of Linux distribution)
2026-09-22 07:08:26 ====
2026-09-22 07:08:26 Skipped test ACCT-9672 (Check for cmd configuration file)
2026-09-22 07:08:26 Reason to skip: Prerequisites not met (ie missing tool, other type of Linux distribution)
2026-09-22 07:08:26 Security check: file is normal
2026-09-22 07:08:26 Checking permissions of /usr/share/lynis/include/tests_time
2026-09-22 07:08:26 File permissions are OK
2026-09-22 07:08:26 ====
2026-09-22 07:08:26 Action: Performing tests from category: Time and Synchronization
2026-09-22 07:08:26 ====
2026-09-22 07:08:26 Performing test ID TIME-3104 (Check for running NTP daemon or client)
2026-09-22 07:08:26 Test: Searching for a running NTP daemon or available client
2026-09-22 07:08:26 result: found chrony configuration: /etc/chrony/chrony.conf
2026-09-22 07:08:26 Performing pgrep scan without uid
2026-09-22 07:08:26 IsRunning: process 'chronyd' found (2399 2425 )
2026-09-22 07:08:26 Performing pgrep scan without uid
2026-09-22 07:08:26 IsRunning: process 'dntpd' not found
2026-09-22 07:08:26 Performing pgrep scan without uid
2026-09-22 07:08:26 IsRunning: process 'timed' not found
2026-09-22 07:08:26 Result: crontab file /etc/anacrontab not found
2026-09-22 07:08:26 Test: checking for ntpdate, rdate, sntp or ntpdig in crontab file /etc/crontab
2026-09-22 07:08:26 Result: no ntpdate, rdate, sntp or ntpdig reference found in crontab file /etc/crontab
2026-09-22 07:08:26 Test: checking for ntpdate, rdate, sntp or ntpdig in /etc/cron.d/e2scrub_all
2026-09-22 07:08:26 Test: checking for ntpdate, rdate, sntp or ntpdig in /etc/cron.daily/apport
2026-09-22 07:08:26 Test: checking for ntpdate, rdate, sntp or ntpdig in /etc/cron.daily/apt-compat
2026-09-22 07:08:26 Test: checking for ntpdate, rdate, sntp or ntpdig in /etc/cron.daily/dpkg
2026-09-22 07:08:26 Test: checking for ntpdate, rdate, sntp or ntpdig in /etc/cron.daily/logrotate
2026-09-22 07:08:26 Test: checking for ntpdate, rdate, sntp or ntpdig in /etc/cron.daily/man-db
2026-09-22 07:08:26 Test: checking for ntpdate, rdate, sntp or ntpdig in /etc/cron.weekly/man-db
2026-09-22 07:08:26 Result: no ntpdate or rdate found in cron directories
2026-09-22 07:08:26 Test: checking for file /etc/network/if-up.d/ntpdate
2026-09-22 07:08:26 Result: file /etc/network/if-up.d/ntpdate does not exist
2026-09-22 07:08:26 Result: Found a time syncing daemon/client.
2026-09-22 07:08:26 Hardening: assigned maximum number of hardening points for this item (3). Currently having 208 points (out of 295)
2026-09-22 07:08:26 ====
2026-09-22 07:08:26 Skipped test TIME-3106 (Check systemd NTP time synchronization status)
2026-09-22 07:08:26 Reason to skip: Prerequisites not met (ie missing tool, other type of Linux distribution)
2026-09-22 07:08:26 ====
2026-09-22 07:08:26 Skipped test TIME-3112 (Check active NTP associations ID's)
2026-09-22 07:08:26 Reason to skip: Prerequisites not met (ie missing tool, other type of Linux distribution)
2026-09-22 07:08:26 ====
2026-09-22 07:08:26 Skipped test TIME-3116 (Check peers with stratum value of 16)
2026-09-22 07:08:26 Reason to skip: Prerequisites not met (ie missing tool, other type of Linux distribution)
2026-09-22 07:08:26 ====
2026-09-22 07:08:26 Skipped test TIME-3120 (Check unreliable NTP peers)
2026-09-22 07:08:26 Reason to skip: Prerequisites not met (ie missing tool, other type of Linux distribution)
2026-09-22 07:08:26 ====
2026-09-22 07:08:26 Skipped test TIME-3124 (Check selected time source)
2026-09-22 07:08:26 Reason to skip: Prerequisites not met (ie missing tool, other type of Linux distribution)
2026-09-22 07:08:26 ====
2026-09-22 07:08:26 Skipped test TIME-3128 (Check preferred time source)
2026-09-22 07:08:26 Reason to skip: Prerequisites not met (ie missing tool, other type of Linux distribution)
2026-09-22 07:08:26 ====
2026-09-22 07:08:26 Skipped test TIME-3132 (Check NTP falsetickers)
2026-09-22 07:08:26 Reason to skip: Prerequisites not met (ie missing tool, other type of Linux distribution)
2026-09-22 07:08:26 ====
2026-09-22 07:08:26 Skipped test TIME-3136 (Check NTP protocol version)
2026-09-22 07:08:26 Reason to skip: Prerequisites not met (ie missing tool, other type of Linux distribution)
2026-09-22 07:08:26 ====
2026-09-22 07:08:26 Performing test ID TIME-3148 (Check TZ variable)
2026-09-22 07:08:26 Test: testing for TZ variable
2026-09-22 07:08:26 Result: found TZ variable with value notset
2026-09-22 07:08:26 ====
2026-09-22 07:08:26 Skipped test TIME-3160 (Check empty NTP step-tickers)
2026-09-22 07:08:26 Reason to skip: Prerequisites not met (ie missing tool, other type of Linux distribution)
2026-09-22 07:08:26 ====
2026-09-22 07:08:26 Performing test ID TIME-3170 (Check configuration files)
2026-09-22 07:08:26 ====
2026-09-22 07:08:27 Skipped test TIME-3180 (Report if ntpctl cannot communicate with OpenNTPD)
2026-09-22 07:08:27 Reason to skip: Prerequisites not met (ie missing tool, other type of Linux distribution)
2026-09-22 07:08:27 ====
2026-09-22 07:08:27 Skipped test TIME-3181 (Check status of OpenNTPD time synchronisation)
2026-09-22 07:08:27 Reason to skip: Prerequisites not met (ie missing tool, other type of Linux distribution)
2026-09-22 07:08:27 ====
2026-09-22 07:08:27 Skipped test TIME-3182 (Check OpenNTPD has working peers)
2026-09-22 07:08:27 Reason to skip: Prerequisites not met (ie missing tool, other type of Linux distribution)
2026-09-22 07:08:27 ====
2026-09-22 07:08:27 Skipped test TIME-3185 (Check systemd-timesyncd synchronized time)
2026-09-22 07:08:27 Reason to skip: Prerequisites not met (ie missing tool, other type of Linux distribution)
2026-09-22 07:08:27 Security check: file is normal
2026-09-22 07:08:27 Checking permissions of /usr/share/lynis/include/tests_crypto
2026-09-22 07:08:27 File permissions are OK
2026-09-22 07:08:27 ====
2026-09-22 07:08:27 Action: Performing tests from category: Cryptography
2026-09-22 07:08:27 ====
2026-09-22 07:08:27 Performing test ID CRYP-7902 (Check expire date of SSL certificates)
2026-09-22 07:08:27 Paths to scan: /etc/apache2 /etc/dovecot /etc/httpd /etc/letsencrypt /etc/pki /etc/postfix /etc/refind.d/keys /etc/ssl /opt/psa/var/certificates /usr/local/psa/var/certificates /usr/local/share/ca-certificates /usr/share/ca-certificates /usr/share/gnupg /var/www /srv/www
2026-09-22 07:08:27 Paths to ignore: /etc/letsencrypt/archive
2026-09-22 07:08:27 Result: SSL path /etc/apache2 does not exist
2026-09-22 07:08:27 Result: SSL path /etc/dovecot does not exist
2026-09-22 07:08:27 Result: SSL path /etc/httpd does not exist
2026-09-22 07:08:27 Result: SSL path /etc/letsencrypt does not exist
2026-09-22 07:08:27 Test: check if we can access /etc/pki (escaped: /etc/pki)
2026-09-22 07:08:27 Result: file is owned by our current user ID (0), checking if it is readable
2026-09-22 07:08:27 Result: file /etc/pki is readable (or directory accessible).
2026-09-22 07:08:27 Result: found directory /etc/pki
2026-09-22 07:08:27 Test: check if we can access /etc/pki/fwupd-metadata/LVFS-CA-2025PQ.pem (escaped: /etc/pki/fwupd-metadata/LVFS-CA-2025PQ.pem)
2026-09-22 07:08:27 Result: file is owned by our current user ID (0), checking if it is readable
2026-09-22 07:08:27 Result: file /etc/pki/fwupd-metadata/LVFS-CA-2025PQ.pem is readable (or directory accessible).
2026-09-22 07:08:27 Result: file '/etc/pki/fwupd-metadata/LVFS-CA-2025PQ.pem' belongs to package (fwupd)
2026-09-22 07:08:27 Test: check if we can access /etc/pki/fwupd-metadata/LVFS-CA.pem (escaped: /etc/pki/fwupd-metadata/LVFS-CA.pem)
2026-09-22 07:08:27 Result: file is owned by our current user ID (0), checking if it is readable
2026-09-22 07:08:27 Result: file /etc/pki/fwupd-metadata/LVFS-CA.pem is readable (or directory accessible).
2026-09-22 07:08:27 Result: file '/etc/pki/fwupd-metadata/LVFS-CA.pem' belongs to package (fwupd)
2026-09-22 07:08:27 Test: check if we can access /etc/pki/fwupd/LVFS-CA-2025PQ.pem (escaped: /etc/pki/fwupd/LVFS-CA-2025PQ.pem)
2026-09-22 07:08:27 Result: file is owned by our current user ID (0), checking if it is readable
2026-09-22 07:08:27 Result: file /etc/pki/fwupd/LVFS-CA-2025PQ.pem is readable (or directory accessible).
2026-09-22 07:08:27 Result: file '/etc/pki/fwupd/LVFS-CA-2025PQ.pem' belongs to package (fwupd)
2026-09-22 07:08:27 Test: check if we can access /etc/pki/fwupd/LVFS-CA.pem (escaped: /etc/pki/fwupd/LVFS-CA.pem)
2026-09-22 07:08:27 Result: file is owned by our current user ID (0), checking if it is readable
2026-09-22 07:08:27 Result: file /etc/pki/fwupd/LVFS-CA.pem is readable (or directory accessible).
2026-09-22 07:08:27 Result: file '/etc/pki/fwupd/LVFS-CA.pem' belongs to package (fwupd)
2026-09-22 07:08:27 Result: found 4 certificates in /etc/pki
2026-09-22 07:08:27 Result: SSL path /etc/postfix does not exist
2026-09-22 07:08:27 Result: SSL path /etc/refind.d/keys does not exist
2026-09-22 07:08:27 Test: check if we can access /etc/ssl (escaped: /etc/ssl)
2026-09-22 07:08:27 Result: file is owned by our current user ID (0), checking if it is readable
2026-09-22 07:08:27 Result: file /etc/ssl is readable (or directory accessible).
2026-09-22 07:08:27 Result: found directory /etc/ssl
2026-09-22 07:08:27 Test: check if we can access /etc/ssl/certs/ca-certificates.crt (escaped: /etc/ssl/certs/ca-certificates.crt)
2026-09-22 07:08:28 Result: file is owned by our current user ID (0), checking if it is readable
2026-09-22 07:08:28 Result: file /etc/ssl/certs/ca-certificates.crt is readable (or directory accessible).
2026-09-22 07:08:28 Result: file '/etc/ssl/certs/ca-certificates.crt' does most likely not belong to a package
2026-09-22 07:08:28 Result: file is a certificate file
2026-09-22 07:08:28 Result: certificate /etc/ssl/certs/ca-certificates.crt seems to be correct and still valid
2026-09-22 07:08:28 Result: found 1 certificates in /etc/ssl
2026-09-22 07:08:28 Result: SSL path /opt/psa/var/certificates does not exist
2026-09-22 07:08:28 Result: SSL path /usr/local/psa/var/certificates does not exist
2026-09-22 07:08:28 Test: check if we can access /usr/local/share/ca-certificates (escaped: /usr/local/share/ca-certificates)
2026-09-22 07:08:28 Result: file is owned by our current user ID (0), checking if it is readable
2026-09-22 07:08:28 Result: file /usr/local/share/ca-certificates is readable (or directory accessible).
2026-09-22 07:08:28 Result: found directory /usr/local/share/ca-certificates
2026-09-22 07:08:28 Result: found 0 certificates in /usr/local/share/ca-certificates
2026-09-22 07:08:28 Test: check if we can access /usr/share/ca-certificates (escaped: /usr/share/ca-certificates)
2026-09-22 07:08:28 Result: file is owned by our current user ID (0), checking if it is readable
2026-09-22 07:08:28 Result: file /usr/share/ca-certificates is readable (or directory accessible).
2026-09-22 07:08:28 Result: found directory /usr/share/ca-certificates
2026-09-22 07:08:28 Test: check if we can access /usr/share/ca-certificates/mozilla/ACCVRAIZ1.crt (escaped: /usr/share/ca-certificates/mozilla/ACCVRAIZ1.crt)
2026-09-22 07:08:28 Result: file is owned by our current user ID (0), checking if it is readable
2026-09-22 07:08:28 Result: file /usr/share/ca-certificates/mozilla/ACCVRAIZ1.crt is readable (or directory accessible).
2026-09-22 07:08:28 Result: file '/usr/share/ca-certificates/mozilla/ACCVRAIZ1.crt' belongs to package (ca-certificates)
2026-09-22 07:08:28 Test: check if we can access /usr/share/ca-certificates/mozilla/AC_RAIZ_FNMT-RCM.crt (escaped: /usr/share/ca-certificates/mozilla/AC_RAIZ_FNMT-RCM.crt)
2026-09-22 07:08:28 Result: file is owned by our current user ID (0), checking if it is readable
2026-09-22 07:08:28 Result: file /usr/share/ca-certificates/mozilla/AC_RAIZ_FNMT-RCM.crt is readable (or directory accessible).
2026-09-22 07:08:28 Result: file '/usr/share/ca-certificates/mozilla/AC_RAIZ_FNMT-RCM.crt' belongs to package (ca-certificates)
2026-09-22 07:08:28 Test: check if we can access /usr/share/ca-certificates/mozilla/AC_RAIZ_FNMT-RCM_SERVIDORES_SEGUROS.crt (escaped: /usr/share/ca-certificates/mozilla/AC_RAIZ_FNMT-RCM_SERVIDORES_SEGUROS.crt)
2026-09-22 07:08:28 Result: file is owned by our current user ID (0), checking if it is readable
2026-09-22 07:08:28 Result: file /usr/share/ca-certificates/mozilla/AC_RAIZ_FNMT-RCM_SERVIDORES_SEGUROS.crt is readable (or directory accessible).
2026-09-22 07:08:28 Result: file '/usr/share/ca-certificates/mozilla/AC_RAIZ_FNMT-RCM_SERVIDORES_SEGUROS.crt' belongs to package (ca-certificates)
2026-09-22 07:08:28 Test: check if we can access /usr/share/ca-certificates/mozilla/ANF_Secure_Server_Root_CA.crt (escaped: /usr/share/ca-certificates/mozilla/ANF_Secure_Server_Root_CA.crt)
2026-09-22 07:08:28 Result: file is owned by our current user ID (0), checking if it is readable
2026-09-22 07:08:28 Result: file /usr/share/ca-certificates/mozilla/ANF_Secure_Server_Root_CA.crt is readable (or directory accessible).
2026-09-22 07:08:28 Result: file '/usr/share/ca-certificates/mozilla/ANF_Secure_Server_Root_CA.crt' belongs to package (ca-certificates)
2026-09-22 07:08:28 Test: check if we can access /usr/share/ca-certificates/mozilla/Actalis_Authentication_Root_CA.crt (escaped: /usr/share/ca-certificates/mozilla/Actalis_Authentication_Root_CA.crt)
2026-09-22 07:08:28 Result: file is owned by our current user ID (0), checking if it is readable
2026-09-22 07:08:28 Result: file /usr/share/ca-certificates/mozilla/Actalis_Authentication_Root_CA.crt is readable (or directory accessible).
2026-09-22 07:08:28 Result: file '/usr/share/ca-certificates/mozilla/Actalis_Authentication_Root_CA.crt' belongs to package (ca-certificates)
2026-09-22 07:08:28 Test: check if we can access /usr/share/ca-certificates/mozilla/Amazon_Root_CA_1.crt (escaped: /usr/share/ca-certificates/mozilla/Amazon_Root_CA_1.crt)
2026-09-22 07:08:28 Result: file is owned by our current user ID (0), checking if it is readable
2026-09-22 07:08:28 Result: file /usr/share/ca-certificates/mozilla/Amazon_Root_CA_1.crt is readable (or directory accessible).
2026-09-22 07:08:29 Result: file '/usr/share/ca-certificates/mozilla/Amazon_Root_CA_1.crt' belongs to package (ca-certificates)
2026-09-22 07:08:29 Test: check if we can access /usr/share/ca-certificates/mozilla/Amazon_Root_CA_2.crt (escaped: /usr/share/ca-certificates/mozilla/Amazon_Root_CA_2.crt)
2026-09-22 07:08:29 Result: file is owned by our current user ID (0), checking if it is readable
2026-09-22 07:08:29 Result: file /usr/share/ca-certificates/mozilla/Amazon_Root_CA_2.crt is readable (or directory accessible).
2026-09-22 07:08:29 Result: file '/usr/share/ca-certificates/mozilla/Amazon_Root_CA_2.crt' belongs to package (ca-certificates)
2026-09-22 07:08:29 Test: check if we can access /usr/share/ca-certificates/mozilla/Amazon_Root_CA_3.crt (escaped: /usr/share/ca-certificates/mozilla/Amazon_Root_CA_3.crt)
2026-09-22 07:08:29 Result: file is owned by our current user ID (0), checking if it is readable
2026-09-22 07:08:29 Result: file /usr/share/ca-certificates/mozilla/Amazon_Root_CA_3.crt is readable (or directory accessible).
2026-09-22 07:08:29 Result: file '/usr/share/ca-certificates/mozilla/Amazon_Root_CA_3.crt' belongs to package (ca-certificates)
2026-09-22 07:08:29 Test: check if we can access /usr/share/ca-certificates/mozilla/Amazon_Root_CA_4.crt (escaped: /usr/share/ca-certificates/mozilla/Amazon_Root_CA_4.crt)
2026-09-22 07:08:29 Result: file is owned by our current user ID (0), checking if it is readable
2026-09-22 07:08:29 Result: file /usr/share/ca-certificates/mozilla/Amazon_Root_CA_4.crt is readable (or directory accessible).
2026-09-22 07:08:29 Result: file '/usr/share/ca-certificates/mozilla/Amazon_Root_CA_4.crt' belongs to package (ca-certificates)
2026-09-22 07:08:29 Test: check if we can access /usr/share/ca-certificates/mozilla/Atos_TrustedRoot_2011.crt (escaped: /usr/share/ca-certificates/mozilla/Atos_TrustedRoot_2011.crt)
2026-09-22 07:08:29 Result: file is owned by our current user ID (0), checking if it is readable
2026-09-22 07:08:29 Result: file /usr/share/ca-certificates/mozilla/Atos_TrustedRoot_2011.crt is readable (or directory accessible).
2026-09-22 07:08:29 Result: file '/usr/share/ca-certificates/mozilla/Atos_TrustedRoot_2011.crt' belongs to package (ca-certificates)
2026-09-22 07:08:29 Test: check if we can access /usr/share/ca-certificates/mozilla/Atos_TrustedRoot_Root_CA_ECC_TLS_2021.crt (escaped: /usr/share/ca-certificates/mozilla/Atos_TrustedRoot_Root_CA_ECC_TLS_2021.crt)
2026-09-22 07:08:29 Result: file is owned by our current user ID (0), checking if it is readable
2026-09-22 07:08:29 Result: file /usr/share/ca-certificates/mozilla/Atos_TrustedRoot_Root_CA_ECC_TLS_2021.crt is readable (or directory accessible).
2026-09-22 07:08:29 Result: file '/usr/share/ca-certificates/mozilla/Atos_TrustedRoot_Root_CA_ECC_TLS_2021.crt' belongs to package (ca-certificates)
2026-09-22 07:08:29 Test: check if we can access /usr/share/ca-certificates/mozilla/Atos_TrustedRoot_Root_CA_RSA_TLS_2021.crt (escaped: /usr/share/ca-certificates/mozilla/Atos_TrustedRoot_Root_CA_RSA_TLS_2021.crt)
2026-09-22 07:08:29 Result: file is owned by our current user ID (0), checking if it is readable
2026-09-22 07:08:29 Result: file /usr/share/ca-certificates/mozilla/Atos_TrustedRoot_Root_CA_RSA_TLS_2021.crt is readable (or directory accessible).
2026-09-22 07:08:29 Result: file '/usr/share/ca-certificates/mozilla/Atos_TrustedRoot_Root_CA_RSA_TLS_2021.crt' belongs to package (ca-certificates)
2026-09-22 07:08:29 Test: check if we can access /usr/share/ca-certificates/mozilla/Autoridad_de_Certificacion_Firmaprofesional_CIF_A62634068.crt (escaped: /usr/share/ca-certificates/mozilla/Autoridad_de_Certificacion_Firmaprofesional_CIF_A62634068.crt)
2026-09-22 07:08:29 Result: file is owned by our current user ID (0), checking if it is readable
2026-09-22 07:08:29 Result: file /usr/share/ca-certificates/mozilla/Autoridad_de_Certificacion_Firmaprofesional_CIF_A62634068.crt is readable (or directory accessible).
2026-09-22 07:08:29 Result: file '/usr/share/ca-certificates/mozilla/Autoridad_de_Certificacion_Firmaprofesional_CIF_A62634068.crt' belongs to package (ca-certificates)
2026-09-22 07:08:29 Test: check if we can access /usr/share/ca-certificates/mozilla/BJCA_Global_Root_CA1.crt (escaped: /usr/share/ca-certificates/mozilla/BJCA_Global_Root_CA1.crt)
2026-09-22 07:08:29 Result: file is owned by our current user ID (0), checking if it is readable
2026-09-22 07:08:29 Result: file /usr/share/ca-certificates/mozilla/BJCA_Global_Root_CA1.crt is readable (or directory accessible).
2026-09-22 07:08:30 Result: file '/usr/share/ca-certificates/mozilla/BJCA_Global_Root_CA1.crt' belongs to package (ca-certificates)
2026-09-22 07:08:30 Test: check if we can access /usr/share/ca-certificates/mozilla/BJCA_Global_Root_CA2.crt (escaped: /usr/share/ca-certificates/mozilla/BJCA_Global_Root_CA2.crt)
2026-09-22 07:08:30 Result: file is owned by our current user ID (0), checking if it is readable
2026-09-22 07:08:30 Result: file /usr/share/ca-certificates/mozilla/BJCA_Global_Root_CA2.crt is readable (or directory accessible).
2026-09-22 07:08:30 Result: file '/usr/share/ca-certificates/mozilla/BJCA_Global_Root_CA2.crt' belongs to package (ca-certificates)
2026-09-22 07:08:30 Test: check if we can access /usr/share/ca-certificates/mozilla/Buypass_Class_2_Root_CA.crt (escaped: /usr/share/ca-certificates/mozilla/Buypass_Class_2_Root_CA.crt)
2026-09-22 07:08:30 Result: file is owned by our current user ID (0), checking if it is readable
2026-09-22 07:08:30 Result: file /usr/share/ca-certificates/mozilla/Buypass_Class_2_Root_CA.crt is readable (or directory accessible).
2026-09-22 07:08:30 Result: file '/usr/share/ca-certificates/mozilla/Buypass_Class_2_Root_CA.crt' belongs to package (ca-certificates)
2026-09-22 07:08:30 Test: check if we can access /usr/share/ca-certificates/mozilla/Buypass_Class_3_Root_CA.crt (escaped: /usr/share/ca-certificates/mozilla/Buypass_Class_3_Root_CA.crt)
2026-09-22 07:08:30 Result: file is owned by our current user ID (0), checking if it is readable
2026-09-22 07:08:30 Result: file /usr/share/ca-certificates/mozilla/Buypass_Class_3_Root_CA.crt is readable (or directory accessible).
2026-09-22 07:08:30 Result: file '/usr/share/ca-certificates/mozilla/Buypass_Class_3_Root_CA.crt' belongs to package (ca-certificates)
2026-09-22 07:08:30 Test: check if we can access /usr/share/ca-certificates/mozilla/CA_Disig_Root_R2.crt (escaped: /usr/share/ca-certificates/mozilla/CA_Disig_Root_R2.crt)
2026-09-22 07:08:30 Result: file is owned by our current user ID (0), checking if it is readable
2026-09-22 07:08:30 Result: file /usr/share/ca-certificates/mozilla/CA_Disig_Root_R2.crt is readable (or directory accessible).
2026-09-22 07:08:30 Result: file '/usr/share/ca-certificates/mozilla/CA_Disig_Root_R2.crt' belongs to package (ca-certificates)
2026-09-22 07:08:30 Test: check if we can access /usr/share/ca-certificates/mozilla/CFCA_EV_ROOT.crt (escaped: /usr/share/ca-certificates/mozilla/CFCA_EV_ROOT.crt)
2026-09-22 07:08:30 Result: file is owned by our current user ID (0), checking if it is readable
2026-09-22 07:08:30 Result: file /usr/share/ca-certificates/mozilla/CFCA_EV_ROOT.crt is readable (or directory accessible).
2026-09-22 07:08:30 Result: file '/usr/share/ca-certificates/mozilla/CFCA_EV_ROOT.crt' belongs to package (ca-certificates)
2026-09-22 07:08:30 Test: check if we can access /usr/share/ca-certificates/mozilla/COMODO_ECC_Certification_Authority.crt (escaped: /usr/share/ca-certificates/mozilla/COMODO_ECC_Certification_Authority.crt)
2026-09-22 07:08:30 Result: file is owned by our current user ID (0), checking if it is readable
2026-09-22 07:08:30 Result: file /usr/share/ca-certificates/mozilla/COMODO_ECC_Certification_Authority.crt is readable (or directory accessible).
2026-09-22 07:08:30 Result: file '/usr/share/ca-certificates/mozilla/COMODO_ECC_Certification_Authority.crt' belongs to package (ca-certificates)
2026-09-22 07:08:30 Test: check if we can access /usr/share/ca-certificates/mozilla/COMODO_RSA_Certification_Authority.crt (escaped: /usr/share/ca-certificates/mozilla/COMODO_RSA_Certification_Authority.crt)
2026-09-22 07:08:30 Result: file is owned by our current user ID (0), checking if it is readable
2026-09-22 07:08:30 Result: file /usr/share/ca-certificates/mozilla/COMODO_RSA_Certification_Authority.crt is readable (or directory accessible).
2026-09-22 07:08:30 Result: file '/usr/share/ca-certificates/mozilla/COMODO_RSA_Certification_Authority.crt' belongs to package (ca-certificates)
2026-09-22 07:08:30 Test: check if we can access /usr/share/ca-certificates/mozilla/Certainly_Root_E1.crt (escaped: /usr/share/ca-certificates/mozilla/Certainly_Root_E1.crt)
2026-09-22 07:08:30 Result: file is owned by our current user ID (0), checking if it is readable
2026-09-22 07:08:30 Result: file /usr/share/ca-certificates/mozilla/Certainly_Root_E1.crt is readable (or directory accessible).
2026-09-22 07:08:31 Result: file '/usr/share/ca-certificates/mozilla/Certainly_Root_E1.crt' belongs to package (ca-certificates)
2026-09-22 07:08:31 Test: check if we can access /usr/share/ca-certificates/mozilla/Certainly_Root_R1.crt (escaped: /usr/share/ca-certificates/mozilla/Certainly_Root_R1.crt)
2026-09-22 07:08:31 Result: file is owned by our current user ID (0), checking if it is readable
2026-09-22 07:08:31 Result: file /usr/share/ca-certificates/mozilla/Certainly_Root_R1.crt is readable (or directory accessible).
2026-09-22 07:08:31 Result: file '/usr/share/ca-certificates/mozilla/Certainly_Root_R1.crt' belongs to package (ca-certificates)
2026-09-22 07:08:31 Test: check if we can access /usr/share/ca-certificates/mozilla/Certigna_Root_CA.crt (escaped: /usr/share/ca-certificates/mozilla/Certigna_Root_CA.crt)
2026-09-22 07:08:31 Result: file is owned by our current user ID (0), checking if it is readable
2026-09-22 07:08:31 Result: file /usr/share/ca-certificates/mozilla/Certigna_Root_CA.crt is readable (or directory accessible).
2026-09-22 07:08:31 Result: file '/usr/share/ca-certificates/mozilla/Certigna_Root_CA.crt' belongs to package (ca-certificates)
2026-09-22 07:08:31 Test: check if we can access /usr/share/ca-certificates/mozilla/Certum_EC-384_CA.crt (escaped: /usr/share/ca-certificates/mozilla/Certum_EC-384_CA.crt)
2026-09-22 07:08:31 Result: file is owned by our current user ID (0), checking if it is readable
2026-09-22 07:08:31 Result: file /usr/share/ca-certificates/mozilla/Certum_EC-384_CA.crt is readable (or directory accessible).
2026-09-22 07:08:31 Result: file '/usr/share/ca-certificates/mozilla/Certum_EC-384_CA.crt' belongs to package (ca-certificates)
2026-09-22 07:08:31 Test: check if we can access /usr/share/ca-certificates/mozilla/Certum_Trusted_Network_CA.crt (escaped: /usr/share/ca-certificates/mozilla/Certum_Trusted_Network_CA.crt)
2026-09-22 07:08:31 Result: file is owned by our current user ID (0), checking if it is readable
2026-09-22 07:08:31 Result: file /usr/share/ca-certificates/mozilla/Certum_Trusted_Network_CA.crt is readable (or directory accessible).
2026-09-22 07:08:31 Result: file '/usr/share/ca-certificates/mozilla/Certum_Trusted_Network_CA.crt' belongs to package (ca-certificates)
2026-09-22 07:08:31 Test: check if we can access /usr/share/ca-certificates/mozilla/Certum_Trusted_Network_CA_2.crt (escaped: /usr/share/ca-certificates/mozilla/Certum_Trusted_Network_CA_2.crt)
2026-09-22 07:08:31 Result: file is owned by our current user ID (0), checking if it is readable
2026-09-22 07:08:31 Result: file /usr/share/ca-certificates/mozilla/Certum_Trusted_Network_CA_2.crt is readable (or directory accessible).
2026-09-22 07:08:31 Result: file '/usr/share/ca-certificates/mozilla/Certum_Trusted_Network_CA_2.crt' belongs to package (ca-certificates)
2026-09-22 07:08:31 Test: check if we can access /usr/share/ca-certificates/mozilla/Certum_Trusted_Root_CA.crt (escaped: /usr/share/ca-certificates/mozilla/Certum_Trusted_Root_CA.crt)
2026-09-22 07:08:31 Result: file is owned by our current user ID (0), checking if it is readable
2026-09-22 07:08:31 Result: file /usr/share/ca-certificates/mozilla/Certum_Trusted_Root_CA.crt is readable (or directory accessible).
2026-09-22 07:08:31 Result: file '/usr/share/ca-certificates/mozilla/Certum_Trusted_Root_CA.crt' belongs to package (ca-certificates)
2026-09-22 07:08:31 Test: check if we can access /usr/share/ca-certificates/mozilla/D-TRUST_BR_Root_CA_1_2020.crt (escaped: /usr/share/ca-certificates/mozilla/D-TRUST_BR_Root_CA_1_2020.crt)
2026-09-22 07:08:31 Result: file is owned by our current user ID (0), checking if it is readable
2026-09-22 07:08:31 Result: file /usr/share/ca-certificates/mozilla/D-TRUST_BR_Root_CA_1_2020.crt is readable (or directory accessible).
2026-09-22 07:08:31 Result: file '/usr/share/ca-certificates/mozilla/D-TRUST_BR_Root_CA_1_2020.crt' belongs to package (ca-certificates)
2026-09-22 07:08:31 Test: check if we can access /usr/share/ca-certificates/mozilla/D-TRUST_BR_Root_CA_2_2023.crt (escaped: /usr/share/ca-certificates/mozilla/D-TRUST_BR_Root_CA_2_2023.crt)
2026-09-22 07:08:31 Result: file is owned by our current user ID (0), checking if it is readable
2026-09-22 07:08:31 Result: file /usr/share/ca-certificates/mozilla/D-TRUST_BR_Root_CA_2_2023.crt is readable (or directory accessible).
2026-09-22 07:08:32 Result: file '/usr/share/ca-certificates/mozilla/D-TRUST_BR_Root_CA_2_2023.crt' belongs to package (ca-certificates)
2026-09-22 07:08:32 Test: check if we can access /usr/share/ca-certificates/mozilla/D-TRUST_EV_Root_CA_1_2020.crt (escaped: /usr/share/ca-certificates/mozilla/D-TRUST_EV_Root_CA_1_2020.crt)
2026-09-22 07:08:32 Result: file is owned by our current user ID (0), checking if it is readable
2026-09-22 07:08:32 Result: file /usr/share/ca-certificates/mozilla/D-TRUST_EV_Root_CA_1_2020.crt is readable (or directory accessible).
2026-09-22 07:08:32 Result: file '/usr/share/ca-certificates/mozilla/D-TRUST_EV_Root_CA_1_2020.crt' belongs to package (ca-certificates)
2026-09-22 07:08:32 Test: check if we can access /usr/share/ca-certificates/mozilla/D-TRUST_EV_Root_CA_2_2023.crt (escaped: /usr/share/ca-certificates/mozilla/D-TRUST_EV_Root_CA_2_2023.crt)
2026-09-22 07:08:32 Result: file is owned by our current user ID (0), checking if it is readable
2026-09-22 07:08:32 Result: file /usr/share/ca-certificates/mozilla/D-TRUST_EV_Root_CA_2_2023.crt is readable (or directory accessible).
2026-09-22 07:08:32 Result: file '/usr/share/ca-certificates/mozilla/D-TRUST_EV_Root_CA_2_2023.crt' belongs to package (ca-certificates)
2026-09-22 07:08:32 Test: check if we can access /usr/share/ca-certificates/mozilla/D-TRUST_Root_Class_3_CA_2_2009.crt (escaped: /usr/share/ca-certificates/mozilla/D-TRUST_Root_Class_3_CA_2_2009.crt)
2026-09-22 07:08:32 Result: file is owned by our current user ID (0), checking if it is readable
2026-09-22 07:08:32 Result: file /usr/share/ca-certificates/mozilla/D-TRUST_Root_Class_3_CA_2_2009.crt is readable (or directory accessible).
2026-09-22 07:08:32 Result: file '/usr/share/ca-certificates/mozilla/D-TRUST_Root_Class_3_CA_2_2009.crt' belongs to package (ca-certificates)
2026-09-22 07:08:32 Test: check if we can access /usr/share/ca-certificates/mozilla/D-TRUST_Root_Class_3_CA_2_EV_2009.crt (escaped: /usr/share/ca-certificates/mozilla/D-TRUST_Root_Class_3_CA_2_EV_2009.crt)
2026-09-22 07:08:32 Result: file is owned by our current user ID (0), checking if it is readable
2026-09-22 07:08:32 Result: file /usr/share/ca-certificates/mozilla/D-TRUST_Root_Class_3_CA_2_EV_2009.crt is readable (or directory accessible).
2026-09-22 07:08:32 Result: file '/usr/share/ca-certificates/mozilla/D-TRUST_Root_Class_3_CA_2_EV_2009.crt' belongs to package (ca-certificates)
2026-09-22 07:08:32 Test: check if we can access /usr/share/ca-certificates/mozilla/DigiCert_Assured_ID_Root_G2.crt (escaped: /usr/share/ca-certificates/mozilla/DigiCert_Assured_ID_Root_G2.crt)
2026-09-22 07:08:32 Result: file is owned by our current user ID (0), checking if it is readable
2026-09-22 07:08:32 Result: file /usr/share/ca-certificates/mozilla/DigiCert_Assured_ID_Root_G2.crt is readable (or directory accessible).
2026-09-22 07:08:32 Result: file '/usr/share/ca-certificates/mozilla/DigiCert_Assured_ID_Root_G2.crt' belongs to package (ca-certificates)
2026-09-22 07:08:32 Test: check if we can access /usr/share/ca-certificates/mozilla/DigiCert_Assured_ID_Root_G3.crt (escaped: /usr/share/ca-certificates/mozilla/DigiCert_Assured_ID_Root_G3.crt)
2026-09-22 07:08:32 Result: file is owned by our current user ID (0), checking if it is readable
2026-09-22 07:08:32 Result: file /usr/share/ca-certificates/mozilla/DigiCert_Assured_ID_Root_G3.crt is readable (or directory accessible).
2026-09-22 07:08:32 Result: file '/usr/share/ca-certificates/mozilla/DigiCert_Assured_ID_Root_G3.crt' belongs to package (ca-certificates)
2026-09-22 07:08:32 Test: check if we can access /usr/share/ca-certificates/mozilla/DigiCert_Global_Root_G2.crt (escaped: /usr/share/ca-certificates/mozilla/DigiCert_Global_Root_G2.crt)
2026-09-22 07:08:32 Result: file is owned by our current user ID (0), checking if it is readable
2026-09-22 07:08:32 Result: file /usr/share/ca-certificates/mozilla/DigiCert_Global_Root_G2.crt is readable (or directory accessible).
2026-09-22 07:08:32 Result: file '/usr/share/ca-certificates/mozilla/DigiCert_Global_Root_G2.crt' belongs to package (ca-certificates)
2026-09-22 07:08:32 Test: check if we can access /usr/share/ca-certificates/mozilla/DigiCert_Global_Root_G3.crt (escaped: /usr/share/ca-certificates/mozilla/DigiCert_Global_Root_G3.crt)
2026-09-22 07:08:32 Result: file is owned by our current user ID (0), checking if it is readable
2026-09-22 07:08:32 Result: file /usr/share/ca-certificates/mozilla/DigiCert_Global_Root_G3.crt is readable (or directory accessible).
2026-09-22 07:08:33 Result: file '/usr/share/ca-certificates/mozilla/DigiCert_Global_Root_G3.crt' belongs to package (ca-certificates)
2026-09-22 07:08:33 Test: check if we can access /usr/share/ca-certificates/mozilla/DigiCert_TLS_ECC_P384_Root_G5.crt (escaped: /usr/share/ca-certificates/mozilla/DigiCert_TLS_ECC_P384_Root_G5.crt)
2026-09-22 07:08:33 Result: file is owned by our current user ID (0), checking if it is readable
2026-09-22 07:08:33 Result: file /usr/share/ca-certificates/mozilla/DigiCert_TLS_ECC_P384_Root_G5.crt is readable (or directory accessible).
2026-09-22 07:08:33 Result: file '/usr/share/ca-certificates/mozilla/DigiCert_TLS_ECC_P384_Root_G5.crt' belongs to package (ca-certificates)
2026-09-22 07:08:33 Test: check if we can access /usr/share/ca-certificates/mozilla/DigiCert_TLS_RSA4096_Root_G5.crt (escaped: /usr/share/ca-certificates/mozilla/DigiCert_TLS_RSA4096_Root_G5.crt)
2026-09-22 07:08:33 Result: file is owned by our current user ID (0), checking if it is readable
2026-09-22 07:08:33 Result: file /usr/share/ca-certificates/mozilla/DigiCert_TLS_RSA4096_Root_G5.crt is readable (or directory accessible).
2026-09-22 07:08:33 Result: file '/usr/share/ca-certificates/mozilla/DigiCert_TLS_RSA4096_Root_G5.crt' belongs to package (ca-certificates)
2026-09-22 07:08:33 Test: check if we can access /usr/share/ca-certificates/mozilla/DigiCert_Trusted_Root_G4.crt (escaped: /usr/share/ca-certificates/mozilla/DigiCert_Trusted_Root_G4.crt)
2026-09-22 07:08:33 Result: file is owned by our current user ID (0), checking if it is readable
2026-09-22 07:08:33 Result: file /usr/share/ca-certificates/mozilla/DigiCert_Trusted_Root_G4.crt is readable (or directory accessible).
2026-09-22 07:08:33 Result: file '/usr/share/ca-certificates/mozilla/DigiCert_Trusted_Root_G4.crt' belongs to package (ca-certificates)
2026-09-22 07:08:33 Test: check if we can access /usr/share/ca-certificates/mozilla/Entrust_Root_Certification_Authority.crt (escaped: /usr/share/ca-certificates/mozilla/Entrust_Root_Certification_Authority.crt)
2026-09-22 07:08:33 Result: file is owned by our current user ID (0), checking if it is readable
2026-09-22 07:08:33 Result: file /usr/share/ca-certificates/mozilla/Entrust_Root_Certification_Authority.crt is readable (or directory accessible).
2026-09-22 07:08:33 Result: file '/usr/share/ca-certificates/mozilla/Entrust_Root_Certification_Authority.crt' belongs to package (ca-certificates)
2026-09-22 07:08:33 Test: check if we can access /usr/share/ca-certificates/mozilla/GDCA_TrustAUTH_R5_ROOT.crt (escaped: /usr/share/ca-certificates/mozilla/GDCA_TrustAUTH_R5_ROOT.crt)
2026-09-22 07:08:33 Result: file is owned by our current user ID (0), checking if it is readable
2026-09-22 07:08:33 Result: file /usr/share/ca-certificates/mozilla/GDCA_TrustAUTH_R5_ROOT.crt is readable (or directory accessible).
2026-09-22 07:08:33 Result: file '/usr/share/ca-certificates/mozilla/GDCA_TrustAUTH_R5_ROOT.crt' belongs to package (ca-certificates)
2026-09-22 07:08:33 Test: check if we can access /usr/share/ca-certificates/mozilla/GTS_Root_R1.crt (escaped: /usr/share/ca-certificates/mozilla/GTS_Root_R1.crt)
2026-09-22 07:08:33 Result: file is owned by our current user ID (0), checking if it is readable
2026-09-22 07:08:33 Result: file /usr/share/ca-certificates/mozilla/GTS_Root_R1.crt is readable (or directory accessible).
2026-09-22 07:08:33 Result: file '/usr/share/ca-certificates/mozilla/GTS_Root_R1.crt' belongs to package (ca-certificates)
2026-09-22 07:08:33 Test: check if we can access /usr/share/ca-certificates/mozilla/GTS_Root_R3.crt (escaped: /usr/share/ca-certificates/mozilla/GTS_Root_R3.crt)
2026-09-22 07:08:33 Result: file is owned by our current user ID (0), checking if it is readable
2026-09-22 07:08:33 Result: file /usr/share/ca-certificates/mozilla/GTS_Root_R3.crt is readable (or directory accessible).
2026-09-22 07:08:33 Result: file '/usr/share/ca-certificates/mozilla/GTS_Root_R3.crt' belongs to package (ca-certificates)
2026-09-22 07:08:33 Test: check if we can access /usr/share/ca-certificates/mozilla/GTS_Root_R4.crt (escaped: /usr/share/ca-certificates/mozilla/GTS_Root_R4.crt)
2026-09-22 07:08:33 Result: file is owned by our current user ID (0), checking if it is readable
2026-09-22 07:08:33 Result: file /usr/share/ca-certificates/mozilla/GTS_Root_R4.crt is readable (or directory accessible).
2026-09-22 07:08:33 Result: file '/usr/share/ca-certificates/mozilla/GTS_Root_R4.crt' belongs to package (ca-certificates)
2026-09-22 07:08:33 Test: check if we can access /usr/share/ca-certificates/mozilla/GlobalSign_ECC_Root_CA_-_R4.crt (escaped: /usr/share/ca-certificates/mozilla/GlobalSign_ECC_Root_CA_-_R4.crt)
2026-09-22 07:08:34 Result: file is owned by our current user ID (0), checking if it is readable
2026-09-22 07:08:34 Result: file /usr/share/ca-certificates/mozilla/GlobalSign_ECC_Root_CA_-_R4.crt is readable (or directory accessible).
2026-09-22 07:08:34 Result: file '/usr/share/ca-certificates/mozilla/GlobalSign_ECC_Root_CA_-_R4.crt' belongs to package (ca-certificates)
2026-09-22 07:08:34 Test: check if we can access /usr/share/ca-certificates/mozilla/GlobalSign_ECC_Root_CA_-_R5.crt (escaped: /usr/share/ca-certificates/mozilla/GlobalSign_ECC_Root_CA_-_R5.crt)
2026-09-22 07:08:34 Result: file is owned by our current user ID (0), checking if it is readable
2026-09-22 07:08:34 Result: file /usr/share/ca-certificates/mozilla/GlobalSign_ECC_Root_CA_-_R5.crt is readable (or directory accessible).
2026-09-22 07:08:34 Result: file '/usr/share/ca-certificates/mozilla/GlobalSign_ECC_Root_CA_-_R5.crt' belongs to package (ca-certificates)
2026-09-22 07:08:34 Test: check if we can access /usr/share/ca-certificates/mozilla/GlobalSign_Root_CA_-_R3.crt (escaped: /usr/share/ca-certificates/mozilla/GlobalSign_Root_CA_-_R3.crt)
2026-09-22 07:08:34 Result: file is owned by our current user ID (0), checking if it is readable
2026-09-22 07:08:34 Result: file /usr/share/ca-certificates/mozilla/GlobalSign_Root_CA_-_R3.crt is readable (or directory accessible).
2026-09-22 07:08:34 Result: file '/usr/share/ca-certificates/mozilla/GlobalSign_Root_CA_-_R3.crt' belongs to package (ca-certificates)
2026-09-22 07:08:34 Test: check if we can access /usr/share/ca-certificates/mozilla/GlobalSign_Root_CA_-_R6.crt (escaped: /usr/share/ca-certificates/mozilla/GlobalSign_Root_CA_-_R6.crt)
2026-09-22 07:08:34 Result: file is owned by our current user ID (0), checking if it is readable
2026-09-22 07:08:34 Result: file /usr/share/ca-certificates/mozilla/GlobalSign_Root_CA_-_R6.crt is readable (or directory accessible).
2026-09-22 07:08:34 Result: file '/usr/share/ca-certificates/mozilla/GlobalSign_Root_CA_-_R6.crt' belongs to package (ca-certificates)
2026-09-22 07:08:34 Test: check if we can access /usr/share/ca-certificates/mozilla/GlobalSign_Root_E46.crt (escaped: /usr/share/ca-certificates/mozilla/GlobalSign_Root_E46.crt)
2026-09-22 07:08:34 Result: file is owned by our current user ID (0), checking if it is readable
2026-09-22 07:08:34 Result: file /usr/share/ca-certificates/mozilla/GlobalSign_Root_E46.crt is readable (or directory accessible).
2026-09-22 07:08:34 Result: file '/usr/share/ca-certificates/mozilla/GlobalSign_Root_E46.crt' belongs to package (ca-certificates)
2026-09-22 07:08:34 Test: check if we can access /usr/share/ca-certificates/mozilla/GlobalSign_Root_R46.crt (escaped: /usr/share/ca-certificates/mozilla/GlobalSign_Root_R46.crt)
2026-09-22 07:08:34 Result: file is owned by our current user ID (0), checking if it is readable
2026-09-22 07:08:34 Result: file /usr/share/ca-certificates/mozilla/GlobalSign_Root_R46.crt is readable (or directory accessible).
2026-09-22 07:08:34 Result: file '/usr/share/ca-certificates/mozilla/GlobalSign_Root_R46.crt' belongs to package (ca-certificates)
2026-09-22 07:08:34 Test: check if we can access /usr/share/ca-certificates/mozilla/Go_Daddy_Root_Certificate_Authority_-_G2.crt (escaped: /usr/share/ca-certificates/mozilla/Go_Daddy_Root_Certificate_Authority_-_G2.crt)
2026-09-22 07:08:34 Result: file is owned by our current user ID (0), checking if it is readable
2026-09-22 07:08:34 Result: file /usr/share/ca-certificates/mozilla/Go_Daddy_Root_Certificate_Authority_-_G2.crt is readable (or directory accessible).
2026-09-22 07:08:34 Result: file '/usr/share/ca-certificates/mozilla/Go_Daddy_Root_Certificate_Authority_-_G2.crt' belongs to package (ca-certificates)
2026-09-22 07:08:34 Test: check if we can access /usr/share/ca-certificates/mozilla/HARICA_TLS_ECC_Root_CA_2021.crt (escaped: /usr/share/ca-certificates/mozilla/HARICA_TLS_ECC_Root_CA_2021.crt)
2026-09-22 07:08:34 Result: file is owned by our current user ID (0), checking if it is readable
2026-09-22 07:08:34 Result: file /usr/share/ca-certificates/mozilla/HARICA_TLS_ECC_Root_CA_2021.crt is readable (or directory accessible).
2026-09-22 07:08:34 Result: file '/usr/share/ca-certificates/mozilla/HARICA_TLS_ECC_Root_CA_2021.crt' belongs to package (ca-certificates)
2026-09-22 07:08:34 Test: check if we can access /usr/share/ca-certificates/mozilla/HARICA_TLS_RSA_Root_CA_2021.crt (escaped: /usr/share/ca-certificates/mozilla/HARICA_TLS_RSA_Root_CA_2021.crt)
2026-09-22 07:08:34 Result: file is owned by our current user ID (0), checking if it is readable
2026-09-22 07:08:34 Result: file /usr/share/ca-certificates/mozilla/HARICA_TLS_RSA_Root_CA_2021.crt is readable (or directory accessible).
2026-09-22 07:08:35 Result: file '/usr/share/ca-certificates/mozilla/HARICA_TLS_RSA_Root_CA_2021.crt' belongs to package (ca-certificates)
2026-09-22 07:08:35 Test: check if we can access /usr/share/ca-certificates/mozilla/Hellenic_Academic_and_Research_Institutions_ECC_RootCA_2015.crt (escaped: /usr/share/ca-certificates/mozilla/Hellenic_Academic_and_Research_Institutions_ECC_RootCA_2015.crt)
2026-09-22 07:08:35 Result: file is owned by our current user ID (0), checking if it is readable
2026-09-22 07:08:35 Result: file /usr/share/ca-certificates/mozilla/Hellenic_Academic_and_Research_Institutions_ECC_RootCA_2015.crt is readable (or directory accessible).
2026-09-22 07:08:35 Result: file '/usr/share/ca-certificates/mozilla/Hellenic_Academic_and_Research_Institutions_ECC_RootCA_2015.crt' belongs to package (ca-certificates)
2026-09-22 07:08:35 Test: check if we can access /usr/share/ca-certificates/mozilla/Hellenic_Academic_and_Research_Institutions_RootCA_2015.crt (escaped: /usr/share/ca-certificates/mozilla/Hellenic_Academic_and_Research_Institutions_RootCA_2015.crt)
2026-09-22 07:08:35 Result: file is owned by our current user ID (0), checking if it is readable
2026-09-22 07:08:35 Result: file /usr/share/ca-certificates/mozilla/Hellenic_Academic_and_Research_Institutions_RootCA_2015.crt is readable (or directory accessible).
2026-09-22 07:08:35 Result: file '/usr/share/ca-certificates/mozilla/Hellenic_Academic_and_Research_Institutions_RootCA_2015.crt' belongs to package (ca-certificates)
2026-09-22 07:08:35 Test: check if we can access /usr/share/ca-certificates/mozilla/HiPKI_Root_CA_-_G1.crt (escaped: /usr/share/ca-certificates/mozilla/HiPKI_Root_CA_-_G1.crt)
2026-09-22 07:08:35 Result: file is owned by our current user ID (0), checking if it is readable
2026-09-22 07:08:35 Result: file /usr/share/ca-certificates/mozilla/HiPKI_Root_CA_-_G1.crt is readable (or directory accessible).
2026-09-22 07:08:35 Result: file '/usr/share/ca-certificates/mozilla/HiPKI_Root_CA_-_G1.crt' belongs to package (ca-certificates)
2026-09-22 07:08:35 Test: check if we can access /usr/share/ca-certificates/mozilla/Hongkong_Post_Root_CA_3.crt (escaped: /usr/share/ca-certificates/mozilla/Hongkong_Post_Root_CA_3.crt)
2026-09-22 07:08:35 Result: file is owned by our current user ID (0), checking if it is readable
2026-09-22 07:08:35 Result: file /usr/share/ca-certificates/mozilla/Hongkong_Post_Root_CA_3.crt is readable (or directory accessible).
2026-09-22 07:08:35 Result: file '/usr/share/ca-certificates/mozilla/Hongkong_Post_Root_CA_3.crt' belongs to package (ca-certificates)
2026-09-22 07:08:35 Test: check if we can access /usr/share/ca-certificates/mozilla/ISRG_Root_X1.crt (escaped: /usr/share/ca-certificates/mozilla/ISRG_Root_X1.crt)
2026-09-22 07:08:35 Result: file is owned by our current user ID (0), checking if it is readable
2026-09-22 07:08:35 Result: file /usr/share/ca-certificates/mozilla/ISRG_Root_X1.crt is readable (or directory accessible).
2026-09-22 07:08:35 Result: file '/usr/share/ca-certificates/mozilla/ISRG_Root_X1.crt' belongs to package (ca-certificates)
2026-09-22 07:08:35 Test: check if we can access /usr/share/ca-certificates/mozilla/ISRG_Root_X2.crt (escaped: /usr/share/ca-certificates/mozilla/ISRG_Root_X2.crt)
2026-09-22 07:08:35 Result: file is owned by our current user ID (0), checking if it is readable
2026-09-22 07:08:35 Result: file /usr/share/ca-certificates/mozilla/ISRG_Root_X2.crt is readable (or directory accessible).
2026-09-22 07:08:35 Result: file '/usr/share/ca-certificates/mozilla/ISRG_Root_X2.crt' belongs to package (ca-certificates)
2026-09-22 07:08:35 Test: check if we can access /usr/share/ca-certificates/mozilla/IdenTrust_Commercial_Root_CA_1.crt (escaped: /usr/share/ca-certificates/mozilla/IdenTrust_Commercial_Root_CA_1.crt)
2026-09-22 07:08:35 Result: file is owned by our current user ID (0), checking if it is readable
2026-09-22 07:08:35 Result: file /usr/share/ca-certificates/mozilla/IdenTrust_Commercial_Root_CA_1.crt is readable (or directory accessible).
2026-09-22 07:08:35 Result: file '/usr/share/ca-certificates/mozilla/IdenTrust_Commercial_Root_CA_1.crt' belongs to package (ca-certificates)
2026-09-22 07:08:35 Test: check if we can access /usr/share/ca-certificates/mozilla/IdenTrust_Public_Sector_Root_CA_1.crt (escaped: /usr/share/ca-certificates/mozilla/IdenTrust_Public_Sector_Root_CA_1.crt)
2026-09-22 07:08:35 Result: file is owned by our current user ID (0), checking if it is readable
2026-09-22 07:08:35 Result: file /usr/share/ca-certificates/mozilla/IdenTrust_Public_Sector_Root_CA_1.crt is readable (or directory accessible).
2026-09-22 07:08:35 Result: file '/usr/share/ca-certificates/mozilla/IdenTrust_Public_Sector_Root_CA_1.crt' belongs to package (ca-certificates)
2026-09-22 07:08:35 Test: check if we can access /usr/share/ca-certificates/mozilla/Izenpe.com.crt (escaped: /usr/share/ca-certificates/mozilla/Izenpe.com.crt)
2026-09-22 07:08:36 Result: file is owned by our current user ID (0), checking if it is readable
2026-09-22 07:08:36 Result: file /usr/share/ca-certificates/mozilla/Izenpe.com.crt is readable (or directory accessible).
2026-09-22 07:08:36 Result: file '/usr/share/ca-certificates/mozilla/Izenpe.com.crt' belongs to package (ca-certificates)
2026-09-22 07:08:36 Test: check if we can access /usr/share/ca-certificates/mozilla/Microsec_e-Szigno_Root_CA_2009.crt (escaped: /usr/share/ca-certificates/mozilla/Microsec_e-Szigno_Root_CA_2009.crt)
2026-09-22 07:08:36 Result: file is owned by our current user ID (0), checking if it is readable
2026-09-22 07:08:36 Result: file /usr/share/ca-certificates/mozilla/Microsec_e-Szigno_Root_CA_2009.crt is readable (or directory accessible).
2026-09-22 07:08:36 Result: file '/usr/share/ca-certificates/mozilla/Microsec_e-Szigno_Root_CA_2009.crt' belongs to package (ca-certificates)
2026-09-22 07:08:36 Test: check if we can access /usr/share/ca-certificates/mozilla/Microsoft_ECC_Root_Certificate_Authority_2017.crt (escaped: /usr/share/ca-certificates/mozilla/Microsoft_ECC_Root_Certificate_Authority_2017.crt)
2026-09-22 07:08:36 Result: file is owned by our current user ID (0), checking if it is readable
2026-09-22 07:08:36 Result: file /usr/share/ca-certificates/mozilla/Microsoft_ECC_Root_Certificate_Authority_2017.crt is readable (or directory accessible).
2026-09-22 07:08:36 Result: file '/usr/share/ca-certificates/mozilla/Microsoft_ECC_Root_Certificate_Authority_2017.crt' belongs to package (ca-certificates)
2026-09-22 07:08:36 Test: check if we can access /usr/share/ca-certificates/mozilla/Microsoft_RSA_Root_Certificate_Authority_2017.crt (escaped: /usr/share/ca-certificates/mozilla/Microsoft_RSA_Root_Certificate_Authority_2017.crt)
2026-09-22 07:08:36 Result: file is owned by our current user ID (0), checking if it is readable
2026-09-22 07:08:36 Result: file /usr/share/ca-certificates/mozilla/Microsoft_RSA_Root_Certificate_Authority_2017.crt is readable (or directory accessible).
2026-09-22 07:08:36 Result: file '/usr/share/ca-certificates/mozilla/Microsoft_RSA_Root_Certificate_Authority_2017.crt' belongs to package (ca-certificates)
2026-09-22 07:08:36 Test: check if we can access /usr/share/ca-certificates/mozilla/NAVER_Global_Root_Certification_Authority.crt (escaped: /usr/share/ca-certificates/mozilla/NAVER_Global_Root_Certification_Authority.crt)
2026-09-22 07:08:36 Result: file is owned by our current user ID (0), checking if it is readable
2026-09-22 07:08:36 Result: file /usr/share/ca-certificates/mozilla/NAVER_Global_Root_Certification_Authority.crt is readable (or directory accessible).
2026-09-22 07:08:36 Result: file '/usr/share/ca-certificates/mozilla/NAVER_Global_Root_Certification_Authority.crt' belongs to package (ca-certificates)
2026-09-22 07:08:36 Test: check if we can access /usr/share/ca-certificates/mozilla/NetLock_Arany_=Class_Gold=_Főtanúsítvány.crt (escaped: /usr/share/ca-certificates/mozilla/NetLock_Arany_=Class_Gold=_Főtanúsítvány.crt)
2026-09-22 07:08:36 Result: file is owned by our current user ID (0), checking if it is readable
2026-09-22 07:08:36 Result: file /usr/share/ca-certificates/mozilla/NetLock_Arany_=Class_Gold=_Főtanúsítvány.crt is readable (or directory accessible).
2026-09-22 07:08:36 Result: file '/usr/share/ca-certificates/mozilla/NetLock_Arany_=Class_Gold=_Főtanúsítvány.crt' belongs to package (ca-certificates)
2026-09-22 07:08:36 Test: check if we can access /usr/share/ca-certificates/mozilla/OISTE_Server_Root_ECC_G1.crt (escaped: /usr/share/ca-certificates/mozilla/OISTE_Server_Root_ECC_G1.crt)
2026-09-22 07:08:36 Result: file is owned by our current user ID (0), checking if it is readable
2026-09-22 07:08:36 Result: file /usr/share/ca-certificates/mozilla/OISTE_Server_Root_ECC_G1.crt is readable (or directory accessible).
2026-09-22 07:08:36 Result: file '/usr/share/ca-certificates/mozilla/OISTE_Server_Root_ECC_G1.crt' belongs to package (ca-certificates)
2026-09-22 07:08:36 Test: check if we can access /usr/share/ca-certificates/mozilla/OISTE_Server_Root_RSA_G1.crt (escaped: /usr/share/ca-certificates/mozilla/OISTE_Server_Root_RSA_G1.crt)
2026-09-22 07:08:36 Result: file is owned by our current user ID (0), checking if it is readable
2026-09-22 07:08:36 Result: file /usr/share/ca-certificates/mozilla/OISTE_Server_Root_RSA_G1.crt is readable (or directory accessible).
2026-09-22 07:08:36 Result: file '/usr/share/ca-certificates/mozilla/OISTE_Server_Root_RSA_G1.crt' belongs to package (ca-certificates)
2026-09-22 07:08:36 Test: check if we can access /usr/share/ca-certificates/mozilla/OISTE_WISeKey_Global_Root_GB_CA.crt (escaped: /usr/share/ca-certificates/mozilla/OISTE_WISeKey_Global_Root_GB_CA.crt)
2026-09-22 07:08:36 Result: file is owned by our current user ID (0), checking if it is readable
2026-09-22 07:08:36 Result: file /usr/share/ca-certificates/mozilla/OISTE_WISeKey_Global_Root_GB_CA.crt is readable (or directory accessible).
2026-09-22 07:08:37 Result: file '/usr/share/ca-certificates/mozilla/OISTE_WISeKey_Global_Root_GB_CA.crt' belongs to package (ca-certificates)
2026-09-22 07:08:37 Test: check if we can access /usr/share/ca-certificates/mozilla/OISTE_WISeKey_Global_Root_GC_CA.crt (escaped: /usr/share/ca-certificates/mozilla/OISTE_WISeKey_Global_Root_GC_CA.crt)
2026-09-22 07:08:37 Result: file is owned by our current user ID (0), checking if it is readable
2026-09-22 07:08:37 Result: file /usr/share/ca-certificates/mozilla/OISTE_WISeKey_Global_Root_GC_CA.crt is readable (or directory accessible).
2026-09-22 07:08:37 Result: file '/usr/share/ca-certificates/mozilla/OISTE_WISeKey_Global_Root_GC_CA.crt' belongs to package (ca-certificates)
2026-09-22 07:08:37 Test: check if we can access /usr/share/ca-certificates/mozilla/QuoVadis_Root_CA_1_G3.crt (escaped: /usr/share/ca-certificates/mozilla/QuoVadis_Root_CA_1_G3.crt)
2026-09-22 07:08:37 Result: file is owned by our current user ID (0), checking if it is readable
2026-09-22 07:08:37 Result: file /usr/share/ca-certificates/mozilla/QuoVadis_Root_CA_1_G3.crt is readable (or directory accessible).
2026-09-22 07:08:37 Result: file '/usr/share/ca-certificates/mozilla/QuoVadis_Root_CA_1_G3.crt' belongs to package (ca-certificates)
2026-09-22 07:08:37 Test: check if we can access /usr/share/ca-certificates/mozilla/QuoVadis_Root_CA_2_G3.crt (escaped: /usr/share/ca-certificates/mozilla/QuoVadis_Root_CA_2_G3.crt)
2026-09-22 07:08:37 Result: file is owned by our current user ID (0), checking if it is readable
2026-09-22 07:08:37 Result: file /usr/share/ca-certificates/mozilla/QuoVadis_Root_CA_2_G3.crt is readable (or directory accessible).
2026-09-22 07:08:37 Result: file '/usr/share/ca-certificates/mozilla/QuoVadis_Root_CA_2_G3.crt' belongs to package (ca-certificates)
2026-09-22 07:08:37 Test: check if we can access /usr/share/ca-certificates/mozilla/QuoVadis_Root_CA_3_G3.crt (escaped: /usr/share/ca-certificates/mozilla/QuoVadis_Root_CA_3_G3.crt)
2026-09-22 07:08:37 Result: file is owned by our current user ID (0), checking if it is readable
2026-09-22 07:08:37 Result: file /usr/share/ca-certificates/mozilla/QuoVadis_Root_CA_3_G3.crt is readable (or directory accessible).
2026-09-22 07:08:37 Result: file '/usr/share/ca-certificates/mozilla/QuoVadis_Root_CA_3_G3.crt' belongs to package (ca-certificates)
2026-09-22 07:08:37 Test: check if we can access /usr/share/ca-certificates/mozilla/SSL.com_EV_Root_Certification_Authority_ECC.crt (escaped: /usr/share/ca-certificates/mozilla/SSL.com_EV_Root_Certification_Authority_ECC.crt)
2026-09-22 07:08:37 Result: file is owned by our current user ID (0), checking if it is readable
2026-09-22 07:08:37 Result: file /usr/share/ca-certificates/mozilla/SSL.com_EV_Root_Certification_Authority_ECC.crt is readable (or directory accessible).
2026-09-22 07:08:37 Result: file '/usr/share/ca-certificates/mozilla/SSL.com_EV_Root_Certification_Authority_ECC.crt' belongs to package (ca-certificates)
2026-09-22 07:08:37 Test: check if we can access /usr/share/ca-certificates/mozilla/SSL.com_EV_Root_Certification_Authority_RSA_R2.crt (escaped: /usr/share/ca-certificates/mozilla/SSL.com_EV_Root_Certification_Authority_RSA_R2.crt)
2026-09-22 07:08:37 Result: file is owned by our current user ID (0), checking if it is readable
2026-09-22 07:08:37 Result: file /usr/share/ca-certificates/mozilla/SSL.com_EV_Root_Certification_Authority_RSA_R2.crt is readable (or directory accessible).
2026-09-22 07:08:37 Result: file '/usr/share/ca-certificates/mozilla/SSL.com_EV_Root_Certification_Authority_RSA_R2.crt' belongs to package (ca-certificates)
2026-09-22 07:08:37 Test: check if we can access /usr/share/ca-certificates/mozilla/SSL.com_Root_Certification_Authority_ECC.crt (escaped: /usr/share/ca-certificates/mozilla/SSL.com_Root_Certification_Authority_ECC.crt)
2026-09-22 07:08:37 Result: file is owned by our current user ID (0), checking if it is readable
2026-09-22 07:08:37 Result: file /usr/share/ca-certificates/mozilla/SSL.com_Root_Certification_Authority_ECC.crt is readable (or directory accessible).
2026-09-22 07:08:37 Result: file '/usr/share/ca-certificates/mozilla/SSL.com_Root_Certification_Authority_ECC.crt' belongs to package (ca-certificates)
2026-09-22 07:08:37 Test: check if we can access /usr/share/ca-certificates/mozilla/SSL.com_Root_Certification_Authority_RSA.crt (escaped: /usr/share/ca-certificates/mozilla/SSL.com_Root_Certification_Authority_RSA.crt)
2026-09-22 07:08:37 Result: file is owned by our current user ID (0), checking if it is readable
2026-09-22 07:08:37 Result: file /usr/share/ca-certificates/mozilla/SSL.com_Root_Certification_Authority_RSA.crt is readable (or directory accessible).
2026-09-22 07:08:37 Result: file '/usr/share/ca-certificates/mozilla/SSL.com_Root_Certification_Authority_RSA.crt' belongs to package (ca-certificates)
2026-09-22 07:08:38 Test: check if we can access /usr/share/ca-certificates/mozilla/SSL.com_TLS_ECC_Root_CA_2022.crt (escaped: /usr/share/ca-certificates/mozilla/SSL.com_TLS_ECC_Root_CA_2022.crt)
2026-09-22 07:08:38 Result: file is owned by our current user ID (0), checking if it is readable
2026-09-22 07:08:38 Result: file /usr/share/ca-certificates/mozilla/SSL.com_TLS_ECC_Root_CA_2022.crt is readable (or directory accessible).
2026-09-22 07:08:38 Result: file '/usr/share/ca-certificates/mozilla/SSL.com_TLS_ECC_Root_CA_2022.crt' belongs to package (ca-certificates)
2026-09-22 07:08:38 Test: check if we can access /usr/share/ca-certificates/mozilla/SSL.com_TLS_RSA_Root_CA_2022.crt (escaped: /usr/share/ca-certificates/mozilla/SSL.com_TLS_RSA_Root_CA_2022.crt)
2026-09-22 07:08:38 Result: file is owned by our current user ID (0), checking if it is readable
2026-09-22 07:08:38 Result: file /usr/share/ca-certificates/mozilla/SSL.com_TLS_RSA_Root_CA_2022.crt is readable (or directory accessible).
2026-09-22 07:08:38 Result: file '/usr/share/ca-certificates/mozilla/SSL.com_TLS_RSA_Root_CA_2022.crt' belongs to package (ca-certificates)
2026-09-22 07:08:38 Test: check if we can access /usr/share/ca-certificates/mozilla/SZAFIR_ROOT_CA2.crt (escaped: /usr/share/ca-certificates/mozilla/SZAFIR_ROOT_CA2.crt)
2026-09-22 07:08:38 Result: file is owned by our current user ID (0), checking if it is readable
2026-09-22 07:08:38 Result: file /usr/share/ca-certificates/mozilla/SZAFIR_ROOT_CA2.crt is readable (or directory accessible).
2026-09-22 07:08:38 Result: file '/usr/share/ca-certificates/mozilla/SZAFIR_ROOT_CA2.crt' belongs to package (ca-certificates)
2026-09-22 07:08:38 Test: check if we can access /usr/share/ca-certificates/mozilla/Sectigo_Public_Server_Authentication_Root_E46.crt (escaped: /usr/share/ca-certificates/mozilla/Sectigo_Public_Server_Authentication_Root_E46.crt)
2026-09-22 07:08:38 Result: file is owned by our current user ID (0), checking if it is readable
2026-09-22 07:08:38 Result: file /usr/share/ca-certificates/mozilla/Sectigo_Public_Server_Authentication_Root_E46.crt is readable (or directory accessible).
2026-09-22 07:08:38 Result: file '/usr/share/ca-certificates/mozilla/Sectigo_Public_Server_Authentication_Root_E46.crt' belongs to package (ca-certificates)
2026-09-22 07:08:38 Test: check if we can access /usr/share/ca-certificates/mozilla/Sectigo_Public_Server_Authentication_Root_R46.crt (escaped: /usr/share/ca-certificates/mozilla/Sectigo_Public_Server_Authentication_Root_R46.crt)
2026-09-22 07:08:38 Result: file is owned by our current user ID (0), checking if it is readable
2026-09-22 07:08:38 Result: file /usr/share/ca-certificates/mozilla/Sectigo_Public_Server_Authentication_Root_R46.crt is readable (or directory accessible).
2026-09-22 07:08:38 Result: file '/usr/share/ca-certificates/mozilla/Sectigo_Public_Server_Authentication_Root_R46.crt' belongs to package (ca-certificates)
2026-09-22 07:08:38 Test: check if we can access /usr/share/ca-certificates/mozilla/SecureSign_Root_CA12.crt (escaped: /usr/share/ca-certificates/mozilla/SecureSign_Root_CA12.crt)
2026-09-22 07:08:38 Result: file is owned by our current user ID (0), checking if it is readable
2026-09-22 07:08:38 Result: file /usr/share/ca-certificates/mozilla/SecureSign_Root_CA12.crt is readable (or directory accessible).
2026-09-22 07:08:38 Result: file '/usr/share/ca-certificates/mozilla/SecureSign_Root_CA12.crt' belongs to package (ca-certificates)
2026-09-22 07:08:38 Test: check if we can access /usr/share/ca-certificates/mozilla/SecureSign_Root_CA14.crt (escaped: /usr/share/ca-certificates/mozilla/SecureSign_Root_CA14.crt)
2026-09-22 07:08:38 Result: file is owned by our current user ID (0), checking if it is readable
2026-09-22 07:08:38 Result: file /usr/share/ca-certificates/mozilla/SecureSign_Root_CA14.crt is readable (or directory accessible).
2026-09-22 07:08:38 Result: file '/usr/share/ca-certificates/mozilla/SecureSign_Root_CA14.crt' belongs to package (ca-certificates)
2026-09-22 07:08:38 Test: check if we can access /usr/share/ca-certificates/mozilla/SecureSign_Root_CA15.crt (escaped: /usr/share/ca-certificates/mozilla/SecureSign_Root_CA15.crt)
2026-09-22 07:08:38 Result: file is owned by our current user ID (0), checking if it is readable
2026-09-22 07:08:38 Result: file /usr/share/ca-certificates/mozilla/SecureSign_Root_CA15.crt is readable (or directory accessible).
2026-09-22 07:08:38 Result: file '/usr/share/ca-certificates/mozilla/SecureSign_Root_CA15.crt' belongs to package (ca-certificates)
2026-09-22 07:08:38 Test: check if we can access /usr/share/ca-certificates/mozilla/Security_Communication_ECC_RootCA1.crt (escaped: /usr/share/ca-certificates/mozilla/Security_Communication_ECC_RootCA1.crt)
2026-09-22 07:08:38 Result: file is owned by our current user ID (0), checking if it is readable
2026-09-22 07:08:38 Result: file /usr/share/ca-certificates/mozilla/Security_Communication_ECC_RootCA1.crt is readable (or directory accessible).
2026-09-22 07:08:39 Result: file '/usr/share/ca-certificates/mozilla/Security_Communication_ECC_RootCA1.crt' belongs to package (ca-certificates)
2026-09-22 07:08:39 Test: check if we can access /usr/share/ca-certificates/mozilla/Security_Communication_RootCA2.crt (escaped: /usr/share/ca-certificates/mozilla/Security_Communication_RootCA2.crt)
2026-09-22 07:08:39 Result: file is owned by our current user ID (0), checking if it is readable
2026-09-22 07:08:39 Result: file /usr/share/ca-certificates/mozilla/Security_Communication_RootCA2.crt is readable (or directory accessible).
2026-09-22 07:08:39 Result: file '/usr/share/ca-certificates/mozilla/Security_Communication_RootCA2.crt' belongs to package (ca-certificates)
2026-09-22 07:08:39 Test: check if we can access /usr/share/ca-certificates/mozilla/Starfield_Root_Certificate_Authority_-_G2.crt (escaped: /usr/share/ca-certificates/mozilla/Starfield_Root_Certificate_Authority_-_G2.crt)
2026-09-22 07:08:39 Result: file is owned by our current user ID (0), checking if it is readable
2026-09-22 07:08:39 Result: file /usr/share/ca-certificates/mozilla/Starfield_Root_Certificate_Authority_-_G2.crt is readable (or directory accessible).
2026-09-22 07:08:39 Result: file '/usr/share/ca-certificates/mozilla/Starfield_Root_Certificate_Authority_-_G2.crt' belongs to package (ca-certificates)
2026-09-22 07:08:39 Test: check if we can access /usr/share/ca-certificates/mozilla/Starfield_Services_Root_Certificate_Authority_-_G2.crt (escaped: /usr/share/ca-certificates/mozilla/Starfield_Services_Root_Certificate_Authority_-_G2.crt)
2026-09-22 07:08:39 Result: file is owned by our current user ID (0), checking if it is readable
2026-09-22 07:08:39 Result: file /usr/share/ca-certificates/mozilla/Starfield_Services_Root_Certificate_Authority_-_G2.crt is readable (or directory accessible).
2026-09-22 07:08:39 Result: file '/usr/share/ca-certificates/mozilla/Starfield_Services_Root_Certificate_Authority_-_G2.crt' belongs to package (ca-certificates)
2026-09-22 07:08:39 Test: check if we can access /usr/share/ca-certificates/mozilla/SwissSign_RSA_TLS_Root_CA_2022_-_1.crt (escaped: /usr/share/ca-certificates/mozilla/SwissSign_RSA_TLS_Root_CA_2022_-_1.crt)
2026-09-22 07:08:39 Result: file is owned by our current user ID (0), checking if it is readable
2026-09-22 07:08:39 Result: file /usr/share/ca-certificates/mozilla/SwissSign_RSA_TLS_Root_CA_2022_-_1.crt is readable (or directory accessible).
2026-09-22 07:08:39 Result: file '/usr/share/ca-certificates/mozilla/SwissSign_RSA_TLS_Root_CA_2022_-_1.crt' belongs to package (ca-certificates)
2026-09-22 07:08:39 Test: check if we can access /usr/share/ca-certificates/mozilla/T-TeleSec_GlobalRoot_Class_2.crt (escaped: /usr/share/ca-certificates/mozilla/T-TeleSec_GlobalRoot_Class_2.crt)
2026-09-22 07:08:39 Result: file is owned by our current user ID (0), checking if it is readable
2026-09-22 07:08:39 Result: file /usr/share/ca-certificates/mozilla/T-TeleSec_GlobalRoot_Class_2.crt is readable (or directory accessible).
2026-09-22 07:08:39 Result: file '/usr/share/ca-certificates/mozilla/T-TeleSec_GlobalRoot_Class_2.crt' belongs to package (ca-certificates)
2026-09-22 07:08:39 Test: check if we can access /usr/share/ca-certificates/mozilla/T-TeleSec_GlobalRoot_Class_3.crt (escaped: /usr/share/ca-certificates/mozilla/T-TeleSec_GlobalRoot_Class_3.crt)
2026-09-22 07:08:39 Result: file is owned by our current user ID (0), checking if it is readable
2026-09-22 07:08:39 Result: file /usr/share/ca-certificates/mozilla/T-TeleSec_GlobalRoot_Class_3.crt is readable (or directory accessible).
2026-09-22 07:08:39 Result: file '/usr/share/ca-certificates/mozilla/T-TeleSec_GlobalRoot_Class_3.crt' belongs to package (ca-certificates)
2026-09-22 07:08:39 Test: check if we can access /usr/share/ca-certificates/mozilla/TUBITAK_Kamu_SM_SSL_Kok_Sertifikasi_-_Surum_1.crt (escaped: /usr/share/ca-certificates/mozilla/TUBITAK_Kamu_SM_SSL_Kok_Sertifikasi_-_Surum_1.crt)
2026-09-22 07:08:39 Result: file is owned by our current user ID (0), checking if it is readable
2026-09-22 07:08:39 Result: file /usr/share/ca-certificates/mozilla/TUBITAK_Kamu_SM_SSL_Kok_Sertifikasi_-_Surum_1.crt is readable (or directory accessible).
2026-09-22 07:08:39 Result: file '/usr/share/ca-certificates/mozilla/TUBITAK_Kamu_SM_SSL_Kok_Sertifikasi_-_Surum_1.crt' belongs to package (ca-certificates)
2026-09-22 07:08:39 Test: check if we can access /usr/share/ca-certificates/mozilla/TWCA_CYBER_Root_CA.crt (escaped: /usr/share/ca-certificates/mozilla/TWCA_CYBER_Root_CA.crt)
2026-09-22 07:08:39 Result: file is owned by our current user ID (0), checking if it is readable
2026-09-22 07:08:39 Result: file /usr/share/ca-certificates/mozilla/TWCA_CYBER_Root_CA.crt is readable (or directory accessible).
2026-09-22 07:08:40 Result: file '/usr/share/ca-certificates/mozilla/TWCA_CYBER_Root_CA.crt' belongs to package (ca-certificates)
2026-09-22 07:08:40 Test: check if we can access /usr/share/ca-certificates/mozilla/TWCA_Global_Root_CA.crt (escaped: /usr/share/ca-certificates/mozilla/TWCA_Global_Root_CA.crt)
2026-09-22 07:08:40 Result: file is owned by our current user ID (0), checking if it is readable
2026-09-22 07:08:40 Result: file /usr/share/ca-certificates/mozilla/TWCA_Global_Root_CA.crt is readable (or directory accessible).
2026-09-22 07:08:40 Result: file '/usr/share/ca-certificates/mozilla/TWCA_Global_Root_CA.crt' belongs to package (ca-certificates)
2026-09-22 07:08:40 Test: check if we can access /usr/share/ca-certificates/mozilla/TWCA_Root_Certification_Authority.crt (escaped: /usr/share/ca-certificates/mozilla/TWCA_Root_Certification_Authority.crt)
2026-09-22 07:08:40 Result: file is owned by our current user ID (0), checking if it is readable
2026-09-22 07:08:40 Result: file /usr/share/ca-certificates/mozilla/TWCA_Root_Certification_Authority.crt is readable (or directory accessible).
2026-09-22 07:08:40 Result: file '/usr/share/ca-certificates/mozilla/TWCA_Root_Certification_Authority.crt' belongs to package (ca-certificates)
2026-09-22 07:08:40 Test: check if we can access /usr/share/ca-certificates/mozilla/Telekom_Security_TLS_ECC_Root_2020.crt (escaped: /usr/share/ca-certificates/mozilla/Telekom_Security_TLS_ECC_Root_2020.crt)
2026-09-22 07:08:40 Result: file is owned by our current user ID (0), checking if it is readable
2026-09-22 07:08:40 Result: file /usr/share/ca-certificates/mozilla/Telekom_Security_TLS_ECC_Root_2020.crt is readable (or directory accessible).
2026-09-22 07:08:40 Result: file '/usr/share/ca-certificates/mozilla/Telekom_Security_TLS_ECC_Root_2020.crt' belongs to package (ca-certificates)
2026-09-22 07:08:40 Test: check if we can access /usr/share/ca-certificates/mozilla/Telekom_Security_TLS_RSA_Root_2023.crt (escaped: /usr/share/ca-certificates/mozilla/Telekom_Security_TLS_RSA_Root_2023.crt)
2026-09-22 07:08:40 Result: file is owned by our current user ID (0), checking if it is readable
2026-09-22 07:08:40 Result: file /usr/share/ca-certificates/mozilla/Telekom_Security_TLS_RSA_Root_2023.crt is readable (or directory accessible).
2026-09-22 07:08:40 Result: file '/usr/share/ca-certificates/mozilla/Telekom_Security_TLS_RSA_Root_2023.crt' belongs to package (ca-certificates)
2026-09-22 07:08:40 Test: check if we can access /usr/share/ca-certificates/mozilla/Telia_Root_CA_v2.crt (escaped: /usr/share/ca-certificates/mozilla/Telia_Root_CA_v2.crt)
2026-09-22 07:08:40 Result: file is owned by our current user ID (0), checking if it is readable
2026-09-22 07:08:40 Result: file /usr/share/ca-certificates/mozilla/Telia_Root_CA_v2.crt is readable (or directory accessible).
2026-09-22 07:08:40 Result: file '/usr/share/ca-certificates/mozilla/Telia_Root_CA_v2.crt' belongs to package (ca-certificates)
2026-09-22 07:08:40 Test: check if we can access /usr/share/ca-certificates/mozilla/TrustAsia_Global_Root_CA_G3.crt (escaped: /usr/share/ca-certificates/mozilla/TrustAsia_Global_Root_CA_G3.crt)
2026-09-22 07:08:40 Result: file is owned by our current user ID (0), checking if it is readable
2026-09-22 07:08:40 Result: file /usr/share/ca-certificates/mozilla/TrustAsia_Global_Root_CA_G3.crt is readable (or directory accessible).
2026-09-22 07:08:40 Result: file '/usr/share/ca-certificates/mozilla/TrustAsia_Global_Root_CA_G3.crt' belongs to package (ca-certificates)
2026-09-22 07:08:40 Test: check if we can access /usr/share/ca-certificates/mozilla/TrustAsia_Global_Root_CA_G4.crt (escaped: /usr/share/ca-certificates/mozilla/TrustAsia_Global_Root_CA_G4.crt)
2026-09-22 07:08:40 Result: file is owned by our current user ID (0), checking if it is readable
2026-09-22 07:08:40 Result: file /usr/share/ca-certificates/mozilla/TrustAsia_Global_Root_CA_G4.crt is readable (or directory accessible).
2026-09-22 07:08:40 Result: file '/usr/share/ca-certificates/mozilla/TrustAsia_Global_Root_CA_G4.crt' belongs to package (ca-certificates)
2026-09-22 07:08:40 Test: check if we can access /usr/share/ca-certificates/mozilla/TrustAsia_TLS_ECC_Root_CA.crt (escaped: /usr/share/ca-certificates/mozilla/TrustAsia_TLS_ECC_Root_CA.crt)
2026-09-22 07:08:40 Result: file is owned by our current user ID (0), checking if it is readable
2026-09-22 07:08:40 Result: file /usr/share/ca-certificates/mozilla/TrustAsia_TLS_ECC_Root_CA.crt is readable (or directory accessible).
2026-09-22 07:08:40 Result: file '/usr/share/ca-certificates/mozilla/TrustAsia_TLS_ECC_Root_CA.crt' belongs to package (ca-certificates)
2026-09-22 07:08:40 Test: check if we can access /usr/share/ca-certificates/mozilla/TrustAsia_TLS_RSA_Root_CA.crt (escaped: /usr/share/ca-certificates/mozilla/TrustAsia_TLS_RSA_Root_CA.crt)
2026-09-22 07:08:40 Result: file is owned by our current user ID (0), checking if it is readable
2026-09-22 07:08:40 Result: file /usr/share/ca-certificates/mozilla/TrustAsia_TLS_RSA_Root_CA.crt is readable (or directory accessible).
2026-09-22 07:08:41 Result: file '/usr/share/ca-certificates/mozilla/TrustAsia_TLS_RSA_Root_CA.crt' belongs to package (ca-certificates)
2026-09-22 07:08:41 Test: check if we can access /usr/share/ca-certificates/mozilla/TunTrust_Root_CA.crt (escaped: /usr/share/ca-certificates/mozilla/TunTrust_Root_CA.crt)
2026-09-22 07:08:41 Result: file is owned by our current user ID (0), checking if it is readable
2026-09-22 07:08:41 Result: file /usr/share/ca-certificates/mozilla/TunTrust_Root_CA.crt is readable (or directory accessible).
2026-09-22 07:08:41 Result: file '/usr/share/ca-certificates/mozilla/TunTrust_Root_CA.crt' belongs to package (ca-certificates)
2026-09-22 07:08:41 Test: check if we can access /usr/share/ca-certificates/mozilla/UCA_Extended_Validation_Root.crt (escaped: /usr/share/ca-certificates/mozilla/UCA_Extended_Validation_Root.crt)
2026-09-22 07:08:41 Result: file is owned by our current user ID (0), checking if it is readable
2026-09-22 07:08:41 Result: file /usr/share/ca-certificates/mozilla/UCA_Extended_Validation_Root.crt is readable (or directory accessible).
2026-09-22 07:08:41 Result: file '/usr/share/ca-certificates/mozilla/UCA_Extended_Validation_Root.crt' belongs to package (ca-certificates)
2026-09-22 07:08:41 Test: check if we can access /usr/share/ca-certificates/mozilla/UCA_Global_G2_Root.crt (escaped: /usr/share/ca-certificates/mozilla/UCA_Global_G2_Root.crt)
2026-09-22 07:08:41 Result: file is owned by our current user ID (0), checking if it is readable
2026-09-22 07:08:41 Result: file /usr/share/ca-certificates/mozilla/UCA_Global_G2_Root.crt is readable (or directory accessible).
2026-09-22 07:08:41 Result: file '/usr/share/ca-certificates/mozilla/UCA_Global_G2_Root.crt' belongs to package (ca-certificates)
2026-09-22 07:08:41 Test: check if we can access /usr/share/ca-certificates/mozilla/USERTrust_ECC_Certification_Authority.crt (escaped: /usr/share/ca-certificates/mozilla/USERTrust_ECC_Certification_Authority.crt)
2026-09-22 07:08:41 Result: file is owned by our current user ID (0), checking if it is readable
2026-09-22 07:08:41 Result: file /usr/share/ca-certificates/mozilla/USERTrust_ECC_Certification_Authority.crt is readable (or directory accessible).
2026-09-22 07:08:41 Result: file '/usr/share/ca-certificates/mozilla/USERTrust_ECC_Certification_Authority.crt' belongs to package (ca-certificates)
2026-09-22 07:08:41 Test: check if we can access /usr/share/ca-certificates/mozilla/USERTrust_RSA_Certification_Authority.crt (escaped: /usr/share/ca-certificates/mozilla/USERTrust_RSA_Certification_Authority.crt)
2026-09-22 07:08:41 Result: file is owned by our current user ID (0), checking if it is readable
2026-09-22 07:08:41 Result: file /usr/share/ca-certificates/mozilla/USERTrust_RSA_Certification_Authority.crt is readable (or directory accessible).
2026-09-22 07:08:41 Result: file '/usr/share/ca-certificates/mozilla/USERTrust_RSA_Certification_Authority.crt' belongs to package (ca-certificates)
2026-09-22 07:08:41 Test: check if we can access /usr/share/ca-certificates/mozilla/certSIGN_Root_CA_G2.crt (escaped: /usr/share/ca-certificates/mozilla/certSIGN_Root_CA_G2.crt)
2026-09-22 07:08:41 Result: file is owned by our current user ID (0), checking if it is readable
2026-09-22 07:08:41 Result: file /usr/share/ca-certificates/mozilla/certSIGN_Root_CA_G2.crt is readable (or directory accessible).
2026-09-22 07:08:41 Result: file '/usr/share/ca-certificates/mozilla/certSIGN_Root_CA_G2.crt' belongs to package (ca-certificates)
2026-09-22 07:08:41 Test: check if we can access /usr/share/ca-certificates/mozilla/e-Szigno_Root_CA_2017.crt (escaped: /usr/share/ca-certificates/mozilla/e-Szigno_Root_CA_2017.crt)
2026-09-22 07:08:41 Result: file is owned by our current user ID (0), checking if it is readable
2026-09-22 07:08:41 Result: file /usr/share/ca-certificates/mozilla/e-Szigno_Root_CA_2017.crt is readable (or directory accessible).
2026-09-22 07:08:41 Result: file '/usr/share/ca-certificates/mozilla/e-Szigno_Root_CA_2017.crt' belongs to package (ca-certificates)
2026-09-22 07:08:41 Test: check if we can access /usr/share/ca-certificates/mozilla/e-Szigno_TLS_Root_CA_2023.crt (escaped: /usr/share/ca-certificates/mozilla/e-Szigno_TLS_Root_CA_2023.crt)
2026-09-22 07:08:41 Result: file is owned by our current user ID (0), checking if it is readable
2026-09-22 07:08:41 Result: file /usr/share/ca-certificates/mozilla/e-Szigno_TLS_Root_CA_2023.crt is readable (or directory accessible).
2026-09-22 07:08:41 Result: file '/usr/share/ca-certificates/mozilla/e-Szigno_TLS_Root_CA_2023.crt' belongs to package (ca-certificates)
2026-09-22 07:08:42 Test: check if we can access /usr/share/ca-certificates/mozilla/ePKI_Root_Certification_Authority.crt (escaped: /usr/share/ca-certificates/mozilla/ePKI_Root_Certification_Authority.crt)
2026-09-22 07:08:42 Result: file is owned by our current user ID (0), checking if it is readable
2026-09-22 07:08:42 Result: file /usr/share/ca-certificates/mozilla/ePKI_Root_Certification_Authority.crt is readable (or directory accessible).
2026-09-22 07:08:42 Result: file '/usr/share/ca-certificates/mozilla/ePKI_Root_Certification_Authority.crt' belongs to package (ca-certificates)
2026-09-22 07:08:42 Test: check if we can access /usr/share/ca-certificates/mozilla/emSign_ECC_Root_CA_-_C3.crt (escaped: /usr/share/ca-certificates/mozilla/emSign_ECC_Root_CA_-_C3.crt)
2026-09-22 07:08:42 Result: file is owned by our current user ID (0), checking if it is readable
2026-09-22 07:08:42 Result: file /usr/share/ca-certificates/mozilla/emSign_ECC_Root_CA_-_C3.crt is readable (or directory accessible).
2026-09-22 07:08:42 Result: file '/usr/share/ca-certificates/mozilla/emSign_ECC_Root_CA_-_C3.crt' belongs to package (ca-certificates)
2026-09-22 07:08:42 Test: check if we can access /usr/share/ca-certificates/mozilla/emSign_ECC_Root_CA_-_G3.crt (escaped: /usr/share/ca-certificates/mozilla/emSign_ECC_Root_CA_-_G3.crt)
2026-09-22 07:08:42 Result: file is owned by our current user ID (0), checking if it is readable
2026-09-22 07:08:42 Result: file /usr/share/ca-certificates/mozilla/emSign_ECC_Root_CA_-_G3.crt is readable (or directory accessible).
2026-09-22 07:08:42 Result: file '/usr/share/ca-certificates/mozilla/emSign_ECC_Root_CA_-_G3.crt' belongs to package (ca-certificates)
2026-09-22 07:08:42 Test: check if we can access /usr/share/ca-certificates/mozilla/emSign_Root_CA_-_C1.crt (escaped: /usr/share/ca-certificates/mozilla/emSign_Root_CA_-_C1.crt)
2026-09-22 07:08:42 Result: file is owned by our current user ID (0), checking if it is readable
2026-09-22 07:08:42 Result: file /usr/share/ca-certificates/mozilla/emSign_Root_CA_-_C1.crt is readable (or directory accessible).
2026-09-22 07:08:42 Result: file '/usr/share/ca-certificates/mozilla/emSign_Root_CA_-_C1.crt' belongs to package (ca-certificates)
2026-09-22 07:08:42 Test: check if we can access /usr/share/ca-certificates/mozilla/emSign_Root_CA_-_G1.crt (escaped: /usr/share/ca-certificates/mozilla/emSign_Root_CA_-_G1.crt)
2026-09-22 07:08:42 Result: file is owned by our current user ID (0), checking if it is readable
2026-09-22 07:08:42 Result: file /usr/share/ca-certificates/mozilla/emSign_Root_CA_-_G1.crt is readable (or directory accessible).
2026-09-22 07:08:42 Result: file '/usr/share/ca-certificates/mozilla/emSign_Root_CA_-_G1.crt' belongs to package (ca-certificates)
2026-09-22 07:08:42 Test: check if we can access /usr/share/ca-certificates/mozilla/vTrus_ECC_Root_CA.crt (escaped: /usr/share/ca-certificates/mozilla/vTrus_ECC_Root_CA.crt)
2026-09-22 07:08:42 Result: file is owned by our current user ID (0), checking if it is readable
2026-09-22 07:08:42 Result: file /usr/share/ca-certificates/mozilla/vTrus_ECC_Root_CA.crt is readable (or directory accessible).
2026-09-22 07:08:42 Result: file '/usr/share/ca-certificates/mozilla/vTrus_ECC_Root_CA.crt' belongs to package (ca-certificates)
2026-09-22 07:08:42 Test: check if we can access /usr/share/ca-certificates/mozilla/vTrus_Root_CA.crt (escaped: /usr/share/ca-certificates/mozilla/vTrus_Root_CA.crt)
2026-09-22 07:08:42 Result: file is owned by our current user ID (0), checking if it is readable
2026-09-22 07:08:42 Result: file /usr/share/ca-certificates/mozilla/vTrus_Root_CA.crt is readable (or directory accessible).
2026-09-22 07:08:42 Result: file '/usr/share/ca-certificates/mozilla/vTrus_Root_CA.crt' belongs to package (ca-certificates)
2026-09-22 07:08:42 Result: found 121 certificates in /usr/share/ca-certificates
2026-09-22 07:08:42 Test: check if we can access /usr/share/gnupg (escaped: /usr/share/gnupg)
2026-09-22 07:08:42 Result: file is owned by our current user ID (0), checking if it is readable
2026-09-22 07:08:42 Result: file /usr/share/gnupg is readable (or directory accessible).
2026-09-22 07:08:42 Result: found directory /usr/share/gnupg
2026-09-22 07:08:42 Result: found 0 certificates in /usr/share/gnupg
2026-09-22 07:08:42 Result: SSL path /var/www does not exist
2026-09-22 07:08:42 Result: SSL path /srv/www does not exist
2026-09-22 07:08:42 Result: found a total of 126 certificates
2026-09-22 07:08:42 ====
2026-09-22 07:08:42 Performing test ID CRYP-7930 (Determine if system uses LUKS block device encryption)
2026-09-22 07:08:42 Result: block device sda is not LUKS encrypted
2026-09-22 07:08:43 Result: block device sda1 is not LUKS encrypted
2026-09-22 07:08:43 Result: block device sda2 is not LUKS encrypted
2026-09-22 07:08:43 Result: Found LUKS encrypted block device: sda3
2026-09-22 07:08:43 Result: block device sr0 is not LUKS encrypted
2026-09-22 07:08:43 Result: block device dm_crypt-0 is not LUKS encrypted
2026-09-22 07:08:43 Result: block device ubuntu--vg-ubuntu--lv is not LUKS encrypted
2026-09-22 07:08:43 ====
2026-09-22 07:08:43 Performing test ID CRYP-7931 (Determine if system uses encrypted swap)
2026-09-22 07:08:43 Result: Found unencrypted swap device: /swap.img
2026-09-22 07:08:43 ====
2026-09-22 07:08:43 Skipped test CRYP-7932 (Determine if system has enabled macOS FileVault encryption)
2026-09-22 07:08:43 Reason to skip: Incorrect guest OS (macOS only)
2026-09-22 07:08:43 ====
2026-09-22 07:08:43 Performing test ID CRYP-8002 (Gather available kernel entropy)
2026-09-22 07:08:43 Result: found kernel entropy value of 256
2026-09-22 07:08:43 ====
2026-09-22 07:08:43 Performing test ID CRYP-8004 (Presence of hardware random number generators)
2026-09-22 07:08:43 Test: looking for /sys/class/misc/hw_random/rng_current
2026-09-22 07:08:43 Result: no HW RNG available
2026-09-22 07:08:43 ====
2026-09-22 07:08:43 Performing test ID CRYP-8005 (Presence of software pseudo random number generators)
2026-09-22 07:08:43 Test: looking for software pseudo random number generators
2026-09-22 07:08:43 Performing pgrep scan without uid
2026-09-22 07:08:43 IsRunning: process 'audio-entropyd' not found
2026-09-22 07:08:43 Performing pgrep scan without uid
2026-09-22 07:08:43 IsRunning: process 'haveged' not found
2026-09-22 07:08:43 Performing pgrep scan without uid
2026-09-22 07:08:43 IsRunning: process 'jitterentropy-rngd' not found
2026-09-22 07:08:43 ====
2026-09-22 07:08:43 Performing test ID CRYP-8006 (MemoryOverwriteRequest-bit set)
2026-09-22 07:08:43 Test: looking for /sys/firmware/efi/efivars/MemoryOverwriteRequestControl-e20939be-32d4-41be-a150-897f85d49829
2026-09-22 07:08:43 Result: could not find /sys/firmware/efi/efivars/MemoryOverwriteRequestControl-e20939be-32d4-41be-a150-897f85d49829
2026-09-22 07:08:43 Security check: file is normal
2026-09-22 07:08:43 Checking permissions of /usr/share/lynis/include/tests_virtualization
2026-09-22 07:08:43 File permissions are OK
2026-09-22 07:08:43 ====
2026-09-22 07:08:43 Action: Performing tests from category: Virtualization
2026-09-22 07:08:43 Security check: file is normal
2026-09-22 07:08:43 Checking permissions of /usr/share/lynis/include/tests_containers
2026-09-22 07:08:43 File permissions are OK
2026-09-22 07:08:43 ====
2026-09-22 07:08:43 Action: Performing tests from category: Containers
2026-09-22 07:08:43 ====
2026-09-22 07:08:43 Skipped test CONT-8004 (Query running Solaris zones)
2026-09-22 07:08:43 Reason to skip: Incorrect guest OS (Solaris only)
2026-09-22 07:08:43 ====
2026-09-22 07:08:43 Performing test ID CONT-8102 (Checking Docker status and information)
2026-09-22 07:08:43 Performing pgrep scan without uid
2026-09-22 07:08:43 IsRunning: process 'dockerd' not found
2026-09-22 07:08:43 ====
2026-09-22 07:08:43 Skipped test CONT-8104 (Checking Docker info for any warnings)
2026-09-22 07:08:43 Reason to skip: Prerequisites not met (ie missing tool, other type of Linux distribution)
2026-09-22 07:08:43 ====
2026-09-22 07:08:44 Skipped test CONT-8106 (Gather basic stats from Docker)
2026-09-22 07:08:44 Reason to skip: Prerequisites not met (ie missing tool, other type of Linux distribution)
2026-09-22 07:08:44 ====
2026-09-22 07:08:44 Skipped test CONT-8107 (Check number of Docker containers)
2026-09-22 07:08:44 Reason to skip: Prerequisites not met (ie missing tool, other type of Linux distribution)
2026-09-22 07:08:44 ====
2026-09-22 07:08:44 Skipped test CONT-8108 (Check file permissions for Docker files)
2026-09-22 07:08:44 Reason to skip: Prerequisites not met (ie missing tool, other type of Linux distribution)
2026-09-22 07:08:44 Security check: file is normal
2026-09-22 07:08:44 Checking permissions of /usr/share/lynis/include/tests_mac_frameworks
2026-09-22 07:08:44 File permissions are OK
2026-09-22 07:08:44 ====
2026-09-22 07:08:44 Action: Performing tests from category: Security frameworks
2026-09-22 07:08:44 ====
2026-09-22 07:08:44 Performing test ID MACF-6204 (Check AppArmor presence)
2026-09-22 07:08:44 Result: aa-status binary found, AppArmor is installed
2026-09-22 07:08:44 ====
2026-09-22 07:08:44 Performing test ID MACF-6208 (Check if AppArmor is enabled)
2026-09-22 07:08:44 Result: file /sys/kernel/security/apparmor/profiles is available and readable
2026-09-22 07:08:44 Result: AppArmor is enabled and a policy is loaded
2026-09-22 07:08:44 Hardening: assigned maximum number of hardening points for this item (3). Currently having 211 points (out of 298)
2026-09-22 07:08:44 Result: Unconfined process: unconfined:1:systemd
2026-09-22 07:08:44 Result: Unconfined process: unconfined:2:kthreadd
2026-09-22 07:08:44 Result: Unconfined process: unconfined:1788:systemd-journal
2026-09-22 07:08:44 Result: Unconfined process: unconfined:1821:multipathd
2026-09-22 07:08:44 Result: Unconfined process: unconfined:1840:systemd-resolve
2026-09-22 07:08:44 Result: Unconfined process: unconfined:1844:systemd-udevd
2026-09-22 07:08:44 Result: Unconfined process: unconfined:2002:auditd
2026-09-22 07:08:44 Result: Unconfined process: unconfined:2195:systemd-network
2026-09-22 07:08:44 Result: Unconfined process: unconfined:2327:chronyd-starter
2026-09-22 07:08:44 Result: Unconfined process: unconfined:2328:dbus-daemon
2026-09-22 07:08:44 Result: Unconfined process: unconfined:2334:networkd-dispat
2026-09-22 07:08:44 Result: Unconfined process: unconfined:2336:polkitd
2026-09-22 07:08:44 Result: Unconfined process: unconfined:2342:systemd-logind
2026-09-22 07:08:44 Result: Unconfined process: unconfined:2343:udisksd
2026-09-22 07:08:44 Result: Unconfined process: unconfined:2403:unattended-upgr
2026-09-22 07:08:44 Result: Unconfined process: unconfined:2416:ModemManager
2026-09-22 07:08:44 Result: Unconfined process: unconfined:2546:cron
2026-09-22 07:08:44 Result: Unconfined process: unconfined:2558:login
2026-09-22 07:08:44 Result: Unconfined process: unconfined:2662:systemd
2026-09-22 07:08:44 Result: Unconfined process: unconfined:2674:(sd-pam)
2026-09-22 07:08:44 Result: Unconfined process: unconfined:2698:bash
2026-09-22 07:08:44 Result: Unconfined process: unconfined:3081:sshd
2026-09-22 07:08:44 Result: Unconfined process: unconfined:4280:fail2ban-server
2026-09-22 07:08:44 Result: Unconfined process: unconfined:8009:sshd-session
2026-09-22 07:08:44 Result: Unconfined process: unconfined:8064:sshd-session
2026-09-22 07:08:44 Result: Unconfined process: unconfined:8065:bash
2026-09-22 07:08:44 Result: Unconfined process: unconfined:8097:sshd-session
2026-09-22 07:08:44 Result: Unconfined process: unconfined:8145:sshd-session
2026-09-22 07:08:44 Result: Unconfined process: unconfined:8146:bash
2026-09-22 07:08:44 Result: Unconfined process: unconfined:8304:sudo
2026-09-22 07:08:44 Result: Unconfined process: unconfined:8306:sudo
2026-09-22 07:08:44 Result: Unconfined process: unconfined:8307:lynis
2026-09-22 07:08:44 Result: Unconfined process: unconfined:30106:packagekitd
2026-09-22 07:08:44 Result: Unconfined process: unconfined:42229:lynis
2026-09-22 07:08:44 Result: Unconfined process: unconfined:42230:ps
2026-09-22 07:08:44 Result: Unconfined process: unconfined:42231:grep
2026-09-22 07:08:44 Result: Unconfined process: unconfined:42232:tr
2026-09-22 07:08:44 ====
2026-09-22 07:08:44 Performing test ID MACF-6232 (Check SELINUX presence)
2026-09-22 07:08:44 Test: checking if we have sestatus binary
2026-09-22 07:08:44 Result: sestatus binary NOT found
2026-09-22 07:08:44 ====
2026-09-22 07:08:44 Skipped test MACF-6234 (Check SELINUX status)
2026-09-22 07:08:44 Reason to skip: Prerequisites not met (ie missing tool, other type of Linux distribution)
2026-09-22 07:08:44 ====
2026-09-22 07:08:44 Performing test ID MACF-6240 (Check TOMOYO Linux presence)
2026-09-22 07:08:44 Test: checking if we have tomoyo-init binary
2026-09-22 07:08:44 Result: tomoyo-init binary not found
2026-09-22 07:08:44 ====
2026-09-22 07:08:44 Skipped test MACF-6242 (Check TOMOYO Linux status)
2026-09-22 07:08:44 Reason to skip: Prerequisites not met (ie missing tool, other type of Linux distribution)
2026-09-22 07:08:44 ====
2026-09-22 07:08:44 Performing test ID RBAC-6272 (Check grsecurity presence)
2026-09-22 07:08:44 Result: no grsecurity found in kernel config
2026-09-22 07:08:44 ====
2026-09-22 07:08:44 Performing test ID MACF-6290 (Check for implemented MAC framework)
2026-09-22 07:08:44 Hardening: assigned maximum number of hardening points for this item (3). Currently having 214 points (out of 301)
2026-09-22 07:08:44 Result: found implemented MAC framework
2026-09-22 07:08:44 Security check: file is normal
2026-09-22 07:08:44 Checking permissions of /usr/share/lynis/include/tests_file_integrity
2026-09-22 07:08:44 File permissions are OK
2026-09-22 07:08:44 ====
2026-09-22 07:08:44 Action: Performing tests from category: Software: file integrity
2026-09-22 07:08:44 ====
2026-09-22 07:08:45 Performing test ID FINT-4310 (AFICK availability)
2026-09-22 07:08:45 Test: Checking AFICK binary
2026-09-22 07:08:45 Result: AFICK is not installed
2026-09-22 07:08:45 ====
2026-09-22 07:08:45 Performing test ID FINT-4314 (AIDE availability)
2026-09-22 07:08:45 Test: Checking AIDE binary
2026-09-22 07:08:45 Result: AIDE is not installed
2026-09-22 07:08:45 ====
2026-09-22 07:08:45 Skipped test FINT-4315 (Check AIDE configuration file)
2026-09-22 07:08:45 Reason to skip: Prerequisites not met (ie missing tool, other type of Linux distribution)
2026-09-22 07:08:45 ====
2026-09-22 07:08:45 Skipped test FINT-4316 (Presence of AIDE database and size check)
2026-09-22 07:08:45 Reason to skip: Prerequisites not met (ie missing tool, other type of Linux distribution)
2026-09-22 07:08:45 ====
2026-09-22 07:08:45 Performing test ID FINT-4318 (Osiris availability)
2026-09-22 07:08:45 Test: Checking Osiris binary
2026-09-22 07:08:45 Result: Osiris is not installed
2026-09-22 07:08:45 ====
2026-09-22 07:08:45 Performing test ID FINT-4322 (Samhain availability)
2026-09-22 07:08:45 Test: Checking Samhain binary
2026-09-22 07:08:45 Result: Samhain is not installed
2026-09-22 07:08:45 ====
2026-09-22 07:08:45 Performing test ID FINT-4326 (Tripwire availability)
2026-09-22 07:08:45 Test: Checking Tripwire binary
2026-09-22 07:08:45 Result: Tripwire is not installed
2026-09-22 07:08:45 ====
2026-09-22 07:08:45 Performing test ID FINT-4328 (OSSEC syscheck daemon running)
2026-09-22 07:08:45 Test: Checking if OSSEC syscheck daemon is running
2026-09-22 07:08:45 Performing pgrep scan without uid
2026-09-22 07:08:45 IsRunning: process 'ossec-syscheckd' not found
2026-09-22 07:08:45 Result: syscheck (OSSEC) is not active
2026-09-22 07:08:45 ====
2026-09-22 07:08:45 Performing test ID FINT-4330 (mtree availability)
2026-09-22 07:08:45 Test: Checking mtree binary
2026-09-22 07:08:45 Result: mtree is not installed
2026-09-22 07:08:45 ====
2026-09-22 07:08:45 Skipped test FINT-4334 (Check lfd daemon status)
2026-09-22 07:08:45 Reason to skip: Prerequisites not met (ie missing tool, other type of Linux distribution)
2026-09-22 07:08:45 ====
2026-09-22 07:08:45 Skipped test FINT-4336 (Check lfd configuration status)
2026-09-22 07:08:45 Reason to skip: Prerequisites not met (ie missing tool, other type of Linux distribution)
2026-09-22 07:08:45 ====
2026-09-22 07:08:45 Performing test ID FINT-4338 (osqueryd syscheck daemon running)
2026-09-22 07:08:45 Test: Checking if osqueryd syscheck daemon is running
2026-09-22 07:08:45 Performing pgrep scan without uid
2026-09-22 07:08:45 IsRunning: process 'osqueryd' not found
2026-09-22 07:08:45 Result: syscheck (osquery) not installed
2026-09-22 07:08:45 ====
2026-09-22 07:08:45 Skipped test FINT-4339 (Check IMA/EVM status)
2026-09-22 07:08:45 Reason to skip: No evmctl binary found
2026-09-22 07:08:45 ====
2026-09-22 07:08:45 Performing test ID FINT-4340 (Check dm-integrity status)
2026-09-22 07:08:45 Result: dm-integrity tools found but no active devices
2026-09-22 07:08:45 ====
2026-09-22 07:08:45 Performing test ID FINT-4341 (Check dm-verity status)
2026-09-22 07:08:45 Result: dm-verity tools found but no active devices
2026-09-22 07:08:45 ====
2026-09-22 07:08:45 Performing test ID FINT-4344 (Wazuh syscheck daemon running)
2026-09-22 07:08:45 Test: Checking if Wazuh syscheck daemon is running
2026-09-22 07:08:45 Performing pgrep scan without uid
2026-09-22 07:08:45 IsRunning: process 'wazuh-syscheckd' not found
2026-09-22 07:08:45 Result: syscheck (Wazuh) is not active
2026-09-22 07:08:45 ====
2026-09-22 07:08:45 Skipped test FINT-4402 (AIDE configuration: Checksums (SHA256 or SHA512))
2026-09-22 07:08:45 Reason to skip: Prerequisites not met (ie missing tool, other type of Linux distribution)
2026-09-22 07:08:45 ====
2026-09-22 07:08:45 Performing test ID FINT-4350 (File integrity software installed)
2026-09-22 07:08:45 Test: Check if at least on file integrity tool is available/installed
2026-09-22 07:08:45 Result: No file integrity tools found
2026-09-22 07:08:45 Suggestion: Install a file integrity tool to monitor changes to critical and sensitive files [test:FINT-4350] [details:-] [solution:-]
2026-09-22 07:08:45 Hardening: assigned partial number of hardening points (0 of 5). Currently having 214 points (out of 306)
2026-09-22 07:08:45 Security check: file is normal
2026-09-22 07:08:46 Checking permissions of /usr/share/lynis/include/tests_tooling
2026-09-22 07:08:46 File permissions are OK
2026-09-22 07:08:46 ====
2026-09-22 07:08:46 Action: Performing tests from category: Software: System tooling
2026-09-22 07:08:46 ====
2026-09-22 07:08:46 Performing test ID TOOL-5002 (Checking for automation tools)
2026-09-22 07:08:46 Test: checking if directory /root/.ansible exists
2026-09-22 07:08:46 Result: directory /root/.ansible NOT found
2026-09-22 07:08:46 Test: checking if directory /etc/ansible exists
2026-09-22 07:08:46 Result: directory /etc/ansible NOT found
2026-09-22 07:08:46 Test: checking if directory /root/.ansible exists
2026-09-22 07:08:46 Result: directory /root/.ansible NOT found
2026-09-22 07:08:46 Test: checking if directory /tmp/.ansible exists
2026-09-22 07:08:46 Result: directory /tmp/.ansible NOT found
2026-09-22 07:08:46 Test: checking if file /var/log/ansible.log exists
2026-09-22 07:08:46 Result: file /var/log/ansible.log NOT found
2026-09-22 07:08:46 Test: checking if file ~/.ansible-retry exists
2026-09-22 07:08:46 Result: file ~/.ansible-retry NOT found
2026-09-22 07:08:46 Performing pgrep scan without uid
2026-09-22 07:08:46 IsRunning: process 'puppet master' not found
2026-09-22 07:08:46 Suggestion: Determine if automation tools are present for system management [test:TOOL-5002] [details:-] [solution:-]
2026-09-22 07:08:46 ====
2026-09-22 07:08:46 Performing test ID TOOL-5102 (Check for presence of Fail2ban)
2026-09-22 07:08:46 Result: Fail2ban is installed (/usr/bin/fail2ban-server)
2026-09-22 07:08:46 Checking Fail2ban configuration file
2026-09-22 07:08:46 ====
2026-09-22 07:08:46 Performing test ID TOOL-5104 (Enabled tests in Fail2ban)
2026-09-22 07:08:46 Result: service 'sshd' enabled
2026-09-22 07:08:46 Result: found at least one enabled jail
2026-09-22 07:08:46 Hardening: assigned maximum number of hardening points for this item (3). Currently having 217 points (out of 309)
2026-09-22 07:08:46 ====
2026-09-22 07:08:46 Performing test ID TOOL-5120 (Check for presence of Snort)
2026-09-22 07:08:46 Performing pgrep scan without uid
2026-09-22 07:08:46 IsRunning: process 'snort' not found
2026-09-22 07:08:46 Result: Snort not present (Snort not running)
2026-09-22 07:08:46 ====
2026-09-22 07:08:46 Performing test ID TOOL-5122 (Check Snort configuration file)
2026-09-22 07:08:46 ====
2026-09-22 07:08:46 Performing test ID TOOL-5130 (Check for active Suricata daemon)
2026-09-22 07:08:46 Result: Suricata not installed (suricata not found)
2026-09-22 07:08:46 ====
2026-09-22 07:08:46 Performing test ID TOOL-5126 (Check for active OSSEC daemon)
2026-09-22 07:08:46 Performing pgrep scan without uid
2026-09-22 07:08:46 IsRunning: process 'ossec-analysisd' not found
2026-09-22 07:08:46 Result: OSSEC analysis daemon not active
2026-09-22 07:08:46 Performing pgrep scan without uid
2026-09-22 07:08:46 IsRunning: process 'ossec-agentd' not found
2026-09-22 07:08:46 Result: OSSEC agent daemon not active
2026-09-22 07:08:46 ====
2026-09-22 07:08:46 Performing test ID TOOL-5128 (Check for active Wazuh daemon)
2026-09-22 07:08:46 Performing pgrep scan without uid
2026-09-22 07:08:46 IsRunning: process 'wazuh-analysisd' not found
2026-09-22 07:08:46 Result: Wazuh analysis daemon not active
2026-09-22 07:08:46 Performing pgrep scan without uid
2026-09-22 07:08:46 IsRunning: process 'wazuh-agentd' not found
2026-09-22 07:08:46 Result: Wazuh agent daemon not active
2026-09-22 07:08:46 ====
2026-09-22 07:08:46 Performing test ID TOOL-5190 (Check presence of IDS/IPS tool)
2026-09-22 07:08:46 Hardening: assigned maximum number of hardening points for this item (2). Currently having 219 points (out of 311)
2026-09-22 07:08:46 Security check: file is normal
2026-09-22 07:08:46 Checking permissions of /usr/share/lynis/include/tests_malware
2026-09-22 07:08:46 File permissions are OK
2026-09-22 07:08:46 ====
2026-09-22 07:08:46 Action: Performing tests from category: Software: Malware
2026-09-22 07:08:46 ====
2026-09-22 07:08:46 Performing test ID MALW-3274 (Check for McAfee VirusScan Command Line)
2026-09-22 07:08:46 Test: checking presence McAfee VirusScan for Command Line
2026-09-22 07:08:46 ====
2026-09-22 07:08:47 Performing test ID MALW-3275 (Check for chkrootkit)
2026-09-22 07:08:47 Test: checking presence chkrootkit
2026-09-22 07:08:47 Result: chkrootkit not found
2026-09-22 07:08:47 ====
2026-09-22 07:08:47 Performing test ID MALW-3276 (Check for Rootkit Hunter)
2026-09-22 07:08:47 Test: checking presence Rootkit Hunter
2026-09-22 07:08:47 Result: Rootkit Hunter not found
2026-09-22 07:08:47 ====
2026-09-22 07:08:47 Performing test ID MALW-3278 (Check for LMD)
2026-09-22 07:08:47 Test: checking presence LMD
2026-09-22 07:08:47 Result: LMD not found
2026-09-22 07:08:47 ====
2026-09-22 07:08:47 Performing test ID MALW-3280 (Check if anti-virus tool is installed)
2026-09-22 07:08:47 Test: checking process com.avast.daemon
2026-09-22 07:08:47 Performing pgrep scan without uid
2026-09-22 07:08:47 IsRunning: process 'com.avast.daemon' not found
2026-09-22 07:08:47 Test: checking process Avira daemon
2026-09-22 07:08:47 Performing pgrep scan without uid
2026-09-22 07:08:47 IsRunning: process 'avqmd' not found
2026-09-22 07:08:47 Test: checking process Bitdefender daemon
2026-09-22 07:08:47 Performing pgrep scan without uid
2026-09-22 07:08:47 IsRunning: process 'bdagentd' not found
2026-09-22 07:08:47 Performing pgrep scan without uid
2026-09-22 07:08:47 IsRunning: process 'epagd' not found
2026-09-22 07:08:47 Performing pgrep scan without uid
2026-09-22 07:08:47 IsRunning: process 'bdsecd' not found
2026-09-22 07:08:47 Test: checking process falcon-sensor (CrowdStrike)
2026-09-22 07:08:47 Performing pgrep scan without uid
2026-09-22 07:08:47 IsRunning: process 'falcon-sensor' not found
2026-09-22 07:08:47 Test: checking process CylanceSvc
2026-09-22 07:08:47 Performing pgrep scan without uid
2026-09-22 07:08:47 IsRunning: process 'CylanceSvc' not found
2026-09-22 07:08:47 Test: checking process esets_daemon or oaeventd (ESET)
2026-09-22 07:08:47 Performing pgrep scan without uid
2026-09-22 07:08:47 IsRunning: process 'esets_daemon' not found
2026-09-22 07:08:47 Performing pgrep scan without uid
2026-09-22 07:08:47 IsRunning: process 'oaeventd' not found
2026-09-22 07:08:47 Test: checking process wdserver or klnagent (Kaspersky)
2026-09-22 07:08:47 Performing pgrep scan without uid
2026-09-22 07:08:47 IsRunning: process 'klnagent' not found
2026-09-22 07:08:47 Test: checking process cma or cmdagent (McAfee)
2026-09-22 07:08:47 Performing pgrep scan without uid
2026-09-22 07:08:47 IsRunning: process 'cmdagent' not found
2026-09-22 07:08:47 Text: checking process sentineld (SentinelOne)
2026-09-22 07:08:47 Performing pgrep scan without uid
2026-09-22 07:08:47 IsRunning: process 'sentineld' not found
2026-09-22 07:08:47 Performing pgrep scan without uid
2026-09-22 07:08:47 IsRunning: process 's1-agent' not found
2026-09-22 07:08:47 Performing pgrep scan without uid
2026-09-22 07:08:47 IsRunning: process 'SentinelAgent' not found
2026-09-22 07:08:47 Test: checking process savscand
2026-09-22 07:08:47 Performing pgrep scan without uid
2026-09-22 07:08:47 IsRunning: process 'savscand' not found
2026-09-22 07:08:47 Test: checking process SophosScanD
2026-09-22 07:08:47 Performing pgrep scan without uid
2026-09-22 07:08:47 IsRunning: process 'SophosScanD' not found
2026-09-22 07:08:47 Test: checking process rtvscand
2026-09-22 07:08:47 Performing pgrep scan without uid
2026-09-22 07:08:47 IsRunning: process 'rtvscand' not found
2026-09-22 07:08:47 Test: checking process Symantec management client service
2026-09-22 07:08:47 Performing pgrep scan without uid
2026-09-22 07:08:47 IsRunning: process 'smcd' not found
2026-09-22 07:08:47 Test: checking process Symantec Endpoint Protection configuration service
2026-09-22 07:08:47 Performing pgrep scan without uid
2026-09-22 07:08:47 IsRunning: process 'symcfgd' not found
2026-09-22 07:08:47 Test: checking process synoavd
2026-09-22 07:08:47 Performing pgrep scan without uid
2026-09-22 07:08:47 IsRunning: process 'synoavd' not found
2026-09-22 07:08:47 Test: checking process ds_agent to test for Trend Micro Deep Anti Malware component
2026-09-22 07:08:47 Performing pgrep scan without uid
2026-09-22 07:08:47 IsRunning: process 'ds_am' not found
2026-09-22 07:08:47 Test: checking process TmccMac to test for Trend Micro anti-virus (macOS)
2026-09-22 07:08:47 Performing pgrep scan without uid
2026-09-22 07:08:47 IsRunning: process 'TmccMac' not found
2026-09-22 07:08:47 Test: checking process wazuh-agent to test for Wazuh agent
2026-09-22 07:08:47 Performing pgrep scan without uid
2026-09-22 07:08:47 IsRunning: process 'wazuh-agentd' not found
2026-09-22 07:08:47 Result: no commercial anti-virus tools found
2026-09-22 07:08:47 Hardening: assigned partial number of hardening points (0 of 3). Currently having 219 points (out of 314)
2026-09-22 07:08:47 ====
2026-09-22 07:08:47 Performing test ID MALW-3282 (Check for clamscan)
2026-09-22 07:08:47 Test: checking presence clamscan
2026-09-22 07:08:47 Result: clamscan couldn't be found
2026-09-22 07:08:47 ====
2026-09-22 07:08:47 Performing test ID MALW-3284 (Check for clamd)
2026-09-22 07:08:47 Test: checking running ClamAV daemon (clamd)
2026-09-22 07:08:47 Performing pgrep scan without uid
2026-09-22 07:08:47 IsRunning: process 'clamd' not found
2026-09-22 07:08:47 Result: clamd not running
2026-09-22 07:08:47 ====
2026-09-22 07:08:47 Performing test ID MALW-3291 (Check for mdatp)
2026-09-22 07:08:47 Test: checking presence mdatp
2026-09-22 07:08:47 Result: mdatp couldn't be found
2026-09-22 07:08:47 ====
2026-09-22 07:08:47 Skipped test MALW-3286 (Check for freshclam)
2026-09-22 07:08:47 Reason to skip: Prerequisites not met (ie missing tool, other type of Linux distribution)
2026-09-22 07:08:47 ====
2026-09-22 07:08:48 Skipped test MALW-3288 (Check for ClamXav)
2026-09-22 07:08:48 Reason to skip: Prerequisites not met (ie missing tool, other type of Linux distribution)
2026-09-22 07:08:48 ====
2026-09-22 07:08:48 Performing test ID MALW-3290 (Presence of for malware detection)
2026-09-22 07:08:48 Security check: file is normal
2026-09-22 07:08:48 Checking permissions of /usr/share/lynis/include/tests_file_permissions
2026-09-22 07:08:48 File permissions are OK
2026-09-22 07:08:48 ====
2026-09-22 07:08:48 Action: Performing tests from category: File Permissions
2026-09-22 07:08:48 ====
2026-09-22 07:08:48 Performing test ID FILE-7524 (Perform file permissions check)
2026-09-22 07:08:48 Test: Checking file permissions
2026-09-22 07:08:48 Using profile /etc/lynis/default.prf for baseline.
2026-09-22 07:08:48 Test: checking file/directory /boot/grub/grub.cfg
2026-09-22 07:08:48 Test: checking if file /boot/grub/grub.cfg has the permissions set to 600 (rw-------) or more restrictive
2026-09-22 07:08:48 Outcome: correct permissions (600)
2026-09-22 07:08:48 Test: checking file/directory /boot/grub2/grub.cfg
2026-09-22 07:08:48 Skipping file/directory /boot/grub2/grub.cfg as it does not exist on this system
2026-09-22 07:08:48 Test: checking file/directory /boot/grub2/user.cfg
2026-09-22 07:08:48 Skipping file/directory /boot/grub2/user.cfg as it does not exist on this system
2026-09-22 07:08:48 Test: checking file/directory /etc/at.allow
2026-09-22 07:08:48 Skipping file/directory /etc/at.allow as it does not exist on this system
2026-09-22 07:08:48 Test: checking file/directory /etc/at.deny
2026-09-22 07:08:48 Skipping file/directory /etc/at.deny as it does not exist on this system
2026-09-22 07:08:48 Test: checking file/directory /etc/cron.allow
2026-09-22 07:08:48 Skipping file/directory /etc/cron.allow as it does not exist on this system
2026-09-22 07:08:48 Test: checking file/directory /etc/cron.deny
2026-09-22 07:08:48 Skipping file/directory /etc/cron.deny as it does not exist on this system
2026-09-22 07:08:48 Test: checking file/directory /etc/crontab
2026-09-22 07:08:48 Test: checking if file /etc/crontab has the permissions set to 600 (rw-------) or more restrictive
2026-09-22 07:08:48 Outcome: permissions of file /etc/crontab are not matching expected value (644 != 600)
2026-09-22 07:08:48 Test: checking file/directory /etc/group
2026-09-22 07:08:48 Test: checking if file /etc/group has the permissions set to 644 (rw-r--r--) or more restrictive
2026-09-22 07:08:48 Outcome: correct permissions (644)
2026-09-22 07:08:48 Test: checking file/directory /etc/group-
2026-09-22 07:08:48 Test: checking if file /etc/group- has the permissions set to 644 (rw-r--r--) or more restrictive
2026-09-22 07:08:48 Outcome: correct permissions (644)
2026-09-22 07:08:48 Test: checking file/directory /etc/hosts.allow
2026-09-22 07:08:48 Test: checking if file /etc/hosts.allow has the permissions set to 644 (rw-r--r--) or more restrictive
2026-09-22 07:08:48 Outcome: correct permissions (644)
2026-09-22 07:08:48 Test: checking file/directory /etc/hosts.deny
2026-09-22 07:08:48 Test: checking if file /etc/hosts.deny has the permissions set to 644 (rw-r--r--) or more restrictive
2026-09-22 07:08:48 Outcome: correct permissions (644)
2026-09-22 07:08:48 Test: checking file/directory /etc/issue
2026-09-22 07:08:48 Test: checking if file /etc/issue has the permissions set to 644 (rw-r--r--) or more restrictive
2026-09-22 07:08:48 Outcome: correct permissions (644)
2026-09-22 07:08:48 Test: checking file/directory /etc/issue.net
2026-09-22 07:08:48 Test: checking if file /etc/issue.net has the permissions set to 644 (rw-r--r--) or more restrictive
2026-09-22 07:08:48 Outcome: correct permissions (644)
2026-09-22 07:08:48 Test: checking file/directory /etc/lilo.conf
2026-09-22 07:08:48 Skipping file/directory /etc/lilo.conf as it does not exist on this system
2026-09-22 07:08:48 Test: checking file/directory /etc/motd
2026-09-22 07:08:48 Skipping file/directory /etc/motd as it does not exist on this system
2026-09-22 07:08:48 Test: checking file/directory /etc/passwd
2026-09-22 07:08:48 Test: checking if file /etc/passwd has the permissions set to 644 (rw-r--r--) or more restrictive
2026-09-22 07:08:48 Outcome: correct permissions (644)
2026-09-22 07:08:48 Test: checking file/directory /etc/passwd-
2026-09-22 07:08:48 Test: checking if file /etc/passwd- has the permissions set to 644 (rw-r--r--) or more restrictive
2026-09-22 07:08:48 Outcome: correct permissions (644)
2026-09-22 07:08:48 Test: checking file/directory /etc/ssh/sshd_config
2026-09-22 07:08:48 Test: checking if file /etc/ssh/sshd_config has the permissions set to 600 (rw-------) or more restrictive
2026-09-22 07:08:48 Outcome: permissions of file /etc/ssh/sshd_config are not matching expected value (644 != 600)
2026-09-22 07:08:48 Test: checking file/directory /etc/hosts.equiv
2026-09-22 07:08:49 Skipping file/directory /etc/hosts.equiv as it does not exist on this system
2026-09-22 07:08:49 Test: checking file/directory /etc/shosts.equiv
2026-09-22 07:08:49 Skipping file/directory /etc/shosts.equiv as it does not exist on this system
2026-09-22 07:08:49 Test: checking file/directory /root/.rhosts
2026-09-22 07:08:49 Skipping file/directory /root/.rhosts as it does not exist on this system
2026-09-22 07:08:49 Test: checking file/directory /root/.rlogin
2026-09-22 07:08:49 Skipping file/directory /root/.rlogin as it does not exist on this system
2026-09-22 07:08:49 Test: checking file/directory /root/.shosts
2026-09-22 07:08:49 Skipping file/directory /root/.shosts as it does not exist on this system
2026-09-22 07:08:49 Test: checking file/directory /root/.ssh
2026-09-22 07:08:49 Test: checking if file /root/.ssh has the permissions set to 700 (rwx------) or more restrictive
2026-09-22 07:08:49 Outcome: correct permissions (700)
2026-09-22 07:08:49 Test: checking file/directory /etc/cron.d
2026-09-22 07:08:49 Test: checking if file /etc/cron.d has the permissions set to 700 (rwx------) or more restrictive
2026-09-22 07:08:49 Outcome: permissions of file /etc/cron.d are not matching expected value (755 != 700)
2026-09-22 07:08:49 Test: checking file/directory /etc/cron.daily
2026-09-22 07:08:49 Test: checking if file /etc/cron.daily has the permissions set to 700 (rwx------) or more restrictive
2026-09-22 07:08:49 Outcome: permissions of file /etc/cron.daily are not matching expected value (755 != 700)
2026-09-22 07:08:49 Test: checking file/directory /etc/cron.hourly
2026-09-22 07:08:49 Test: checking if file /etc/cron.hourly has the permissions set to 700 (rwx------) or more restrictive
2026-09-22 07:08:49 Outcome: permissions of file /etc/cron.hourly are not matching expected value (755 != 700)
2026-09-22 07:08:49 Test: checking file/directory /etc/cron.weekly
2026-09-22 07:08:49 Test: checking if file /etc/cron.weekly has the permissions set to 700 (rwx------) or more restrictive
2026-09-22 07:08:49 Outcome: permissions of file /etc/cron.weekly are not matching expected value (755 != 700)
2026-09-22 07:08:49 Test: checking file/directory /etc/cron.monthly
2026-09-22 07:08:49 Test: checking if file /etc/cron.monthly has the permissions set to 700 (rwx------) or more restrictive
2026-09-22 07:08:49 Outcome: permissions of file /etc/cron.monthly are not matching expected value (755 != 700)
2026-09-22 07:08:49 Suggestion: Consider restricting file permissions [test:FILE-7524] [details:See screen output or log file] [solution:text:Use chmod to change file permissions]
2026-09-22 07:08:49 Security check: file is normal
2026-09-22 07:08:49 Checking permissions of /usr/share/lynis/include/tests_homedirs
2026-09-22 07:08:49 File permissions are OK
2026-09-22 07:08:49 ====
2026-09-22 07:08:49 Action: Performing tests from category: Home directories
2026-09-22 07:08:49 ====
2026-09-22 07:08:49 Performing test ID HOME-9302 (Create list with home directories)
2026-09-22 07:08:49 Test: query /etc/passwd to obtain home directories
2026-09-22 07:08:49 Result: found home directory: / (directory exists)
2026-09-22 07:08:49 Result: found home directory: /bin (directory exists)
2026-09-22 07:08:49 Result: found home directory: /dev (directory exists)
2026-09-22 07:08:49 Result: found home directory: /home/thasina (directory exists)
2026-09-22 07:08:49 Result: found home directory: /nonexistent (directory does not exist)
2026-09-22 07:08:49 Result: found home directory: /root (directory exists)
2026-09-22 07:08:49 Result: found home directory: /run/ircd (directory does not exist)
2026-09-22 07:08:49 Result: found home directory: /run/sshd (directory exists)
2026-09-22 07:08:49 Result: found home directory: /run/uuidd (directory exists)
2026-09-22 07:08:49 Result: found home directory: /usr/games (directory exists)
2026-09-22 07:08:49 Result: found home directory: /usr/lib/dhcpcd (directory exists)
2026-09-22 07:08:49 Result: found home directory: /usr/sbin (directory exists)
2026-09-22 07:08:49 Result: found home directory: /var/backups (directory exists)
2026-09-22 07:08:49 Result: found home directory: /var/cache/man (directory exists)
2026-09-22 07:08:49 Result: found home directory: /var/cache/pollinate (directory exists)
2026-09-22 07:08:49 Result: found home directory: /var/lib/chrony (directory exists)
2026-09-22 07:08:49 Result: found home directory: /var/lib/fwupd (directory exists)
2026-09-22 07:08:49 Result: found home directory: /var/lib/landscape (directory exists)
2026-09-22 07:08:49 Result: found home directory: /var/lib/usbmux (directory does not exist)
2026-09-22 07:08:49 Result: found home directory: /var/list (directory does not exist)
2026-09-22 07:08:49 Result: found home directory: /var/mail (directory exists)
2026-09-22 07:08:49 Result: found home directory: /var/spool/lpd (directory does not exist)
2026-09-22 07:08:49 Result: found home directory: /var/spool/news (directory does not exist)
2026-09-22 07:08:49 Result: found home directory: /var/spool/uucp (directory does not exist)
2026-09-22 07:08:49 Result: found home directory: /var/www (directory does not exist)
2026-09-22 07:08:49 ====
2026-09-22 07:08:49 Performing test ID HOME-9304 (Check if users' home directories permissions are 750 or more restrictive)
2026-09-22 07:08:49 Test: checking directory '/home/thasina' for user 'thasina'
2026-09-22 07:08:49 Result: permissions of home directory /home/thasina of user thasina are fine
2026-09-22 07:08:49 Result: OK, all permissions of the home directories are 750 or more restrictive
2026-09-22 07:08:49 ====
2026-09-22 07:08:49 Performing test ID HOME-9306 (Check if users own their home directories)
2026-09-22 07:08:49 Test: checking directory '/home/thasina' for user 'thasina'
2026-09-22 07:08:49 Result: ownership of home directory /home/thasina for user thasina looks to be correct
2026-09-22 07:08:49 Result: OK, all users own their home directories
2026-09-22 07:08:49 ====
2026-09-22 07:08:49 Performing test ID HOME-9310 (Checking for suspicious shell history files)
2026-09-22 07:08:49 Result: Ok, history files are type 'file'.
2026-09-22 07:08:49 Remark: History files are normally of the type 'file'. Symbolic links and other types are suspicious.
2026-09-22 07:08:50 ====
2026-09-22 07:08:50 Performing test ID HOME-9350 (Collecting information from home directories)
2026-09-22 07:08:50 Result: IGNORE_HOME_DIRS empty, no paths excluded
2026-09-22 07:08:50 Security check: file is normal
2026-09-22 07:08:50 Checking permissions of /usr/share/lynis/include/tests_kernel_hardening
2026-09-22 07:08:50 File permissions are OK
2026-09-22 07:08:50 ====
2026-09-22 07:08:50 Action: Performing tests from category: Kernel Hardening
2026-09-22 07:08:50 ====
2026-09-22 07:08:50 Performing test ID KRNL-6000 (Check sysctl key pairs in scan profile)
2026-09-22 07:08:50 Result: sysctl key dev.tty.ldisc_autoload contains equal expected and current value (0)
2026-09-22 07:08:50 Hardening: assigned maximum number of hardening points for this item (1). Currently having 220 points (out of 315)
2026-09-22 07:08:50 Result: sysctl key fs.protected_fifos has a different value than expected in scan profile. Expected=2, Real=1
2026-09-22 07:08:50 Hardening: assigned partial number of hardening points (0 of 1). Currently having 220 points (out of 316)
2026-09-22 07:08:50 Result: sysctl key fs.protected_hardlinks contains equal expected and current value (1)
2026-09-22 07:08:50 Hardening: assigned maximum number of hardening points for this item (1). Currently having 221 points (out of 317)
2026-09-22 07:08:50 Result: sysctl key fs.protected_regular contains equal expected and current value (2)
2026-09-22 07:08:50 Hardening: assigned maximum number of hardening points for this item (1). Currently having 222 points (out of 318)
2026-09-22 07:08:50 Result: sysctl key fs.protected_symlinks contains equal expected and current value (1)
2026-09-22 07:08:50 Hardening: assigned maximum number of hardening points for this item (1). Currently having 223 points (out of 319)
2026-09-22 07:08:51 Result: sysctl key fs.suid_dumpable has a different value than expected in scan profile. Expected=0, Real=2
2026-09-22 07:08:51 Hardening: assigned partial number of hardening points (0 of 1). Currently having 223 points (out of 320)
2026-09-22 07:08:51 Result: key hw.kbd.keymap_restrict_change does not exist on this machine
2026-09-22 07:08:51 Result: key kern.sugid_coredump does not exist on this machine
2026-09-22 07:08:51 Result: key kernel.core_setuid_ok does not exist on this machine
2026-09-22 07:08:51 Result: sysctl key kernel.core_uses_pid contains equal expected and current value (1)
2026-09-22 07:08:51 Hardening: assigned maximum number of hardening points for this item (1). Currently having 224 points (out of 321)
2026-09-22 07:08:51 Result: sysctl key kernel.ctrl-alt-del contains equal expected and current value (0)
2026-09-22 07:08:51 Hardening: assigned maximum number of hardening points for this item (1). Currently having 225 points (out of 322)
2026-09-22 07:08:51 Result: sysctl key kernel.dmesg_restrict contains equal expected and current value (1)
2026-09-22 07:08:51 Hardening: assigned maximum number of hardening points for this item (1). Currently having 226 points (out of 323)
2026-09-22 07:08:51 Result: key kernel.exec-shield-randomize does not exist on this machine
2026-09-22 07:08:51 Result: key kernel.exec-shield does not exist on this machine
2026-09-22 07:08:51 Result: sysctl key kernel.kptr_restrict has a different value than expected in scan profile. Expected=2, Real=1
2026-09-22 07:08:51 Hardening: assigned partial number of hardening points (0 of 1). Currently having 226 points (out of 324)
2026-09-22 07:08:51 Result: key kernel.maps_protect does not exist on this machine
2026-09-22 07:08:51 Result: sysctl key kernel.modules_disabled has a different value than expected in scan profile. Expected=1, Real=0
2026-09-22 07:08:51 Hardening: assigned partial number of hardening points (0 of 1). Currently having 226 points (out of 325)
2026-09-22 07:08:51 Result: sysctl key kernel.perf_event_paranoid contains equal expected and current value (2 3 4)
2026-09-22 07:08:51 Hardening: assigned maximum number of hardening points for this item (1). Currently having 227 points (out of 326)
2026-09-22 07:08:51 Result: sysctl key kernel.randomize_va_space contains equal expected and current value (2)
2026-09-22 07:08:51 Hardening: assigned maximum number of hardening points for this item (1). Currently having 228 points (out of 327)
2026-09-22 07:08:51 Result: key kernel.suid_dumpable does not exist on this machine
2026-09-22 07:08:51 Result: sysctl key kernel.sysrq has a different value than expected in scan profile. Expected=0, Real=176
2026-09-22 07:08:51 Hardening: assigned partial number of hardening points (0 of 1). Currently having 228 points (out of 328)
2026-09-22 07:08:51 Result: sysctl key kernel.unprivileged_bpf_disabled has a different value than expected in scan profile. Expected=1, Real=2
2026-09-22 07:08:51 Hardening: assigned partial number of hardening points (0 of 1). Currently having 228 points (out of 329)
2026-09-22 07:08:51 Result: key kernel.use-nx does not exist on this machine
2026-09-22 07:08:51 Result: sysctl key kernel.yama.ptrace_scope contains equal expected and current value (1 2 3)
2026-09-22 07:08:51 Hardening: assigned maximum number of hardening points for this item (1). Currently having 229 points (out of 330)
2026-09-22 07:08:51 Result: sysctl key net.core.bpf_jit_harden has a different value than expected in scan profile. Expected=2, Real=0
2026-09-22 07:08:51 Hardening: assigned partial number of hardening points (0 of 1). Currently having 229 points (out of 331)
2026-09-22 07:08:51 Result: key net.inet.icmp.bmcastecho does not exist on this machine
2026-09-22 07:08:51 Result: key net.inet.icmp.drop_redirect does not exist on this machine
2026-09-22 07:08:51 Result: key net.inet.icmp.rediraccept does not exist on this machine
2026-09-22 07:08:51 Result: key net.inet.icmp.timestamp does not exist on this machine
2026-09-22 07:08:51 Result: key net.inet.ip.accept_sourceroute does not exist on this machine
2026-09-22 07:08:51 Result: key net.inet.ip.check_interface does not exist on this machine
2026-09-22 07:08:51 Result: key net.inet.ip.forwarding does not exist on this machine
2026-09-22 07:08:51 Result: key net.inet.ip.linklocal.in.allowbadttl does not exist on this machine
2026-09-22 07:08:52 Result: key net.inet.ip.process_options does not exist on this machine
2026-09-22 07:08:52 Result: key net.inet.ip.random_id does not exist on this machine
2026-09-22 07:08:52 Result: key net.inet.ip.redirect does not exist on this machine
2026-09-22 07:08:52 Result: key net.inet.ip.sourceroute does not exist on this machine
2026-09-22 07:08:52 Result: key net.inet.ip6.redirect does not exist on this machine
2026-09-22 07:08:52 Result: key net.inet.tcp.always_keepalive does not exist on this machine
2026-09-22 07:08:52 Result: key net.inet.tcp.blackhole does not exist on this machine
2026-09-22 07:08:52 Result: key net.inet.tcp.drop_synfin does not exist on this machine
2026-09-22 07:08:52 Result: key net.inet.tcp.icmp_may_rst does not exist on this machine
2026-09-22 07:08:52 Result: key net.inet.tcp.nolocaltimewait does not exist on this machine
2026-09-22 07:08:52 Result: key net.inet.tcp.path_mtu_discovery does not exist on this machine
2026-09-22 07:08:52 Result: key net.inet.udp.blackhole does not exist on this machine
2026-09-22 07:08:52 Result: key net.inet6.icmp6.rediraccept does not exist on this machine
2026-09-22 07:08:52 Result: key net.inet6.ip6.forwarding does not exist on this machine
2026-09-22 07:08:52 Result: key net.inet6.ip6.fw.enable does not exist on this machine
2026-09-22 07:08:52 Result: key net.inet6.ip6.redirect does not exist on this machine
2026-09-22 07:08:52 Result: sysctl key net.ipv4.conf.all.accept_redirects contains equal expected and current value (0)
2026-09-22 07:08:52 Hardening: assigned maximum number of hardening points for this item (1). Currently having 230 points (out of 332)
2026-09-22 07:08:52 Result: sysctl key net.ipv4.conf.all.accept_source_route contains equal expected and current value (0)
2026-09-22 07:08:52 Hardening: assigned maximum number of hardening points for this item (1). Currently having 231 points (out of 333)
2026-09-22 07:08:52 Result: sysctl key net.ipv4.conf.all.bootp_relay contains equal expected and current value (0)
2026-09-22 07:08:52 Hardening: assigned maximum number of hardening points for this item (1). Currently having 232 points (out of 334)
2026-09-22 07:08:52 Result: sysctl key net.ipv4.conf.all.forwarding contains equal expected and current value (0)
2026-09-22 07:08:52 Hardening: assigned maximum number of hardening points for this item (1). Currently having 233 points (out of 335)
2026-09-22 07:08:52 Result: sysctl key net.ipv4.conf.all.log_martians has a different value than expected in scan profile. Expected=1, Real=0
2026-09-22 07:08:52 Hardening: assigned partial number of hardening points (0 of 1). Currently having 233 points (out of 336)
2026-09-22 07:08:52 Result: sysctl key net.ipv4.conf.all.mc_forwarding contains equal expected and current value (0)
2026-09-22 07:08:52 Hardening: assigned maximum number of hardening points for this item (1). Currently having 234 points (out of 337)
2026-09-22 07:08:52 Result: sysctl key net.ipv4.conf.all.proxy_arp contains equal expected and current value (0)
2026-09-22 07:08:52 Hardening: assigned maximum number of hardening points for this item (1). Currently having 235 points (out of 338)
2026-09-22 07:08:52 Result: sysctl key net.ipv4.conf.all.rp_filter has a different value than expected in scan profile. Expected=1, Real=2
2026-09-22 07:08:52 Hardening: assigned partial number of hardening points (0 of 1). Currently having 235 points (out of 339)
2026-09-22 07:08:52 Result: sysctl key net.ipv4.conf.all.send_redirects has a different value than expected in scan profile. Expected=0, Real=1
2026-09-22 07:08:52 Hardening: assigned partial number of hardening points (0 of 1). Currently having 235 points (out of 340)
2026-09-22 07:08:52 Result: sysctl key net.ipv4.conf.default.accept_redirects contains equal expected and current value (0)
2026-09-22 07:08:52 Hardening: assigned maximum number of hardening points for this item (1). Currently having 236 points (out of 341)
2026-09-22 07:08:52 Result: sysctl key net.ipv4.conf.default.accept_source_route contains equal expected and current value (0)
2026-09-22 07:08:52 Hardening: assigned maximum number of hardening points for this item (1). Currently having 237 points (out of 342)
2026-09-22 07:08:53 Result: sysctl key net.ipv4.conf.default.log_martians has a different value than expected in scan profile. Expected=1, Real=0
2026-09-22 07:08:53 Hardening: assigned partial number of hardening points (0 of 1). Currently having 237 points (out of 343)
2026-09-22 07:08:53 Result: sysctl key net.ipv4.icmp_echo_ignore_broadcasts contains equal expected and current value (1)
2026-09-22 07:08:53 Hardening: assigned maximum number of hardening points for this item (1). Currently having 238 points (out of 344)
2026-09-22 07:08:53 Result: sysctl key net.ipv4.icmp_ignore_bogus_error_responses contains equal expected and current value (1)
2026-09-22 07:08:53 Hardening: assigned maximum number of hardening points for this item (1). Currently having 239 points (out of 345)
2026-09-22 07:08:53 Result: sysctl key net.ipv4.tcp_syncookies contains equal expected and current value (1)
2026-09-22 07:08:53 Hardening: assigned maximum number of hardening points for this item (1). Currently having 240 points (out of 346)
2026-09-22 07:08:53 Result: sysctl key net.ipv4.tcp_timestamps contains equal expected and current value (0 1)
2026-09-22 07:08:53 Hardening: assigned maximum number of hardening points for this item (1). Currently having 241 points (out of 347)
2026-09-22 07:08:53 Result: sysctl key net.ipv6.conf.all.accept_redirects contains equal expected and current value (0)
2026-09-22 07:08:53 Hardening: assigned maximum number of hardening points for this item (1). Currently having 242 points (out of 348)
2026-09-22 07:08:53 Result: sysctl key net.ipv6.conf.all.accept_source_route contains equal expected and current value (0)
2026-09-22 07:08:53 Hardening: assigned maximum number of hardening points for this item (1). Currently having 243 points (out of 349)
2026-09-22 07:08:53 Result: key net.ipv6.conf.all.send_redirects does not exist on this machine
2026-09-22 07:08:53 Result: sysctl key net.ipv6.conf.default.accept_redirects contains equal expected and current value (0)
2026-09-22 07:08:53 Hardening: assigned maximum number of hardening points for this item (1). Currently having 244 points (out of 350)
2026-09-22 07:08:53 Result: sysctl key net.ipv6.conf.default.accept_source_route contains equal expected and current value (0)
2026-09-22 07:08:53 Hardening: assigned maximum number of hardening points for this item (1). Currently having 245 points (out of 351)
2026-09-22 07:08:53 Result: key security.bsd.hardlink_check_gid does not exist on this machine
2026-09-22 07:08:53 Result: key security.bsd.hardlink_check_uid does not exist on this machine
2026-09-22 07:08:53 Result: key security.bsd.see_other_gids does not exist on this machine
2026-09-22 07:08:53 Result: key security.bsd.see_other_uids does not exist on this machine
2026-09-22 07:08:53 Result: key security.bsd.stack_guard_page does not exist on this machine
2026-09-22 07:08:53 Result: key security.bsd.unprivileged_proc_debug does not exist on this machine
2026-09-22 07:08:53 Result: key security.bsd.unprivileged_read_msgbuf does not exist on this machine
2026-09-22 07:08:53 Result: found 11 keys that can use tuning, according scan profile
2026-09-22 07:08:53 Suggestion: One or more sysctl values differ from the scan profile and could be tweaked [test:KRNL-6000] [details:] [solution:Change sysctl value or disable test (skip-test=KRNL-6000:<sysctl-key>)]
2026-09-22 07:08:53 Security check: file is normal
2026-09-22 07:08:53 Checking permissions of /usr/share/lynis/include/tests_hardening
2026-09-22 07:08:53 File permissions are OK
2026-09-22 07:08:53 ====
2026-09-22 07:08:53 Action: Performing tests from category: Hardening
2026-09-22 07:08:53 ====
2026-09-22 07:08:53 Performing test ID HRDN-7220 (Check if one or more compilers are installed)
2026-09-22 07:08:53 Test: Check if one or more compilers can be found on the system
2026-09-22 07:08:53 Result: found installed compiler. See top of logfile which compilers have been found or use /usr/bin/grep to filter on 'compiler'
2026-09-22 07:08:53 Hardening: assigned partial number of hardening points (1 of 3). Currently having 246 points (out of 354)
2026-09-22 07:08:53 ====
2026-09-22 07:08:53 Performing test ID HRDN-7222 (Check compiler permissions)
2026-09-22 07:08:53 Test: Check if one or more compilers can be found on the system
2026-09-22 07:08:53 Test: Check file permissions for /usr/bin/as
2026-09-22 07:08:53 Action: checking symlink for file /usr/bin/as
2026-09-22 07:08:53 Note: Using real readlink binary to determine symlink on /usr/bin/as
2026-09-22 07:08:53 Result: readlink shows /usr/bin/x86_64-linux-gnu-as as output
2026-09-22 07:08:53 Result: symlink found, pointing to file /usr/bin/x86_64-linux-gnu-as
2026-09-22 07:08:53 Binary: found /usr/bin/x86_64-linux-gnu-as (world executable)
2026-09-22 07:08:53 Hardening: assigned partial number of hardening points (2 of 3). Currently having 248 points (out of 357)
2026-09-22 07:08:53 Result: at least one compiler could be better hardened by restricting executable access to root or group only
2026-09-22 07:08:53 Suggestion: Harden compilers like restricting access to root user only [test:HRDN-7222] [details:-] [solution:-]
2026-09-22 07:08:53 ====
2026-09-22 07:08:53 Performing test ID HRDN-7230 (Check for malware scanner)
2026-09-22 07:08:54 Test: Check if a malware scanner is installed
2026-09-22 07:08:54 Result: no malware scanner found
2026-09-22 07:08:54 Suggestion: Harden the system by installing at least one malware scanner, to perform periodic file system scans [test:HRDN-7230] [details:-] [solution:Install a tool like rkhunter, chkrootkit, OSSEC, Wazuh]
2026-09-22 07:08:54 Hardening: assigned partial number of hardening points (1 of 3). Currently having 249 points (out of 360)
2026-09-22 07:08:54 Result: no malware scanner found
2026-09-22 07:08:54 ====
2026-09-22 07:08:54 Performing test ID HRDN-7231 (Check for registered non-native binary formats)
2026-09-22 07:08:54 Test: Check for registered non-native binary formats
2026-09-22 07:08:54 Result: found 1 non-native binary formats registered: python3.14 
2026-09-22 07:08:54 ====
2026-09-22 07:08:54 Action: Performing tests from category: Custom tests
2026-09-22 07:08:54 Test: Checking for tests_custom file
2026-09-22 07:08:54 ====
2026-09-22 07:08:54 Action: Performing plugin tests
2026-09-22 07:08:54 Result: Found 1 plugins of which 1 are enabled
2026-09-22 07:08:54 Result: Plugins phase 2 finished
2026-09-22 07:08:54 Checking permissions of /usr/share/lynis/include/report
2026-09-22 07:08:54 File permissions are OK
2026-09-22 07:08:54 Hardening index : [69] [#############       ]
2026-09-22 07:08:54 Hardening strength: System has been hardened, but could use additional hardening
2026-09-22 07:08:54 ====
2026-09-22 07:08:56 Checking permissions of /usr/share/lynis/include/tool_tips
2026-09-22 07:08:56 File permissions are OK
2026-09-22 07:08:56 Tool tips: enabled
2026-09-22 07:08:56 ================================================================================
2026-09-22 07:08:56 Tests performed:     261
2026-09-22 07:08:56 Total tests:         466
2026-09-22 07:08:56 Active plugins:      1
2026-09-22 07:08:56 Total plugins:       1
2026-09-22 07:08:56 ================================================================================
2026-09-22 07:08:56 Lynis 3.1.6
2026-09-22 07:08:56 2007-2025, CISOfy - https://cisofy.com/lynis/
2026-09-22 07:08:56 Enterprise support available (compliance, plugins, interface and tools)
2026-09-22 07:08:56 Program ended successfully
2026-09-22 07:08:56 ================================================================================
2026-09-22 07:08:56 PID file removed (/var/run/lynis.pid)
2026-09-22 07:08:56 Temporary files:  /tmp/lynis.qVKbcVPREm /tmp/lynis.7kYzpCDrmu /tmp/lynis.EwAjzl1YI7 /tmp/lynis.d5xuZ2XiHC /tmp/lynis.dPsHZc4cC9
2026-09-22 07:08:56 Action: removing temporary file /tmp/lynis.qVKbcVPREm
2026-09-22 07:08:56 Info: temporary file /tmp/lynis.7kYzpCDrmu was already removed
2026-09-22 07:08:56 Info: temporary file /tmp/lynis.EwAjzl1YI7 was already removed
2026-09-22 07:08:56 Info: temporary file /tmp/lynis.d5xuZ2XiHC was already removed
2026-09-22 07:08:56 Action: removing temporary file /tmp/lynis.dPsHZc4cC9
2026-09-22 07:08:56 Lynis ended successfully.
